patch_id,latitude,longitude,poverty_score,poverty_class,population_density
18560,4.205282599824219,34.34219241293,0.8470392,severely poor,867.6188354492188
18561,4.205282599824219,34.35052574293,0.86927617,severely poor,1058.7059326171875
34654,3.9469493698242193,41.84218941293,0.85037214,severely poor,1422.6837158203125
34655,3.9469493698242193,41.850522742929996,0.8162875,severely poor,2162.097900390625
34656,3.9469493698242193,41.858856072929996,0.81922823,severely poor,1077.3333740234375
34657,3.9469493698242193,41.867189402929995,0.8151173,severely poor,824.6940307617188
35116,3.938616039824219,40.25052338293,0.9255218,severely poor,822.9193725585938
35231,3.938616039824219,41.20885633293,0.84769565,severely poor,869.9248657226562
35232,3.938616039824219,41.21718966293,0.8211693,severely poor,2753.8564453125
35233,3.938616039824219,41.225522992929996,0.80108756,severely poor,1664.6942138671875
35306,3.938616039824219,41.83385608293,0.8222524,severely poor,1466.3447265625
35307,3.938616039824219,41.84218941293,0.82121634,severely poor,2911.425048828125
35308,3.938616039824219,41.850522742929996,0.7914245,severely poor,4473.1787109375
35309,3.938616039824219,41.858856072929996,0.7929441,severely poor,1884.68603515625
35310,3.938616039824219,41.867189402929995,0.810228,severely poor,922.9176635742188
35887,3.9302827098242195,41.20885633293,0.81786627,severely poor,1919.94287109375
35888,3.9302827098242195,41.21718966293,0.8097232,severely poor,4924.712890625
35889,3.9302827098242195,41.225522992929996,0.7921742,severely poor,3702.230224609375
35890,3.9302827098242195,41.233856322929995,0.80356884,severely poor,943.9146118164062
35956,3.9302827098242195,41.783856102929995,0.8297828,severely poor,1008.845947265625
35957,3.9302827098242195,41.79218943293,0.8216732,severely poor,999.33447265625
35961,3.9302827098242195,41.82552275293,0.8090584,severely poor,1065.7684326171875
35962,3.9302827098242195,41.83385608293,0.8278851,severely poor,4963.34521484375
35963,3.9302827098242195,41.84218941293,0.83120936,severely poor,10000.9580078125
35964,3.9302827098242195,41.850522742929996,0.8088336,severely poor,6548.05859375
35965,3.9302827098242195,41.858856072929996,0.82828873,severely poor,3844.646484375
36545,3.9219493798242193,41.20885633293,0.8103078,severely poor,1354.722900390625
36546,3.9219493798242193,41.21718966293,0.80862087,severely poor,2202.410888671875
36547,3.9219493798242193,41.225522992929996,0.8059111,severely poor,1191.3355712890625
36617,3.9219493798242193,41.80885609293,0.82306063,severely poor,1255.9771728515625
36618,3.9219493798242193,41.81718942293,0.82225466,severely poor,1269.6697998046875
36619,3.9219493798242193,41.82552275293,0.8139177,severely poor,2719.68994140625
36620,3.9219493798242193,41.83385608293,0.822447,severely poor,4249.75732421875
36621,3.9219493798242193,41.84218941293,0.81197274,severely poor,6803.1328125
36622,3.9219493798242193,41.850522742929996,0.8265884,severely poor,5643.0087890625
37206,3.9136160498242196,41.21718966293,0.8101608,severely poor,918.5994262695312
37278,3.9136160498242196,41.81718942293,0.81577784,severely poor,823.96826171875
37279,3.9136160498242196,41.82552275293,0.81710494,severely poor,1331.790283203125
37280,3.9136160498242196,41.83385608293,0.82065403,severely poor,3767.03564453125
37281,3.9136160498242196,41.84218941293,0.82423234,severely poor,5285.33203125
37282,3.9136160498242196,41.850522742929996,0.81265146,severely poor,3703.29248046875
37946,3.9052827198242195,41.84218941293,0.823899,severely poor,1202.2845458984375
39772,3.8802827298242195,40.29219003293,0.87891394,severely poor,872.5803833007812
40435,3.8719493998242194,40.29219003293,0.8829133,severely poor,853.1331176757812
50110,3.7469494498242195,34.81719222293,0.93782836,severely poor,832.0681762695312
50781,3.7386161198242194,34.83385888293,0.92963827,severely poor,972.7145385742188
50782,3.7386161198242194,34.84219221293,0.92751384,severely poor,834.7618408203125
51449,3.7302827898242192,34.83385888293,0.92763484,severely poor,1070.1656494140625
51450,3.7302827898242192,34.84219221293,0.9238312,severely poor,1220.09033203125
52117,3.7219494598242195,34.83385888293,0.924409,severely poor,1140.25341796875
52118,3.7219494598242195,34.84219221293,0.9224057,severely poor,1501.2008056640625
52119,3.7219494598242195,34.85052554293,0.9175222,severely poor,1278.7191162109375
52120,3.7219494598242195,34.85885887293,0.92416286,severely poor,968.3605346679688
52784,3.7136161298242194,34.83385888293,0.9210169,severely poor,871.842529296875
52785,3.7136161298242194,34.84219221293,0.90701926,severely poor,1369.2369384765625
52786,3.7136161298242194,34.85052554293,0.8768494,severely poor,1947.8316650390625
52787,3.7136161298242194,34.85885887293,0.9157793,severely poor,1770.5758056640625
52788,3.7136161298242194,34.86719220293,0.92721874,severely poor,1177.6522216796875
53451,3.7052827998242197,34.84219221293,0.91768235,severely poor,854.4863891601562
53452,3.7052827998242197,34.85052554293,0.915158,severely poor,1373.128662109375
53453,3.7052827998242197,34.85885887293,0.92310095,severely poor,1360.528564453125
53454,3.7052827998242197,34.86719220293,0.9267223,severely poor,1295.389404296875
69574,3.5219495398242193,39.04219053293,0.8037478,severely poor,1148.3701171875
69575,3.5219495398242193,39.05052386293,0.79585034,severely poor,3652.998779296875
69576,3.5219495398242193,39.05885719293,0.8039418,severely poor,5146.13623046875
69577,3.5219495398242193,39.06719052293,0.80920094,severely poor,3460.181640625
69578,3.5219495398242193,39.07552385293,0.8285337,severely poor,1239.713623046875
70372,3.513616209824219,39.05052386293,0.8187032,severely poor,3639.404296875
70373,3.513616209824219,39.05885719293,0.8206294,severely poor,3305.513671875
70374,3.513616209824219,39.06719052293,0.8256738,severely poor,2178.12255859375
70375,3.513616209824219,39.07552385293,0.8240263,severely poor,1584.52197265625
71172,3.5052828798242195,39.04219053293,0.83852124,severely poor,1884.179443359375
71173,3.5052828798242195,39.05052386293,0.82997686,severely poor,4255.55078125
71174,3.5052828798242195,39.05885719293,0.82022727,severely poor,2602.335205078125
71175,3.5052828798242195,39.06719052293,0.8253414,severely poor,1445.890869140625
71176,3.5052828798242195,39.07552385293,0.82770157,severely poor,1096.8634033203125
71979,3.4969495498242193,39.05052386293,0.8387872,severely poor,1704.9520263671875
71980,3.4969495498242193,39.05885719293,0.831089,severely poor,1010.2902221679688
72792,3.4886162198242197,39.05885719293,0.8511739,severely poor,1011.6233520507812
79594,3.4219495798242194,39.875523532929996,0.8868868,severely poor,803.0205688476562
81335,3.405282919824219,40.20885673293,0.8784435,severely poor,1486.3984375
81336,3.405282919824219,40.21719006293,0.8658708,severely poor,1876.8955078125
81337,3.405282919824219,40.22552339293,0.8606241,severely poor,1359.360595703125
82186,3.3969495898242195,40.20885673293,0.8753918,severely poor,1409.9974365234375
82187,3.3969495898242195,40.21719006293,0.8712898,severely poor,2777.42236328125
82188,3.3969495898242195,40.22552339293,0.84158707,severely poor,4625.8330078125
83038,3.3886162598242193,40.21719006293,0.8748499,severely poor,1458.51416015625
83039,3.3886162598242193,40.22552339293,0.87057644,severely poor,2025.3470458984375
83040,3.3886162598242193,40.23385672293,0.87033695,severely poor,1789.0562744140625
83792,3.3802829298242196,39.41719038293,0.8848687,severely poor,962.5807495117188
83793,3.3802829298242196,39.42552371293,0.8946038,severely poor,886.912109375
83889,3.3802829298242196,40.22552339293,0.88016886,severely poor,1491.1357421875
83890,3.3802829298242196,40.23385672293,0.87517816,severely poor,1632.011962890625
84638,3.3719495998242195,39.40052372293,0.88232785,severely poor,961.9468994140625
84639,3.3719495998242195,39.40885705293,0.8804396,severely poor,921.8057250976562
84640,3.3719495998242195,39.41719038293,0.87824297,severely poor,1900.33740234375
84641,3.3719495998242195,39.42552371293,0.8862394,severely poor,1329.181640625
84736,3.3719495998242195,40.21719006293,0.86841047,severely poor,960.3760986328125
85487,3.3636162698242194,39.40885705293,0.8809158,severely poor,1128.856689453125
85488,3.3636162698242194,39.41719038293,0.87589115,severely poor,2194.74169921875
86334,3.355282939824219,39.41719038293,0.88084865,severely poor,1358.363525390625
88065,3.3386162798242194,39.76719024293,0.88602424,severely poor,806.1229248046875
103222,3.1886163398242195,40.86718980293,0.83146244,severely poor,1192.2762451171875
104048,3.1802830098242194,40.86718980293,0.8276087,severely poor,1201.2769775390625
108318,3.1302830298242195,35.57552525293,0.8945088,severely poor,1028.3175048828125
108319,3.1302830298242195,35.58385858293,0.8896191,severely poor,1264.8935546875
108320,3.1302830298242195,35.59219191293,0.8852864,severely poor,1016.678955078125
109127,3.1219496998242193,35.57552525293,0.89003503,severely poor,2132.497802734375
109128,3.1219496998242193,35.58385858293,0.8879662,severely poor,2208.57080078125
109129,3.1219496998242193,35.59219191293,0.85346186,severely poor,2028.5450439453125
109130,3.1219496998242193,35.60052524293,0.88314074,severely poor,1143.8336181640625
109131,3.1219496998242193,35.60885857293,0.8914126,severely poor,830.2139282226562
109936,3.1136163698242196,35.57552525293,0.8892179,severely poor,1331.179443359375
109937,3.1136163698242196,35.58385858293,0.8971327,severely poor,1307.7216796875
109938,3.1136163698242196,35.59219191293,0.88684237,severely poor,1406.8642578125
109939,3.1136163698242196,35.60052524293,0.88733166,severely poor,834.642333984375
109940,3.1136163698242196,35.60885857293,0.88467056,severely poor,835.04052734375
109941,3.1136163698242196,35.61719190293,0.8901913,severely poor,816.0883178710938
110743,3.1052830398242195,35.58385858293,0.88333863,severely poor,852.13525390625
110744,3.1052830398242195,35.59219191293,0.8856803,severely poor,2242.739013671875
110745,3.1052830398242195,35.60052524293,0.8799772,severely poor,3121.614013671875
110746,3.1052830398242195,35.60885857293,0.8827138,severely poor,1550.3143310546875
110747,3.1052830398242195,35.61719190293,0.879577,severely poor,938.8943481445312
111548,3.0969497098242194,35.59219191293,0.87508297,severely poor,1203.3515625
111549,3.0969497098242194,35.60052524293,0.8808412,severely poor,1661.90283203125
111550,3.0969497098242194,35.60885857293,0.88008577,severely poor,931.339111328125
137942,2.821949819824219,40.917189782929995,0.78651166,severely poor,1458.3997802734375
137943,2.821949819824219,40.92552311293,0.7727224,severely poor,2471.878173828125
137944,2.821949819824219,40.93385644293,0.79352236,severely poor,1235.722412109375
138687,2.8136164898242195,40.908856452929996,0.7878459,severely poor,1013.3125
138688,2.8136164898242195,40.917189782929995,0.78238326,severely poor,2408.91552734375
138689,2.8136164898242195,40.92552311293,0.7486572,severely poor,3122.2705078125
138690,2.8136164898242195,40.93385644293,0.7747296,severely poor,3398.249755859375
138691,2.8136164898242195,40.94218977293,0.79195094,severely poor,1273.597900390625
139433,2.8052831598242194,40.908856452929996,0.7930718,severely poor,970.2825927734375
139434,2.8052831598242194,40.917189782929995,0.8014371,severely poor,2353.04736328125
139435,2.8052831598242194,40.92552311293,0.78555536,severely poor,3519.936279296875
139436,2.8052831598242194,40.93385644293,0.7790094,severely poor,3179.130615234375
139437,2.8052831598242194,40.94218977293,0.7895327,severely poor,1635.7694091796875
139438,2.8052831598242194,40.95052310293,0.79400504,severely poor,1799.2236328125
139439,2.8052831598242194,40.95885643293,0.7998054,severely poor,1011.3059692382812
140180,2.7969498298242192,40.917189782929995,0.7961546,severely poor,1119.4525146484375
140181,2.7969498298242192,40.92552311293,0.79646015,severely poor,2074.57568359375
140182,2.7969498298242192,40.93385644293,0.7695445,severely poor,2303.185546875
140183,2.7969498298242192,40.94218977293,0.795713,severely poor,1799.0081787109375
140184,2.7969498298242192,40.95052310293,0.80303216,severely poor,1871.594482421875
140185,2.7969498298242192,40.95885643293,0.80856454,severely poor,908.5397338867188
140928,2.7886164998242196,40.93385644293,0.78621817,severely poor,1232.62841796875
140929,2.7886164998242196,40.94218977293,0.79631585,severely poor,1070.913330078125
141674,2.7802831698242194,40.93385644293,0.78439504,severely poor,943.760986328125
171119,2.4469499698242196,40.65052322293,0.8298426,severely poor,834.0931396484375
175618,2.3886166598242196,35.64219189293,0.8260599,severely poor,1306.8590087890625
176347,2.3802833298242194,35.64219189293,0.82686806,severely poor,853.5551147460938
178448,2.3552833398242194,34.94219217293,0.8897918,severely poor,1420.2236328125
180268,2.3386166798242196,37.97552429293,0.74276936,severely poor,929.9844970703125
180269,2.3386166798242196,37.98385762293,0.7316239,severely poor,1307.85791015625
180270,2.3386166798242196,37.99219095293,0.73284274,severely poor,1783.4698486328125
180997,2.3302833498242195,37.98385762293,0.71316284,severely poor,3038.420654296875
180998,2.3302833498242195,37.99219095293,0.74176216,severely poor,3767.462890625
181725,2.3219500198242193,37.98385762293,0.7490403,severely poor,2760.21142578125
181726,2.3219500198242193,37.99219095293,0.7530994,severely poor,2913.551025390625
227735,1.7886168998242193,36.79219143293,0.6589005,severely poor,1087.706298828125
228255,1.7802835698242196,35.15052542293,0.80801415,severely poor,1131.157470703125
228451,1.7802835698242196,36.78385810293,0.67234963,severely poor,2055.588623046875
228452,1.7802835698242196,36.79219143293,0.6655575,severely poor,1798.3316650390625
228973,1.7719502398242195,35.15052542293,0.8066853,severely poor,1042.7193603515625
229170,1.7719502398242195,36.79219143293,0.67492396,severely poor,914.7122802734375
229562,1.7719502398242195,40.05885679293,0.7381505,severely poor,914.0752563476562
230275,1.7636169098242194,40.01719014293,0.7254016,severely poor,814.6028442382812
230278,1.7636169098242194,40.04219013293,0.7201425,severely poor,1114.2095947265625
230279,1.7636169098242194,40.05052346293,0.72985214,severely poor,1973.93017578125
230280,1.7636169098242194,40.05885679293,0.72684866,severely poor,2108.29150390625
230281,1.7636169098242194,40.06719012293,0.73676604,severely poor,1003.8638305664062
230993,1.7552835798242192,40.01719014293,0.73461545,severely poor,1006.3660278320312
230995,1.7552835798242192,40.033856802929996,0.71591866,severely poor,1662.654052734375
230996,1.7552835798242192,40.04219013293,0.69904834,severely poor,2325.5380859375
230997,1.7552835798242192,40.05052346293,0.6278149,severely poor,2900.458740234375
230998,1.7552835798242192,40.05885679293,0.65636975,severely poor,3222.284912109375
230999,1.7552835798242192,40.06719012293,0.68252164,severely poor,1695.25146484375
231713,1.7469502498242195,40.033856802929996,0.71383524,severely poor,3039.080322265625
231714,1.7469502498242195,40.04219013293,0.71115506,severely poor,5250.1787109375
231715,1.7469502498242195,40.05052346293,0.6261147,severely poor,4045.35888671875
231716,1.7469502498242195,40.05885679293,0.6465907,severely poor,3867.821044921875
231717,1.7469502498242195,40.06719012293,0.71729547,severely poor,1899.26953125
231718,1.7469502498242195,40.07552345293,0.7319545,severely poor,1634.2872314453125
231719,1.7469502498242195,40.08385678293,0.73338443,severely poor,1054.3433837890625
232429,1.7386169198242194,40.01719014293,0.7215733,severely poor,810.963623046875
232430,1.7386169198242194,40.02552347293,0.7062838,severely poor,1224.0621337890625
232431,1.7386169198242194,40.033856802929996,0.7014088,severely poor,3146.773193359375
232432,1.7386169198242194,40.04219013293,0.72324926,severely poor,2800.175048828125
232433,1.7386169198242194,40.05052346293,0.71350646,severely poor,3079.6279296875
232434,1.7386169198242194,40.05885679293,0.70271367,severely poor,2292.63720703125
232435,1.7386169198242194,40.06719012293,0.72923917,severely poor,932.2433471679688
232436,1.7386169198242194,40.07552345293,0.738183,severely poor,862.3872680664062
232437,1.7386169198242194,40.08385678293,0.74377763,severely poor,826.8886108398438
233148,1.7302835898242193,40.02552347293,0.7267761,severely poor,804.7374877929688
233149,1.7302835898242193,40.033856802929996,0.70745957,severely poor,1436.1983642578125
233150,1.7302835898242193,40.04219013293,0.71337634,severely poor,1803.58154296875
233151,1.7302835898242193,40.05052346293,0.72491974,severely poor,938.0826416015625
233868,1.7219502598242196,40.033856802929996,0.718532,severely poor,943.4044799804688
233869,1.7219502598242196,40.04219013293,0.7149819,severely poor,1454.3165283203125
253617,1.4886170198242192,35.00885881293,0.6857247,severely poor,1109.6204833984375
254354,1.4802836898242195,35.00885881293,0.6987585,severely poor,2484.808837890625
259592,1.4219503798242195,35.41719198293,0.8024949,severely poor,803.8160400390625
269226,1.3136170898242194,35.20052540293,0.5719678,severely poor,806.5997314453125
269966,1.3052837598242193,35.20052540293,0.5807519,severely poor,998.846435546875
273654,1.2636171098242195,35.08385878293,0.4822532,poor,1084.68310546875
273655,1.2636171098242195,35.09219211293,0.4645842,poor,2436.218017578125
273656,1.2636171098242195,35.10052544293,0.49403206,poor,1212.8682861328125
274396,1.2552837798242193,35.08385878293,0.48967364,poor,2060.197265625
274397,1.2552837798242193,35.09219211293,0.48435375,poor,3629.8193359375
274398,1.2552837798242193,35.10052544293,0.49436915,poor,2027.442626953125
274399,1.2552837798242193,35.10885877293,0.4750568,poor,2402.909423828125
274400,1.2552837798242193,35.11719210293,0.48267362,poor,1026.78515625
274462,1.2552837798242193,35.63385856293,0.6926544,severely poor,889.2435302734375
275138,1.2469504498242197,35.08385878293,0.50239664,severely poor,889.6209106445312
275139,1.2469504498242197,35.09219211293,0.5057213,severely poor,965.8157958984375
275141,1.2469504498242197,35.10885877293,0.48748457,poor,897.0606079101562
275142,1.2469504498242197,35.11719210293,0.48445305,poor,922.8372802734375
275887,1.2386171198242195,35.13385876293,0.4826944,poor,854.0614013671875
278107,1.2136171298242195,34.90052552293,0.5636089,severely poor,905.9680786132812
278112,1.2136171298242195,34.94219217293,0.5447138,severely poor,874.4625854492188
281936,1.1719504798242193,35.10885877293,0.5606962,severely poor,1049.10009765625
282689,1.1636171498242196,35.00052548293,0.46163008,poor,970.6123046875
282702,1.1636171498242196,35.10885877293,0.57268506,severely poor,985.5328979492188
287283,1.1136171698242197,34.78385890293,0.52981174,severely poor,1049.9158935546875
287286,1.1136171698242197,34.80885889293,0.54122716,severely poor,922.39453125
288289,1.1052838398242195,36.69219147293,0.5952323,severely poor,1525.2379150390625
288290,1.1052838398242195,36.70052480293,0.6022952,severely poor,1367.2178955078125
288836,1.0969505098242194,34.76719224293,0.49862155,poor,1021.1907348632812
288873,1.0969505098242194,35.07552545293,0.42221364,poor,1003.4303588867188
288877,1.0969505098242194,35.10885877293,0.4845259,poor,801.99365234375
289067,1.0969505098242194,36.69219147293,0.59736276,severely poor,2078.8427734375
289068,1.0969505098242194,36.70052480293,0.6124386,severely poor,2672.465576171875
289069,1.0969505098242194,36.70885813293,0.6196784,severely poor,909.4117431640625
289845,1.0886171798242197,36.69219147293,0.62925744,severely poor,1330.8330078125
289846,1.0886171798242197,36.70052480293,0.6271672,severely poor,2417.88037109375
290625,1.0802838498242195,36.70052480293,0.63834596,severely poor,1692.221923828125
291230,1.0719505198242194,35.25052538293,0.52555794,severely poor,818.1773681640625
291977,1.0636171898242193,34.98385882293,0.41897973,poor,1048.9512939453125
291978,1.0636171898242193,34.99219215293,0.40894225,poor,1116.803466796875
292748,1.0552838598242196,34.91719218293,0.42993245,poor,867.767333984375
292749,1.0552838598242196,34.92552551293,0.4346542,poor,1185.7841796875
292753,1.0552838598242196,34.95885883293,0.4303219,poor,821.813720703125
292754,1.0552838598242196,34.96719216293,0.42655548,poor,1098.5927734375
292755,1.0552838598242196,34.97552549293,0.4202106,poor,1160.616455078125
292756,1.0552838598242196,34.98385882293,0.40807962,poor,1909.000244140625
292757,1.0552838598242196,34.99219215293,0.41949221,poor,1158.4425048828125
292964,1.0552838598242196,36.717191462929996,0.63771623,severely poor,822.5133056640625
293534,1.0469505298242194,34.96719216293,0.40297726,poor,1166.9940185546875
293535,1.0469505298242194,34.97552549293,0.39125508,poor,2871.581298828125
293536,1.0469505298242194,34.98385882293,0.3885014,poor,2928.092529296875
293537,1.0469505298242194,34.99219215293,0.3976098,poor,1545.0283203125
293538,1.0469505298242194,35.00052548293,0.40487698,poor,922.66455078125
293576,1.0469505298242194,35.31719202293,0.64280045,severely poor,1069.4080810546875
294314,1.0386171998242193,34.96719216293,0.4199584,poor,1946.1470947265625
294315,1.0386171998242193,34.97552549293,0.3499763,poor,6748.6123046875
294316,1.0386171998242193,34.98385882293,0.28813776,vulnerable,10783.1064453125
294317,1.0386171998242193,34.99219215293,0.37100768,poor,3380.76806640625
294318,1.0386171998242193,35.00052548293,0.38981113,poor,1301.658447265625
294320,1.0386171998242193,35.01719214293,0.39877972,poor,918.64208984375
294321,1.0386171998242193,35.02552547293,0.3821605,poor,1109.706298828125
294356,1.0386171998242193,35.31719202293,0.62158513,severely poor,1351.01025390625
295094,1.0302838698242196,34.96719216293,0.42745072,poor,1711.896484375
295095,1.0302838698242196,34.97552549293,0.35627505,poor,5836.9130859375
295096,1.0302838698242196,34.98385882293,0.29711786,vulnerable,19703.91796875
295097,1.0302838698242196,34.99219215293,0.33942202,poor,7839.1630859375
295098,1.0302838698242196,35.00052548293,0.33651477,poor,2083.184814453125
295099,1.0302838698242196,35.00885881293,0.3779133,poor,2439.69580078125
295100,1.0302838698242196,35.01719214293,0.3876137,poor,1299.6343994140625
295101,1.0302838698242196,35.02552547293,0.3745503,poor,1876.10791015625
295102,1.0302838698242196,35.03385880293,0.4002661,poor,1129.4454345703125
295103,1.0302838698242196,35.04219213293,0.40895915,poor,810.1204223632812
295108,1.0302838698242196,35.08385878293,0.40319815,poor,806.6480102539062
295112,1.0302838698242196,35.11719210293,0.411202,poor,2071.9970703125
295113,1.0302838698242196,35.12552543293,0.42222685,poor,807.069580078125
295874,1.0219505398242195,34.96719216293,0.4279753,poor,1383.9417724609375
295875,1.0219505398242195,34.97552549293,0.3776518,poor,4659.9345703125
295876,1.0219505398242195,34.98385882293,0.35306117,poor,4699.81982421875
295877,1.0219505398242195,34.99219215293,0.30932605,vulnerable,3633.78955078125
295878,1.0219505398242195,35.00052548293,0.33766258,poor,4247.134765625
295879,1.0219505398242195,35.00885881293,0.37984702,poor,1753.5494384765625
295880,1.0219505398242195,35.01719214293,0.38348442,poor,1427.0189208984375
295881,1.0219505398242195,35.02552547293,0.37333643,poor,2084.94921875
295882,1.0219505398242195,35.03385880293,0.39895177,poor,1127.2188720703125
295883,1.0219505398242195,35.04219213293,0.39993554,poor,1086.2086181640625
295892,1.0219505398242195,35.11719210293,0.41848063,poor,819.5056762695312
296415,1.0219505398242195,39.47552369293,0.781226,severely poor,801.10400390625
296417,1.0219505398242195,39.492190352929995,0.7690928,severely poor,826.2888793945312
296654,1.0136172098242193,34.96719216293,0.4311629,poor,1056.674560546875
296655,1.0136172098242193,34.97552549293,0.4118908,poor,2133.180419921875
296656,1.0136172098242193,34.98385882293,0.3974689,poor,2853.750732421875
296657,1.0136172098242193,34.99219215293,0.38668084,poor,1760.1944580078125
296658,1.0136172098242193,35.00052548293,0.36094463,poor,2812.394287109375
296659,1.0136172098242193,35.00885881293,0.37163666,poor,1780.5694580078125
296660,1.0136172098242193,35.01719214293,0.39634573,poor,884.5064697265625
296661,1.0136172098242193,35.02552547293,0.396616,poor,949.3593139648438
296662,1.0136172098242193,35.03385880293,0.39730823,poor,1398.8311767578125
296663,1.0136172098242193,35.04219213293,0.39774308,poor,952.2048950195312
297195,1.0136172098242193,39.47552369293,0.7863088,severely poor,875.631103515625
297196,1.0136172098242193,39.483857022929996,0.7718832,severely poor,1216.44384765625
297197,1.0136172098242193,39.492190352929995,0.7534988,severely poor,2488.545166015625
297433,1.0052838798242192,34.95885883293,0.42770132,poor,886.8849487304688
297435,1.0052838798242192,34.97552549293,0.41862544,poor,856.67333984375
297439,1.0052838798242192,35.00885881293,0.3553981,poor,1149.932861328125
297442,1.0052838798242192,35.03385880293,0.39811036,poor,819.599853515625
297455,1.0052838798242192,35.14219209293,0.43429634,poor,803.1231079101562
297977,1.0052838798242192,39.492190352929995,0.7745882,severely poor,1293.2269287109375
298213,0.996950549824219,34.95052550293,0.42029706,poor,1192.8790283203125
298214,0.996950549824219,34.95885883293,0.41286424,poor,1170.3011474609375
298220,0.996950549824219,35.00885881293,0.38342422,poor,919.9549560546875
298221,0.996950549824219,35.01719214293,0.38732392,poor,1232.8272705078125
298222,0.996950549824219,35.02552547293,0.39601752,poor,1035.9534912109375
299001,0.9886172198242198,35.00885881293,0.38643503,poor,975.5390625
299002,0.9886172198242198,35.01719214293,0.38218048,poor,1406.9835205078125
299003,0.9886172198242198,35.02552547293,0.38028887,poor,1514.1939697265625
299004,0.9886172198242198,35.03385880293,0.38899314,poor,815.8505859375
299015,0.9886172198242198,35.12552543293,0.3962264,poor,850.6051025390625
299779,0.9802838898242197,34.98385882293,0.40520456,poor,845.1473999023438
299784,0.9802838898242197,35.02552547293,0.3868008,poor,1285.6724853515625
299785,0.9802838898242197,35.03385880293,0.38566115,poor,1096.789794921875
299786,0.9802838898242197,35.04219213293,0.38902703,poor,1118.794189453125
299787,0.9802838898242197,35.05052546293,0.39312616,poor,1042.58984375
300059,0.9802838898242197,37.31719122293,0.6484389,severely poor,1810.30712890625
300560,0.9719505598242195,34.98385882293,0.40627497,poor,881.489990234375
300565,0.9719505598242195,35.02552547293,0.40205038,poor,942.6749267578125
300566,0.9719505598242195,35.03385880293,0.39930117,poor,836.1052856445312
300568,0.9719505598242195,35.05052546293,0.38575283,poor,1137.928466796875
302132,0.9552838998242192,35.05885879293,0.3756086,poor,805.4730834960938
303661,0.9386172398242199,34.76719224293,0.5700414,severely poor,851.4051513671875
303669,0.9386172398242199,34.83385888293,0.45116553,poor,879.1870727539062
303670,0.9386172398242199,34.84219221293,0.45212322,poor,831.5618286132812
305266,0.9219505798242196,35.10052544293,0.38403863,poor,947.6022338867188
306008,0.9136172498242194,34.75885891293,0.57654846,severely poor,885.66552734375
306019,0.9136172498242194,34.85052554293,0.4410525,poor,1307.515625
306020,0.9136172498242194,34.85885887293,0.44690052,poor,921.8839721679688
306021,0.9136172498242194,34.86719220293,0.44876695,poor,866.13427734375
306050,0.9136172498242194,35.10885877293,0.381396,poor,941.8048706054688
306796,0.9052839198242193,34.79219223293,0.5378446,severely poor,858.68798828125
306803,0.9052839198242193,34.85052554293,0.43135282,poor,1001.1488647460938
306810,0.9052839198242193,34.90885885293,0.41768986,poor,985.1143798828125
306811,0.9052839198242193,34.91719218293,0.41533384,poor,1316.5013427734375
306812,0.9052839198242193,34.92552551293,0.42283294,poor,1319.566650390625
307594,0.8969505898242192,34.90885885293,0.41411993,poor,1195.0078125
307595,0.8969505898242192,34.91719218293,0.3872235,poor,2935.165283203125
307596,0.8969505898242192,34.92552551293,0.39207423,poor,2767.86181640625
307597,0.8969505898242192,34.93385884293,0.42234528,poor,959.2420654296875
307618,0.8969505898242192,35.10885877293,0.3730548,poor,1244.777099609375
308379,0.8886172598242199,34.90885885293,0.42503855,poor,1008.8203125
308380,0.8886172598242199,34.91719218293,0.41429505,poor,1481.3011474609375
308381,0.8886172598242199,34.92552551293,0.40427038,poor,1731.546142578125
308403,0.8886172598242199,35.10885877293,0.36766666,poor,1667.5015869140625
308404,0.8886172598242199,35.11719210293,0.36866325,poor,1859.541259765625
308405,0.8886172598242199,35.12552543293,0.37987712,poor,1142.9281005859375
309161,0.8802839298242198,34.88385886293,0.464467,poor,1096.5743408203125
309162,0.8802839298242198,34.89219219293,0.4407644,poor,1045.4781494140625
309188,0.8802839298242198,35.10885877293,0.3395209,poor,1496.9615478515625
309189,0.8802839298242198,35.11719210293,0.31540358,vulnerable,4353.90576171875
309190,0.8802839298242198,35.12552543293,0.37790358,poor,1836.8819580078125
309930,0.8719505998242196,34.74219225293,0.52970165,severely poor,877.2547607421875
309947,0.8719505998242196,34.88385886293,0.46201983,poor,883.8190307617188
309974,0.8719505998242196,35.10885877293,0.37326357,poor,1417.93603515625
309975,0.8719505998242196,35.11719210293,0.36608794,poor,3132.486572265625
309976,0.8719505998242196,35.12552543293,0.39174056,poor,1911.9461669921875
309977,0.8719505998242196,35.13385876293,0.39802453,poor,887.2162475585938
310760,0.8636172698242195,35.10885877293,0.37594104,poor,1209.693603515625
310761,0.8636172698242195,35.11719210293,0.38133362,poor,1364.8878173828125
310762,0.8636172698242195,35.12552543293,0.39437163,poor,1211.3863525390625
311466,0.8552839398242194,34.42552571293,0.59559685,severely poor,839.7234497070312
311517,0.8552839398242194,34.85052554293,0.4113646,poor,807.2080078125
311518,0.8552839398242194,34.85885887293,0.40103236,poor,975.2293090820312
311549,0.8552839398242194,35.11719210293,0.37746647,poor,844.2464599609375
311550,0.8552839398242194,35.12552543293,0.3912669,poor,891.5601196289062
312288,0.8469506098242192,34.70052560293,0.43465295,poor,896.7312622070312
312289,0.8469506098242192,34.70885893293,0.4088577,poor,1284.7388916015625
312290,0.8469506098242192,34.71719226293,0.43462893,poor,1274.5262451171875
312334,0.8469506098242192,35.08385878293,0.3784307,poor,905.8563232421875
312338,0.8469506098242192,35.11719210293,0.37342924,poor,1403.994873046875
312339,0.8469506098242192,35.12552543293,0.3892398,poor,1111.1973876953125
312340,0.8469506098242192,35.13385876293,0.38758388,poor,1188.52734375
312341,0.8469506098242192,35.14219209293,0.4037756,poor,817.5036010742188
312354,0.8469506098242192,35.25052538293,0.38531142,poor,816.8829345703125
313047,0.8386172798242191,34.45052570293,0.5979209,severely poor,805.7382202148438
313077,0.8386172798242191,34.70052560293,0.4395255,poor,863.6736450195312
313078,0.8386172798242191,34.70885893293,0.42816478,poor,1017.0281372070312
313079,0.8386172798242191,34.71719226293,0.42501417,poor,945.8737182617188
313096,0.8386172798242191,34.85885887293,0.3868467,poor,1060.71240234375
313097,0.8386172798242191,34.86719220293,0.39806712,poor,1094.9781494140625
313123,0.8386172798242191,35.08385878293,0.36714602,poor,1157.83056640625
313124,0.8386172798242191,35.09219211293,0.37775132,poor,834.029541015625
313125,0.8386172798242191,35.10052544293,0.3744209,poor,966.0833740234375
313126,0.8386172798242191,35.10885877293,0.36709672,poor,1514.950927734375
313127,0.8386172798242191,35.11719210293,0.3731671,poor,1695.433349609375
313128,0.8386172798242191,35.12552543293,0.37921435,poor,1349.2845458984375
313129,0.8386172798242191,35.13385876293,0.3752002,poor,939.28662109375
313836,0.8302839498242198,34.45052570293,0.5749464,severely poor,819.35205078125
313853,0.8302839498242198,34.59219231293,0.6041799,severely poor,835.0958862304688
313858,0.8302839498242198,34.63385896293,0.56266814,severely poor,934.9697875976562
313912,0.8302839498242198,35.08385878293,0.38320225,poor,863.9639892578125
313913,0.8302839498242198,35.09219211293,0.38102874,poor,805.1807250976562
313914,0.8302839498242198,35.10052544293,0.37665105,poor,924.44873046875
313915,0.8302839498242198,35.10885877293,0.3595577,poor,1311.4420166015625
313916,0.8302839498242198,35.11719210293,0.34421343,poor,3732.5498046875
313917,0.8302839498242198,35.12552543293,0.3659793,poor,2005.034912109375
313918,0.8302839498242198,35.13385876293,0.3698021,poor,960.69384765625
314624,0.8219506198242197,34.44219237293,0.5502232,severely poor,908.4176635742188
314625,0.8219506198242197,34.45052570293,0.5465435,severely poor,967.7401733398438
314626,0.8219506198242197,34.45885903293,0.55691874,severely poor,957.6881103515625
314627,0.8219506198242197,34.46719236293,0.56712854,severely poor,936.0628051757812
314633,0.8219506198242197,34.51719234293,0.56638443,severely poor,1030.5999755859375
314641,0.8219506198242197,34.58385898293,0.58708316,severely poor,854.0475463867188
314642,0.8219506198242197,34.59219231293,0.57796955,severely poor,1263.661376953125
314662,0.8219506198242197,34.75885891293,0.4633106,poor,827.120361328125
314666,0.8219506198242197,34.79219223293,0.4602351,poor,1032.84912109375
314667,0.8219506198242197,34.80052556293,0.45076972,poor,952.8912353515625
314673,0.8219506198242197,34.85052554293,0.39949894,poor,1004.2625732421875
314704,0.8219506198242197,35.10885877293,0.3684692,poor,1185.131103515625
314705,0.8219506198242197,35.11719210293,0.3553609,poor,2379.13818359375
314706,0.8219506198242197,35.12552543293,0.3604765,poor,1627.4844970703125
315414,0.8136172898242195,34.44219237293,0.53506696,severely poor,855.8449096679688
315415,0.8136172898242195,34.45052570293,0.5293904,severely poor,917.4403076171875
315416,0.8136172898242195,34.45885903293,0.53803927,severely poor,1861.35400390625
315417,0.8136172898242195,34.46719236293,0.5455028,severely poor,994.4613037109375
315428,0.8136172898242195,34.55885899293,0.5251116,severely poor,858.0602416992188
315456,0.8136172898242195,34.79219223293,0.43871102,poor,1043.243408203125
315457,0.8136172898242195,34.80052556293,0.43162355,poor,813.242431640625
315495,0.8136172898242195,35.11719210293,0.37283316,poor,916.584228515625
315496,0.8136172898242195,35.12552543293,0.36486623,poor,896.330078125
316207,0.8052839598242194,34.45052570293,0.5298571,severely poor,827.2393798828125
316208,0.8052839598242194,34.45885903293,0.53147244,severely poor,1829.5926513671875
316209,0.8052839598242194,34.46719236293,0.5370393,severely poor,840.5451049804688
316213,0.8052839598242194,34.50052568293,0.54265094,severely poor,820.5545043945312
316228,0.8052839598242194,34.62552563293,0.52510333,severely poor,890.6351928710938
316238,0.8052839598242194,34.70885893293,0.4228471,poor,971.6279907226562
316239,0.8052839598242194,34.71719226293,0.430289,poor,912.6421508789062
316247,0.8052839598242194,34.78385890293,0.4370863,poor,803.2858276367188
317030,0.7969506298242193,34.70052560293,0.38865134,poor,1179.2716064453125
317031,0.7969506298242193,34.70885893293,0.39235845,poor,2226.180908203125
317032,0.7969506298242193,34.71719226293,0.42368507,poor,1899.83056640625
317033,0.7969506298242193,34.72552559293,0.42257524,poor,1095.3931884765625
317039,0.7969506298242193,34.77552557293,0.41770193,poor,822.9107666015625
317040,0.7969506298242193,34.78385890293,0.41415873,poor,886.9638061523438
317041,0.7969506298242193,34.79219223293,0.41529948,poor,882.5169677734375
317046,0.7969506298242193,34.83385888293,0.38359785,poor,818.857666015625
317785,0.7886172998242191,34.36719240293,0.4999714,poor,875.724609375
317786,0.7886172998242191,34.37552573293,0.5141186,severely poor,1112.228271484375
317790,0.7886172998242191,34.40885905293,0.50188583,severely poor,940.36962890625
317807,0.7886172998242191,34.55052566293,0.48200065,poor,810.5381469726562
317808,0.7886172998242191,34.55885899293,0.47913274,poor,814.917724609375
317825,0.7886172998242191,34.70052560293,0.39103904,poor,1417.065673828125
317826,0.7886172998242191,34.70885893293,0.3610262,poor,3411.31103515625
317827,0.7886172998242191,34.71719226293,0.3758877,poor,4024.167724609375
317828,0.7886172998242191,34.72552559293,0.4215889,poor,1670.5350341796875
317829,0.7886172998242191,34.73385892293,0.4221392,poor,827.9188842773438
317834,0.7886172998242191,34.77552557293,0.4099331,poor,977.1171875
317835,0.7886172998242191,34.78385890293,0.40656215,poor,1221.6572265625
317836,0.7886172998242191,34.79219223293,0.40450078,poor,1101.0240478515625
317840,0.7886172998242191,34.82552555293,0.40017512,poor,812.093017578125
318605,0.7802839698242199,34.55052566293,0.4665958,poor,1053.6912841796875
318606,0.7802839698242199,34.55885899293,0.46372658,poor,817.8541870117188
318611,0.7802839698242199,34.60052564293,0.4615869,poor,835.6463012695312
318623,0.7802839698242199,34.70052560293,0.41133353,poor,1052.09130859375
318624,0.7802839698242199,34.70885893293,0.40061185,poor,1984.5555419921875
318625,0.7802839698242199,34.71719226293,0.38976294,poor,3806.416015625
318626,0.7802839698242199,34.72552559293,0.42090532,poor,1674.6903076171875
318627,0.7802839698242199,34.73385892293,0.42269084,poor,828.640869140625
318632,0.7802839698242199,34.77552557293,0.40785694,poor,1032.770751953125
318633,0.7802839698242199,34.78385890293,0.3807353,poor,2377.460205078125
318634,0.7802839698242199,34.79219223293,0.39291066,poor,1625.1943359375
318635,0.7802839698242199,34.80052556293,0.41212797,poor,821.5311279296875
318654,0.7802839698242199,34.95885883293,0.39686894,poor,927.4334716796875
318656,0.7802839698242199,34.97552549293,0.39499077,poor,924.5686645507812
318670,0.7802839698242199,35.09219211293,0.42108944,poor,911.716552734375
319406,0.7719506398242197,34.55885899293,0.43918037,poor,818.3179321289062
319422,0.7719506398242197,34.69219227293,0.4102925,poor,912.9700927734375
319423,0.7719506398242197,34.70052560293,0.4136393,poor,805.1714477539062
319424,0.7719506398242197,34.70885893293,0.40511525,poor,1239.896240234375
319425,0.7719506398242197,34.71719226293,0.4037431,poor,2385.639404296875
319426,0.7719506398242197,34.72552559293,0.41831452,poor,1140.46533203125
319432,0.7719506398242197,34.77552557293,0.4048896,poor,996.1780395507812
319433,0.7719506398242197,34.78385890293,0.41456234,poor,1445.554931640625
319434,0.7719506398242197,34.79219223293,0.4153947,poor,1130.3099365234375
319435,0.7719506398242197,34.80052556293,0.41163686,poor,854.8095092773438
319451,0.7719506398242197,34.93385884293,0.3937085,poor,806.9541625976562
319455,0.7719506398242197,34.96719216293,0.40638006,poor,835.3956298828125
319468,0.7719506398242197,35.07552545293,0.4080001,poor,849.7171630859375
320206,0.7636173098242196,34.55052566293,0.42102256,poor,960.9301147460938
320207,0.7636173098242196,34.55885899293,0.4267771,poor,800.4828491210938
320226,0.7636173098242196,34.71719226293,0.4147116,poor,951.6133422851562
320233,0.7636173098242196,34.77552557293,0.4078089,poor,864.977783203125
320234,0.7636173098242196,34.78385890293,0.41859853,poor,914.3126831054688
320235,0.7636173098242196,34.79219223293,0.41267622,poor,879.4090576171875
320986,0.7552839798242195,34.37552573293,0.51038784,severely poor,826.9159545898438
321001,0.7552839798242195,34.50052568293,0.4495183,poor,1066.45458984375
321008,0.7552839798242195,34.55885899293,0.41288662,poor,802.4199829101562
321014,0.7552839798242195,34.60885897293,0.39775002,poor,868.5299682617188
321016,0.7552839798242195,34.62552563293,0.4008136,poor,803.9912719726562
321034,0.7552839798242195,34.77552557293,0.4206113,poor,810.9178466796875
321048,0.7552839798242195,34.89219219293,0.3842119,poor,937.30810546875
321077,0.7552839798242195,35.13385876293,0.35412303,poor,1110.365478515625
321810,0.7469506498242193,34.56719232293,0.39960358,poor,921.6497802734375
321811,0.7469506498242193,34.57552565293,0.39867008,poor,1216.087158203125
321812,0.7469506498242193,34.58385898293,0.40529546,poor,1136.15869140625
321813,0.7469506498242193,34.59219231293,0.40535113,poor,874.5341186523438
321815,0.7469506498242193,34.60885897293,0.4113556,poor,862.7721557617188
321844,0.7469506498242193,34.85052554293,0.44297683,poor,851.7195434570312
321878,0.7469506498242193,35.13385876293,0.3616733,poor,880.5650634765625
321879,0.7469506498242193,35.14219209293,0.35439795,poor,2196.411865234375
322611,0.7386173198242192,34.56719232293,0.37742183,poor,1347.6536865234375
322612,0.7386173198242192,34.57552565293,0.36605823,poor,3153.062744140625
322613,0.7386173198242192,34.58385898293,0.39855653,poor,2173.379638671875
322614,0.7386173198242192,34.59219231293,0.41325518,poor,1016.82080078125
322633,0.7386173198242192,34.75052558293,0.41286662,poor,915.634765625
322650,0.7386173198242192,34.89219219293,0.3885856,poor,970.8782958984375
323164,0.7386173198242192,39.175523812929995,0.73711085,severely poor,962.9021606445312
323412,0.730283989824219,34.56719232293,0.40559116,poor,1098.2308349609375
323413,0.730283989824219,34.57552565293,0.39939827,poor,1529.692626953125
323414,0.730283989824219,34.58385898293,0.4102707,poor,1219.39892578125
323434,0.730283989824219,34.75052558293,0.4142652,poor,811.3720703125
323435,0.730283989824219,34.75885891293,0.42445973,poor,1181.8916015625
323436,0.730283989824219,34.76719224293,0.42374784,poor,1045.714111328125
323444,0.730283989824219,34.83385888293,0.48002675,poor,860.1390991210938
323965,0.730283989824219,39.175523812929995,0.72655237,severely poor,1370.2762451171875
324213,0.7219506598242198,34.56719232293,0.4283681,poor,1085.308837890625
324214,0.7219506598242198,34.57552565293,0.42075914,poor,1059.136474609375
324235,0.7219506598242198,34.75052558293,0.39709964,poor,1912.4427490234375
324236,0.7219506598242198,34.75885891293,0.41516104,poor,993.650390625
324242,0.7219506598242198,34.80885889293,0.49199846,poor,806.2850952148438
324250,0.7219506598242198,34.87552553293,0.3954595,poor,942.3402709960938
324258,0.7219506598242198,34.94219217293,0.3943187,poor,805.9232788085938
325025,0.7136173298242197,34.65885895293,0.3997571,poor,864.5302734375
325035,0.7136173298242197,34.74219225293,0.4077865,poor,875.131591796875
325036,0.7136173298242197,34.75052558293,0.41074753,poor,1838.5911865234375
325037,0.7136173298242197,34.75885891293,0.42178324,poor,1017.7990112304688
325043,0.7136173298242197,34.80885889293,0.49451923,poor,1165.5167236328125
325044,0.7136173298242197,34.81719222293,0.48185626,poor,838.6464233398438
325059,0.7136173298242197,34.94219217293,0.4108013,poor,843.3784790039062
325837,0.7052839998242195,34.74219225293,0.41565815,poor,832.798095703125
325838,0.7052839998242195,34.75052558293,0.42263967,poor,872.0914916992188
325843,0.7052839998242195,34.79219223293,0.47693217,poor,818.5985107421875
325865,0.7052839998242195,34.97552549293,0.39394584,poor,1148.6942138671875
326623,0.6969506698242194,34.60052564293,0.48917434,poor,835.2677001953125
326641,0.6969506698242194,34.75052558293,0.42318845,poor,959.2881469726562
326645,0.6969506698242194,34.78385890293,0.47455826,poor,888.7884521484375
326646,0.6969506698242194,34.79219223293,0.47863865,poor,1063.9661865234375
326652,0.6969506698242194,34.84219221293,0.45439923,poor,829.842041015625
326654,0.6969506698242194,34.85885887293,0.42580456,poor,909.055908203125
326655,0.6969506698242194,34.86719220293,0.4032362,poor,831.8148803710938
326657,0.6969506698242194,34.88385886293,0.40243548,poor,1055.134033203125
326669,0.6969506698242194,34.98385882293,0.39020598,poor,1302.7972412109375
327398,0.6886173398242192,34.35885907293,0.5076132,severely poor,815.8028564453125
327405,0.6886173398242192,34.41719238293,0.47434512,poor,1011.0303344726562
327445,0.6886173398242192,34.75052558293,0.42378363,poor,870.3656616210938
327456,0.6886173398242192,34.84219221293,0.43407705,poor,984.157958984375
328210,0.6802840098242191,34.41719238293,0.47065827,poor,1500.31201171875
328211,0.6802840098242191,34.42552571293,0.47034833,poor,832.6586303710938
328250,0.6802840098242191,34.75052558293,0.41965103,poor,904.8402099609375
328298,0.6802840098242191,35.15052542293,0.36558586,poor,1005.305908203125
328299,0.6802840098242191,35.15885875293,0.37858444,poor,840.8263549804688
328340,0.6802840098242191,35.50052528293,0.31894693,vulnerable,985.4619750976562
328341,0.6802840098242191,35.50885861293,0.33456624,poor,1087.6817626953125
329017,0.6719506798242199,34.42552571293,0.4615632,poor,1069.0721435546875
329056,0.6719506798242199,34.75052558293,0.41446483,poor,832.354248046875
329104,0.6719506798242199,35.15052542293,0.3728544,poor,1245.9998779296875
329105,0.6719506798242199,35.15885875293,0.37578943,poor,1119.0740966796875
329146,0.6719506798242199,35.50052528293,0.3051498,vulnerable,1865.1800537109375
329147,0.6719506798242199,35.50885861293,0.31210348,vulnerable,2320.700927734375
329834,0.6636173498242197,34.51719234293,0.45725965,poor,807.4461059570312
329862,0.6636173498242197,34.75052558293,0.39508626,poor,1650.5362548828125
329863,0.6636173498242197,34.75885891293,0.41735646,poor,906.0885620117188
329952,0.6636173498242197,35.50052528293,0.31714693,vulnerable,1249.5125732421875
329953,0.6636173498242197,35.50885861293,0.33781195,poor,1087.5146484375
330634,0.6552840198242196,34.46719236293,0.4448621,poor,859.56640625
330639,0.6552840198242196,34.50885901293,0.43927336,poor,1069.3681640625
330640,0.6552840198242196,34.51719234293,0.43253064,poor,1829.4183349609375
330641,0.6552840198242196,34.52552567293,0.44799533,poor,816.3440551757812
330649,0.6552840198242196,34.59219231293,0.5018622,severely poor,956.8845825195312
330668,0.6552840198242196,34.75052558293,0.40122595,poor,1186.4886474609375
330676,0.6552840198242196,34.81719222293,0.42082998,poor,844.2012329101562
330718,0.6552840198242196,35.16719208293,0.37032568,poor,1061.4869384765625
331418,0.6469506898242194,34.26719244293,0.48262733,poor,2745.956298828125
331419,0.6469506898242194,34.27552577293,0.48822355,poor,972.0147705078125
331420,0.6469506898242194,34.28385910293,0.48808396,poor,1017.6591796875
331421,0.6469506898242194,34.29219243293,0.5006493,severely poor,874.83642578125
331447,0.6469506898242194,34.50885901293,0.42828572,poor,1299.5279541015625
331448,0.6469506898242194,34.51719234293,0.4296802,poor,1691.8568115234375
331449,0.6469506898242194,34.52552567293,0.43912724,poor,854.2256469726562
331453,0.6469506898242194,34.55885899293,0.47671652,poor,926.6617431640625
331526,0.6469506898242194,35.16719208293,0.3615404,poor,904.8485107421875
332227,0.6386173598242193,34.25052578293,0.50835,severely poor,1695.992919921875
332228,0.6386173598242193,34.25885911293,0.44952214,poor,2516.483154296875
332229,0.6386173598242193,34.26719244293,0.37601078,poor,3360.115478515625
332230,0.6386173598242193,34.27552577293,0.386878,poor,3792.957763671875
332231,0.6386173598242193,34.28385910293,0.4348986,poor,3649.381103515625
332232,0.6386173598242193,34.29219243293,0.48932803,poor,1619.28369140625
332255,0.6386173598242193,34.48385902293,0.45005456,poor,1036.59326171875
332256,0.6386173598242193,34.49219235293,0.4418463,poor,963.9042358398438
332259,0.6386173598242193,34.51719234293,0.43134022,poor,860.5355224609375
332260,0.6386173598242193,34.52552567293,0.4337192,poor,832.1836547851562
332287,0.6386173598242193,34.75052558293,0.40778682,poor,1076.162353515625
332319,0.6386173598242193,35.01719214293,0.24411154,vulnerable,1063.47802734375
332320,0.6386173598242193,35.02552547293,0.33525375,poor,1175.193359375
332321,0.6386173598242193,35.03385880293,0.36307064,poor,1078.0556640625
332322,0.6386173598242193,35.04219213293,0.3358237,poor,1806.2510986328125
332323,0.6386173598242193,35.05052546293,0.36043578,poor,1113.437744140625
333043,0.6302840298242192,34.26719244293,0.49506357,poor,1464.9622802734375
333044,0.6302840298242192,34.27552577293,0.49381426,poor,1885.1026611328125
333045,0.6302840298242192,34.28385910293,0.49118933,poor,1806.412353515625
333050,0.6302840298242192,34.32552575293,0.480249,poor,1224.3482666015625
333051,0.6302840298242192,34.33385908293,0.4895485,poor,994.001220703125
333069,0.6302840298242192,34.48385902293,0.4723544,poor,863.5254516601562
333094,0.6302840298242192,34.69219227293,0.41125613,poor,1111.42333984375
333101,0.6302840298242192,34.75052558293,0.40343204,poor,826.24169921875
333126,0.6302840298242192,34.95885883293,0.37682608,poor,961.0640258789062
333133,0.6302840298242192,35.01719214293,0.36726257,poor,1174.1859130859375
333134,0.6302840298242192,35.02552547293,0.36876988,poor,1441.32275390625
333135,0.6302840298242192,35.03385880293,0.37789667,poor,831.4991455078125
333136,0.6302840298242192,35.04219213293,0.35979077,poor,1221.294921875
333137,0.6302840298242192,35.05052546293,0.35825267,poor,1475.2523193359375
333138,0.6302840298242192,35.05885879293,0.35989466,poor,822.744140625
333868,0.621950699824219,34.34219241293,0.48918265,poor,800.16064453125
333890,0.621950699824219,34.52552567293,0.39600447,poor,845.384765625
333917,0.621950699824219,34.75052558293,0.38556123,poor,981.8438720703125
333918,0.621950699824219,34.75885891293,0.3773642,poor,1566.1080322265625
333919,0.621950699824219,34.76719224293,0.40133196,poor,1197.1549072265625
333953,0.621950699824219,35.05052546293,0.3674028,poor,880.037109375
334723,0.6136173698242198,34.65052562293,0.3902639,poor,1624.49609375
334724,0.6136173698242198,34.65885895293,0.40736204,poor,1192.9835205078125
334735,0.6136173698242198,34.75052558293,0.3667797,poor,1568.8094482421875
334736,0.6136173698242198,34.75885891293,0.34881812,poor,2567.15673828125
334737,0.6136173698242198,34.76719224293,0.3747993,poor,2923.88916015625
334738,0.6136173698242198,34.77552557293,0.40012014,poor,1125.400634765625
334760,0.6136173698242198,34.95885883293,0.35614726,poor,1372.9666748046875
334761,0.6136173698242198,34.96719216293,0.3665319,poor,1567.32958984375
335513,0.6052840398242196,34.40052572293,0.474848,poor,1137.0390625
335514,0.6052840398242196,34.40885905293,0.46647164,poor,957.8689575195312
335530,0.6052840398242196,34.54219233293,0.3794371,poor,1099.280029296875
335531,0.6052840398242196,34.55052566293,0.40527195,poor,1509.0872802734375
335532,0.6052840398242196,34.55885899293,0.417636,poor,1014.9003295898438
335533,0.6052840398242196,34.56719232293,0.41163123,poor,837.6728515625
335543,0.6052840398242196,34.65052562293,0.41744787,poor,975.1217651367188
335555,0.6052840398242196,34.75052558293,0.38999066,poor,1774.8802490234375
335556,0.6052840398242196,34.75885891293,0.36801642,poor,2159.492919921875
335557,0.6052840398242196,34.76719224293,0.36399904,poor,2932.44580078125
335558,0.6052840398242196,34.77552557293,0.38736165,poor,2329.02978515625
335559,0.6052840398242196,34.78385890293,0.39864635,poor,1227.235107421875
335569,0.6052840398242196,34.86719220293,0.39996076,poor,878.8256225585938
335570,0.6052840398242196,34.87552553293,0.39914924,poor,856.4835815429688
335580,0.6052840398242196,34.95885883293,0.36822522,poor,1407.7939453125
335581,0.6052840398242196,34.96719216293,0.37365997,poor,1221.5589599609375
335602,0.6052840398242196,35.14219209293,0.3141116,vulnerable,1472.4931640625
335603,0.6052840398242196,35.15052542293,0.32301706,vulnerable,1535.8133544921875
336341,0.5969507098242195,34.46719236293,0.44939044,poor,884.7921142578125
336347,0.5969507098242195,34.51719234293,0.41603544,poor,1677.34326171875
336348,0.5969507098242195,34.52552567293,0.4232124,poor,891.2635498046875
336349,0.5969507098242195,34.53385900293,0.3997305,poor,1309.3316650390625
336350,0.5969507098242195,34.54219233293,0.34967348,poor,1946.51953125
336351,0.5969507098242195,34.55052566293,0.3661188,poor,3348.91357421875
336352,0.5969507098242195,34.55885899293,0.3836881,poor,2383.20166015625
336353,0.5969507098242195,34.56719232293,0.40850613,poor,2311.308837890625
336354,0.5969507098242195,34.57552565293,0.41928077,poor,1240.7059326171875
336355,0.5969507098242195,34.58385898293,0.41470012,poor,890.8583374023438
336359,0.5969507098242195,34.61719230293,0.4109838,poor,1013.5220947265625
336362,0.5969507098242195,34.64219229293,0.4355013,poor,989.8726196289062
336363,0.5969507098242195,34.65052562293,0.4328673,poor,1044.900634765625
336375,0.5969507098242195,34.75052558293,0.40884647,poor,819.3221435546875
336376,0.5969507098242195,34.75885891293,0.39299276,poor,1256.7703857421875
336377,0.5969507098242195,34.76719224293,0.3638628,poor,2370.878662109375
336378,0.5969507098242195,34.77552557293,0.32281595,vulnerable,2101.61279296875
336379,0.5969507098242195,34.78385890293,0.38104534,poor,2279.81689453125
336380,0.5969507098242195,34.79219223293,0.38230678,poor,876.850341796875
337172,0.5886173798242194,34.54219233293,0.39404276,poor,1296.9884033203125
337173,0.5886173798242194,34.55052566293,0.3554622,poor,3361.921630859375
337174,0.5886173798242194,34.55885899293,0.37667456,poor,3029.745361328125
337175,0.5886173798242194,34.56719232293,0.40212476,poor,1894.272216796875
337176,0.5886173798242194,34.57552565293,0.42167047,poor,943.3623046875
337178,0.5886173798242194,34.59219231293,0.41866887,poor,813.48681640625
337185,0.5886173798242194,34.65052562293,0.4212285,poor,972.813232421875
337198,0.5886173798242194,34.75885891293,0.40718442,poor,996.6796264648438
337199,0.5886173798242194,34.76719224293,0.38946912,poor,1579.5916748046875
337200,0.5886173798242194,34.77552557293,0.3425297,poor,2562.073486328125
337201,0.5886173798242194,34.78385890293,0.38960794,poor,2848.1328125
337202,0.5886173798242194,34.79219223293,0.39193898,poor,1657.726806640625
337203,0.5886173798242194,34.80052556293,0.39804685,poor,1178.7501220703125
337953,0.5802840498242192,34.20052580293,0.5454873,severely poor,849.5994873046875
337994,0.5802840498242192,34.54219233293,0.39935625,poor,1281.8349609375
337995,0.5802840498242192,34.55052566293,0.35712788,poor,2781.66650390625
337996,0.5802840498242192,34.55885899293,0.37484884,poor,4018.044677734375
337997,0.5802840498242192,34.56719232293,0.4127717,poor,2455.197265625
338007,0.5802840498242192,34.65052562293,0.3726835,poor,1041.0072021484375
338022,0.5802840498242192,34.77552557293,0.40968394,poor,829.5093383789062
338024,0.5802840498242192,34.79219223293,0.4087239,poor,1113.734375
338025,0.5802840498242192,34.80052556293,0.40034598,poor,955.4619140625
338027,0.5802840498242192,34.81719222293,0.39022687,poor,917.6277465820312
338028,0.5802840498242192,34.82552555293,0.38777173,poor,1513.1473388671875
338075,0.5802840498242192,35.21719206293,0.27889264,vulnerable,1494.1217041015625
338076,0.5802840498242192,35.22552539293,0.34393921,poor,1216.56689453125
338085,0.5802840498242192,35.30052536293,0.32529423,vulnerable,937.7481079101562
338086,0.5802840498242192,35.30885869293,0.34141472,poor,1004.5399169921875
338817,0.5719507198242191,34.54219233293,0.37713158,poor,1566.1978759765625
338818,0.5719507198242191,34.55052566293,0.29944223,vulnerable,3542.9677734375
338819,0.5719507198242191,34.55885899293,0.3276564,vulnerable,4777.39013671875
338820,0.5719507198242191,34.56719232293,0.3999431,poor,2497.9990234375
338830,0.5719507198242191,34.65052562293,0.32722464,vulnerable,2193.04150390625
338831,0.5719507198242191,34.65885895293,0.46617082,poor,819.793701171875
338848,0.5719507198242191,34.80052556293,0.39969212,poor,842.8037109375
338851,0.5719507198242191,34.82552555293,0.41116238,poor,803.8665771484375
338898,0.5719507198242191,35.21719206293,0.29360908,vulnerable,868.259765625
338899,0.5719507198242191,35.22552539293,0.2867692,vulnerable,2347.608642578125
338900,0.5719507198242191,35.23385872293,0.3416133,poor,2445.58837890625
338901,0.5719507198242191,35.24219205293,0.34324172,poor,976.0026245117188
338908,0.5719507198242191,35.30052536293,0.33075866,poor,1019.4285888671875
338909,0.5719507198242191,35.30885869293,0.3445965,poor,1062.6927490234375
339607,0.5636173898242198,34.26719244293,0.51162124,severely poor,942.2864990234375
339621,0.5636173898242198,34.38385906293,0.48566285,poor,1091.2840576171875
339622,0.5636173898242198,34.39219239293,0.47990808,poor,809.3623046875
339639,0.5636173898242198,34.53385900293,0.42505297,poor,924.6350708007812
339640,0.5636173898242198,34.54219233293,0.37988853,poor,1350.3404541015625
339641,0.5636173898242198,34.55052566293,0.31974217,vulnerable,4192.83447265625
339642,0.5636173898242198,34.55885899293,0.32985672,vulnerable,5806.58935546875
339643,0.5636173898242198,34.56719232293,0.40764445,poor,2107.7685546875
339653,0.5636173898242198,34.65052562293,0.4679354,poor,831.6663818359375
339670,0.5636173898242198,34.79219223293,0.40085635,poor,959.2151489257812
339671,0.5636173898242198,34.80052556293,0.3974792,poor,1969.197021484375
339672,0.5636173898242198,34.80885889293,0.4129677,poor,952.9022827148438
339721,0.5636173898242198,35.21719206293,0.35131872,poor,942.4180297851562
339722,0.5636173898242198,35.22552539293,0.29841802,vulnerable,2376.989013671875
339723,0.5636173898242198,35.23385872293,0.27498502,vulnerable,3113.507568359375
339724,0.5636173898242198,35.24219205293,0.3250738,vulnerable,2497.9267578125
339725,0.5636173898242198,35.25052538293,0.33607566,poor,1577.67822265625
339731,0.5636173898242198,35.30052536293,0.29952574,vulnerable,1218.6580810546875
339732,0.5636173898242198,35.30885869293,0.3257168,vulnerable,1571.68603515625
340462,0.5552840598242197,34.53385900293,0.42368865,poor,915.3652954101562
340463,0.5552840598242197,34.54219233293,0.3857638,poor,1920.2840576171875
340464,0.5552840598242197,34.55052566293,0.32279193,vulnerable,4609.07861328125
340465,0.5552840598242197,34.55885899293,0.35411587,poor,5213.40283203125
340466,0.5552840598242197,34.56719232293,0.4214513,poor,1676.7760009765625
340467,0.5552840598242197,34.57552565293,0.41558275,poor,1206.6795654296875
340545,0.5552840598242197,35.22552539293,0.30728483,vulnerable,1378.3414306640625
340546,0.5552840598242197,35.23385872293,0.17323156,non-poor,4299.3212890625
340547,0.5552840598242197,35.24219205293,0.22842206,vulnerable,4619.98828125
340548,0.5552840598242197,35.25052538293,0.31778187,vulnerable,2819.625732421875
340553,0.5552840598242197,35.29219203293,0.31834546,vulnerable,913.0094604492188
340554,0.5552840598242197,35.30052536293,0.2831037,vulnerable,1784.277099609375
340555,0.5552840598242197,35.30885869293,0.2833742,vulnerable,2265.232421875
340556,0.5552840598242197,35.31719202293,0.31021032,vulnerable,1654.8782958984375
340557,0.5552840598242197,35.32552535293,0.33623922,poor,1280.4744873046875
341286,0.5469507298242196,34.54219233293,0.4203347,poor,1314.307373046875
341287,0.5469507298242196,34.55052566293,0.39438334,poor,2695.086181640625
341288,0.5469507298242196,34.55885899293,0.41928014,poor,2963.212646484375
341289,0.5469507298242196,34.56719232293,0.4321242,poor,1017.8793334960938
341290,0.5469507298242196,34.57552565293,0.42105255,poor,860.4910278320312
341368,0.5469507298242196,35.22552539293,0.32469982,vulnerable,1409.41455078125
341369,0.5469507298242196,35.23385872293,0.20799972,vulnerable,4503.87841796875
341370,0.5469507298242196,35.24219205293,0.16754521,non-poor,5729.9501953125
341371,0.5469507298242196,35.25052538293,0.28536123,vulnerable,3855.20458984375
341372,0.5469507298242196,35.25885871293,0.33196855,poor,1105.91357421875
341373,0.5469507298242196,35.26719204293,0.32579148,vulnerable,1191.919921875
341376,0.5469507298242196,35.29219203293,0.31194344,vulnerable,1602.8211669921875
341377,0.5469507298242196,35.30052536293,0.2963276,vulnerable,2281.319091796875
341378,0.5469507298242196,35.30885869293,0.32392827,vulnerable,1668.571533203125
341379,0.5469507298242196,35.31719202293,0.3274394,vulnerable,1418.265869140625
341461,0.5469507298242196,36.00052508293,0.6503192,severely poor,1141.26123046875
342105,0.5386173998242194,34.50052568293,0.43080482,poor,848.1881713867188
342111,0.5386173998242194,34.55052566293,0.41381985,poor,1931.04296875
342112,0.5386173998242194,34.55885899293,0.4259681,poor,1259.031005859375
342192,0.5386173998242194,35.22552539293,0.31936517,vulnerable,1741.974609375
342193,0.5386173998242194,35.23385872293,0.23169951,vulnerable,8473.2275390625
342194,0.5386173998242194,35.24219205293,0.18962836,non-poor,7091.28857421875
342195,0.5386173998242194,35.25052538293,0.25841895,vulnerable,5737.775390625
342196,0.5386173998242194,35.25885871293,0.2716254,vulnerable,3854.037109375
342197,0.5386173998242194,35.26719204293,0.29016435,vulnerable,1701.5914306640625
342199,0.5386173998242194,35.28385870293,0.3225227,vulnerable,1527.533935546875
342200,0.5386173998242194,35.29219203293,0.28596348,vulnerable,2575.944580078125
342201,0.5386173998242194,35.30052536293,0.30134925,vulnerable,2907.46337890625
342202,0.5386173998242194,35.30885869293,0.32406917,vulnerable,1750.7669677734375
342888,0.5302840698242193,34.15885915293,0.5355869,severely poor,966.6098022460938
342935,0.5302840698242193,34.55052566293,0.44039822,poor,1116.4962158203125
343016,0.5302840698242193,35.22552539293,0.32672533,vulnerable,1004.7907104492188
343017,0.5302840698242193,35.23385872293,0.3009767,vulnerable,4949.734375
343018,0.5302840698242193,35.24219205293,0.25414962,vulnerable,6374.931640625
343019,0.5302840698242193,35.25052538293,0.20081934,vulnerable,8041.03271484375
343020,0.5302840698242193,35.25885871293,0.1697242,non-poor,5102.56689453125
343021,0.5302840698242193,35.26719204293,0.23554394,vulnerable,2947.76416015625
343022,0.5302840698242193,35.27552537293,0.24848597,vulnerable,1779.0936279296875
343023,0.5302840698242193,35.28385870293,0.2773368,vulnerable,3495.668701171875
343024,0.5302840698242193,35.29219203293,0.31092238,vulnerable,2133.12255859375
343025,0.5302840698242193,35.30052536293,0.31473416,vulnerable,4035.63720703125
343026,0.5302840698242193,35.30885869293,0.313439,vulnerable,2446.7314453125
343711,0.5219507398242191,34.15052582293,0.5427923,severely poor,892.452880859375
343764,0.5219507398242191,34.59219231293,0.42189884,poor,857.7535400390625
343840,0.5219507398242191,35.22552539293,0.35079715,poor,893.3588256835938
343841,0.5219507398242191,35.23385872293,0.34083965,poor,1259.565673828125
343842,0.5219507398242191,35.24219205293,0.31120965,vulnerable,3475.969482421875
343843,0.5219507398242191,35.25052538293,0.22237095,vulnerable,5382.76171875
343844,0.5219507398242191,35.25885871293,0.107243225,non-poor,6920.75927734375
343845,0.5219507398242191,35.26719204293,0.10285084,non-poor,6653.06787109375
343846,0.5219507398242191,35.27552537293,0.17520975,non-poor,4828.01611328125
343847,0.5219507398242191,35.28385870293,0.20853232,vulnerable,3497.484375
343848,0.5219507398242191,35.29219203293,0.28942442,vulnerable,2291.54345703125
343849,0.5219507398242191,35.30052536293,0.2982073,vulnerable,2370.231689453125
343850,0.5219507398242191,35.30885869293,0.31894928,vulnerable,1330.1593017578125
344535,0.5136174098242199,34.15052582293,0.56080216,severely poor,881.2224731445312
344605,0.5136174098242199,34.73385892293,0.43974125,poor,801.806396484375
344666,0.5136174098242199,35.24219205293,0.34210166,poor,1256.0343017578125
344667,0.5136174098242199,35.25052538293,0.31572104,vulnerable,4043.38916015625
344668,0.5136174098242199,35.25885871293,0.26199433,vulnerable,5859.25927734375
344669,0.5136174098242199,35.26719204293,0.20702413,vulnerable,6566.83837890625
344670,0.5136174098242199,35.27552537293,0.20467153,vulnerable,7937.4267578125
344671,0.5136174098242199,35.28385870293,0.21844903,vulnerable,4449.697265625
344672,0.5136174098242199,35.29219203293,0.24415092,vulnerable,2196.59716796875
344673,0.5136174098242199,35.30052536293,0.29013425,vulnerable,1617.9327392578125
344674,0.5136174098242199,35.30885869293,0.31609213,vulnerable,1137.9202880859375
345491,0.5052840798242197,35.25052538293,0.32720554,vulnerable,3554.71728515625
345492,0.5052840798242197,35.25885871293,0.2969455,vulnerable,4814.45263671875
345493,0.5052840798242197,35.26719204293,0.27591762,vulnerable,4123.19970703125
345494,0.5052840798242197,35.27552537293,0.28164107,vulnerable,3648.06591796875
345495,0.5052840798242197,35.28385870293,0.2734901,vulnerable,3106.2578125
345496,0.5052840798242197,35.29219203293,0.20374255,vulnerable,1770.1148681640625
345497,0.5052840798242197,35.30052536293,0.22090054,vulnerable,2779.20263671875
345498,0.5052840798242197,35.30885869293,0.32178268,vulnerable,1430.864501953125
346219,0.4969507498242196,34.45052570293,0.47678494,poor,866.1430053710938
346221,0.4969507498242196,34.46719236293,0.49657583,poor,849.0444946289062
346288,0.4969507498242196,35.02552547293,0.37269592,poor,886.07470703125
346315,0.4969507498242196,35.25052538293,0.3155108,vulnerable,2333.472412109375
346316,0.4969507498242196,35.25885871293,0.3058884,vulnerable,2292.40673828125
346317,0.4969507498242196,35.26719204293,0.2881116,vulnerable,2833.4287109375
346318,0.4969507498242196,35.27552537293,0.30151182,vulnerable,1843.518310546875
346319,0.4969507498242196,35.28385870293,0.327764,vulnerable,1545.3385009765625
346320,0.4969507498242196,35.29219203293,0.31092656,vulnerable,1112.58544921875
346321,0.4969507498242196,35.30052536293,0.28767428,vulnerable,2250.0810546875
346322,0.4969507498242196,35.30885869293,0.3176852,vulnerable,1357.8594970703125
346373,0.4969507498242196,35.73385852293,0.4284696,poor,1753.8604736328125
346374,0.4969507498242196,35.74219185293,0.43236664,poor,2684.0302734375
346375,0.4969507498242196,35.75052518293,0.46755967,poor,903.7525024414062
347052,0.48861741982421947,34.52552567293,0.46278122,poor,1131.796630859375
347053,0.48861741982421947,34.53385900293,0.47910583,poor,853.3478393554688
347062,0.48861741982421947,34.60885897293,0.45625535,poor,833.9793701171875
347078,0.48861741982421947,34.74219225293,0.4528587,poor,845.2196655273438
347089,0.48861741982421947,34.83385888293,0.39222988,poor,1071.7760009765625
347139,0.48861741982421947,35.25052538293,0.18797296,non-poor,4771.87451171875
347140,0.48861741982421947,35.25885871293,0.21129185,vulnerable,5927.99365234375
347141,0.48861741982421947,35.26719204293,0.28885734,vulnerable,3644.076904296875
347142,0.48861741982421947,35.27552537293,0.29845515,vulnerable,1821.0482177734375
347143,0.48861741982421947,35.28385870293,0.3222593,vulnerable,1220.1514892578125
347144,0.48861741982421947,35.29219203293,0.31924418,vulnerable,1303.5093994140625
347145,0.48861741982421947,35.30052536293,0.3245622,vulnerable,1104.8760986328125
347197,0.48861741982421947,35.73385852293,0.44462502,poor,1956.8626708984375
347198,0.48861741982421947,35.74219185293,0.43823567,poor,1990.439453125
347199,0.48861741982421947,35.75052518293,0.45161852,poor,1169.4891357421875
347860,0.48028408982421933,34.38385906293,0.5034167,severely poor,823.3570556640625
347861,0.48028408982421933,34.39219239293,0.50080675,severely poor,802.4674682617188
347872,0.48028408982421933,34.48385902293,0.5262839,severely poor,867.3786010742188
347963,0.48028408982421933,35.24219205293,0.21244545,vulnerable,1017.451171875
347964,0.48028408982421933,35.25052538293,0.21853468,vulnerable,6364.9091796875
347965,0.48028408982421933,35.25885871293,0.26793835,vulnerable,5053.21923828125
347966,0.48028408982421933,35.26719204293,0.31663272,vulnerable,2228.927001953125
347967,0.48028408982421933,35.27552537293,0.3348634,poor,1076.0584716796875
347969,0.48028408982421933,35.29219203293,0.31686103,vulnerable,802.86279296875
347970,0.48028408982421933,35.30052536293,0.3307131,poor,1005.536376953125
348022,0.48028408982421933,35.73385852293,0.46682745,poor,1063.5322265625
348023,0.48028408982421933,35.74219185293,0.453099,poor,2286.418701171875
348024,0.48028408982421933,35.75052518293,0.45914254,poor,939.3533325195312
348025,0.48028408982421933,35.75885851293,0.47939593,poor,814.5145874023438
348653,0.4719507598242192,34.10052584293,0.47453815,poor,5764.88818359375
348654,0.4719507598242192,34.10885917293,0.4921577,poor,2124.27978515625
348655,0.4719507598242192,34.11719250293,0.49736843,poor,1669.85888671875
348724,0.4719507598242192,34.69219227293,0.44302434,poor,1001.82373046875
348747,0.4719507598242192,34.88385886293,0.4708955,poor,1011.1831665039062
348790,0.4719507598242192,35.24219205293,0.26258364,vulnerable,1614.7763671875
348791,0.4719507598242192,35.25052538293,0.27716643,vulnerable,6092.91650390625
348792,0.4719507598242192,35.25885871293,0.30853492,vulnerable,3040.034912109375
348793,0.4719507598242192,35.26719204293,0.33691093,poor,1378.6866455078125
348796,0.4719507598242192,35.29219203293,0.3199748,vulnerable,898.2757568359375
348850,0.4719507598242192,35.74219185293,0.46767333,poor,1081.426025390625
348879,0.4719507598242192,35.98385842293,0.6155828,severely poor,1056.0732421875
348880,0.4719507598242192,35.99219175293,0.61845773,severely poor,1140.6173095703125
348886,0.4719507598242192,36.04219173293,0.6253036,severely poor,807.12646484375
349480,0.46361742982421905,34.09219251293,0.42037088,poor,8365.001953125
349481,0.46361742982421905,34.10052584293,0.3657616,poor,5513.93896484375
349482,0.46361742982421905,34.10885917293,0.40997523,poor,5274.30224609375
349483,0.46361742982421905,34.11719250293,0.47171628,poor,4497.8154296875
349484,0.46361742982421905,34.12552583293,0.49291286,poor,1900.6861572265625
349485,0.46361742982421905,34.13385916293,0.52599686,severely poor,1079.0946044921875
349497,0.46361742982421905,34.23385912293,0.5083212,severely poor,938.68408203125
349618,0.46361742982421905,35.24219205293,0.32861376,vulnerable,973.9266967773438
349619,0.46361742982421905,35.25052538293,0.31281385,vulnerable,1814.315673828125
349620,0.46361742982421905,35.25885871293,0.33812514,poor,1576.5709228515625
349621,0.46361742982421905,35.26719204293,0.34662098,poor,1349.1180419921875
350308,0.4552840998242198,34.09219251293,0.510818,severely poor,2126.35595703125
350309,0.4552840998242198,34.10052584293,0.47506,poor,4143.2060546875
350310,0.4552840998242198,34.10885917293,0.45535496,poor,2835.1337890625
350311,0.4552840998242198,34.11719250293,0.47521603,poor,4519.72802734375
350312,0.4552840998242198,34.12552583293,0.47657886,poor,3721.8408203125
350313,0.4552840998242198,34.13385916293,0.49553353,poor,2605.621826171875
350314,0.4552840998242198,34.14219249293,0.5166189,severely poor,1246.962890625
350325,0.4552840998242198,34.23385912293,0.5073356,severely poor,1086.8154296875
350326,0.4552840998242198,34.24219245293,0.5018193,severely poor,1012.8146362304688
350327,0.4552840998242198,34.25052578293,0.4752842,poor,1497.5013427734375
350331,0.4552840998242198,34.28385910293,0.50833654,severely poor,895.8893432617188
350375,0.4552840998242198,34.65052562293,0.44028497,poor,1264.3897705078125
350376,0.4552840998242198,34.65885895293,0.44060078,poor,820.1368408203125
350449,0.4552840998242198,35.26719204293,0.34668195,poor,807.4525146484375
350469,0.4552840998242198,35.43385864293,0.34622946,poor,1096.9678955078125
351136,0.44695076982421966,34.09219251293,0.52835256,severely poor,1149.244140625
351137,0.44695076982421966,34.10052584293,0.5219831,severely poor,1437.92431640625
351138,0.44695076982421966,34.10885917293,0.5078512,severely poor,1463.0067138671875
351139,0.44695076982421966,34.11719250293,0.52459294,severely poor,1804.0322265625
351140,0.44695076982421966,34.12552583293,0.5229397,severely poor,1640.8099365234375
351141,0.44695076982421966,34.13385916293,0.509256,severely poor,1563.53271484375
351142,0.44695076982421966,34.14219249293,0.5180307,severely poor,1418.458251953125
351143,0.44695076982421966,34.15052582293,0.5322518,severely poor,829.6185913085938
351154,0.44695076982421966,34.24219245293,0.50910497,severely poor,912.755859375
351155,0.44695076982421966,34.25052578293,0.4997433,poor,1844.8424072265625
351169,0.44695076982421966,34.36719240293,0.49698338,poor,823.48681640625
351191,0.44695076982421966,34.55052566293,0.5331502,severely poor,887.165283203125
351227,0.44695076982421966,34.85052554293,0.38692442,poor,1794.5733642578125
351400,0.44695076982421966,36.29219163293,0.45119455,poor,1109.271728515625
351970,0.4386174398242195,34.14219249293,0.52736783,severely poor,954.0350341796875
351971,0.4386174398242195,34.15052582293,0.5319181,severely poor,972.910400390625
352010,0.4386174398242195,34.47552569293,0.5135184,severely poor,833.4085083007812
352014,0.4386174398242195,34.50885901293,0.47521615,poor,1819.1241455078125
352055,0.4386174398242195,34.85052554293,0.40377334,poor,965.0501708984375
352823,0.4302841098242194,34.35885907293,0.5308815,severely poor,814.5545654296875
352827,0.4302841098242194,34.39219239293,0.4995935,poor,1117.8704833984375
352828,0.4302841098242194,34.40052572293,0.49735007,poor,845.6141967773438
352841,0.4302841098242194,34.50885901293,0.49235293,poor,855.6266479492188
352864,0.4302841098242194,34.70052560293,0.4285684,poor,963.0574951171875
353657,0.42195077982421925,34.41719238293,0.5018403,severely poor,969.6117553710938
353658,0.42195077982421925,34.42552571293,0.4730039,poor,1293.8599853515625
353892,0.42195077982421925,36.37552493293,0.48974097,poor,1156.8289794921875
354486,0.4136174498242191,34.44219237293,0.48366928,poor,1278.1932373046875
354487,0.4136174498242191,34.45052570293,0.48399812,poor,1036.4122314453125
354555,0.4136174498242191,35.01719214293,0.36673325,poor,986.0866088867188
354711,0.4136174498242191,36.31719162293,0.39441964,poor,1229.3544921875
354712,0.4136174498242191,36.325524952929996,0.42141557,poor,1139.0328369140625
354718,0.4136174498242191,36.37552493293,0.48398212,poor,1155.0260009765625
355370,0.40528411982421986,34.92552551293,0.5323867,severely poor,822.3766479492188
355405,0.40528411982421986,35.21719206293,0.31725377,vulnerable,925.6417846679688
355406,0.40528411982421986,35.22552539293,0.35583234,poor,895.2789916992188
355738,0.40528411982421986,37.99219095293,0.5725855,severely poor,982.9254760742188
355739,0.40528411982421986,38.00052428293,0.5867025,severely poor,1043.3927001953125
356116,0.3969507898242197,34.25885911293,0.58540016,severely poor,807.085205078125
356165,0.3969507898242197,34.66719228293,0.4440103,poor,949.3636474609375
356198,0.3969507898242197,34.94219217293,0.5321532,severely poor,894.7379150390625
356561,0.3969507898242197,37.96719096293,0.5333008,severely poor,809.3358764648438
356562,0.3969507898242197,37.97552429293,0.53901327,severely poor,1066.1160888671875
356563,0.3969507898242197,37.98385762293,0.566894,severely poor,1250.6971435546875
356564,0.3969507898242197,37.99219095293,0.5916801,severely poor,871.1668701171875
356968,0.3886174598242196,34.47552569293,0.48607978,poor,1170.1419677734375
356969,0.3886174598242196,34.48385902293,0.48085377,poor,1039.3402099609375
356970,0.3886174598242196,34.49219235293,0.48338386,poor,963.4736938476562
357007,0.3886174598242196,34.80052556293,0.4272648,poor,957.254150390625
357008,0.3886174598242196,34.80885889293,0.42435795,poor,1174.4034423828125
357020,0.3886174598242196,34.90885885293,0.52220625,severely poor,1018.7473754882812
357386,0.3886174598242196,37.95885763293,0.52404845,severely poor,865.5402221679688
357387,0.3886174598242196,37.96719096293,0.4292648,poor,1232.921630859375
357388,0.3886174598242196,37.97552429293,0.5313492,severely poor,1733.1981201171875
357389,0.3886174598242196,37.98385762293,0.5614454,severely poor,1813.2769775390625
357390,0.3886174598242196,37.99219095293,0.60949993,severely poor,1105.02587890625
357768,0.38028412982421944,34.25885911293,0.5943428,severely poor,844.3607177734375
357794,0.38028412982421944,34.47552569293,0.48958224,poor,826.4049682617188
357795,0.38028412982421944,34.48385902293,0.46527714,poor,2724.06103515625
357796,0.38028412982421944,34.49219235293,0.48030084,poor,1750.9764404296875
357834,0.38028412982421944,34.80885889293,0.43024358,poor,1035.45361328125
357835,0.38028412982421944,34.81719222293,0.24938838,vulnerable,884.296630859375
357836,0.38028412982421944,34.82552555293,0.06875397,non-poor,1565.4625244140625
357837,0.38028412982421944,34.83385888293,0.3153232,vulnerable,1699.8109130859375
357838,0.38028412982421944,34.84219221293,0.38408756,poor,877.4412841796875
357839,0.38028412982421944,34.85052554293,0.39733133,poor,1774.1434326171875
357840,0.38028412982421944,34.85885887293,0.42496425,poor,1062.9114990234375
357846,0.38028412982421944,34.90885885293,0.51987314,severely poor,834.4267578125
357913,0.38028412982421944,35.46719196293,0.3243889,vulnerable,1211.30859375
358212,0.38028412982421944,37.95885763293,0.534231,severely poor,976.0916748046875
358213,0.38028412982421944,37.96719096293,0.52237254,severely poor,1295.9029541015625
358214,0.38028412982421944,37.97552429293,0.54439235,severely poor,1638.2745361328125
358215,0.38028412982421944,37.98385762293,0.571128,severely poor,1857.8192138671875
358216,0.38028412982421944,37.99219095293,0.61081964,severely poor,1295.6585693359375
358582,0.3719507998242193,34.15885915293,0.5327091,severely poor,801.1063232421875
358620,0.3719507998242193,34.47552569293,0.47964874,poor,988.9949340820312
358621,0.3719507998242193,34.48385902293,0.47863024,poor,2244.701904296875
358622,0.3719507998242193,34.49219235293,0.39033017,poor,1128.969482421875
358623,0.3719507998242193,34.50052568293,0.42874908,poor,1241.9697265625
358624,0.3719507998242193,34.50885901293,0.48638973,poor,932.9677734375
358635,0.3719507998242193,34.60052564293,0.46567443,poor,887.5297241210938
358650,0.3719507998242193,34.72552559293,0.4297589,poor,829.2616577148438
358662,0.3719507998242193,34.82552555293,0.4163491,poor,844.8519897460938
358663,0.3719507998242193,34.83385888293,0.41206175,poor,1101.3919677734375
358664,0.3719507998242193,34.84219221293,0.40384856,poor,838.4722290039062
358665,0.3719507998242193,34.85052554293,0.40264845,poor,1345.88037109375
358666,0.3719507998242193,34.85885887293,0.3807017,poor,1035.0030517578125
358672,0.3719507998242193,34.90885885293,0.5062032,severely poor,1160.9285888671875
358993,0.3719507998242193,37.58385778293,0.59728813,severely poor,1823.2469482421875
358994,0.3719507998242193,37.592191112929996,0.6015988,severely poor,1779.09912109375
359037,0.3719507998242193,37.95052430293,0.50477535,severely poor,868.0944213867188
359038,0.3719507998242193,37.95885763293,0.52191234,severely poor,1384.8197021484375
359039,0.3719507998242193,37.96719096293,0.5302128,severely poor,1727.730224609375
359040,0.3719507998242193,37.97552429293,0.54774004,severely poor,1546.74267578125
359041,0.3719507998242193,37.98385762293,0.58477455,severely poor,1324.7327880859375
359042,0.3719507998242193,37.99219095293,0.62314683,severely poor,1058.223876953125
359409,0.36361746982421916,34.15885915293,0.5344367,severely poor,980.8786010742188
359410,0.36361746982421916,34.16719248293,0.5252548,severely poor,1071.2412109375
359437,0.36361746982421916,34.39219239293,0.50581527,severely poor,871.9891357421875
359438,0.36361746982421916,34.40052572293,0.5140307,severely poor,1468.116943359375
359447,0.36361746982421916,34.47552569293,0.39602926,poor,1404.293212890625
359448,0.36361746982421916,34.48385902293,0.31676328,vulnerable,3889.583251953125
359449,0.36361746982421916,34.49219235293,0.23645645,vulnerable,1301.231201171875
359450,0.36361746982421916,34.50052568293,0.2728091,vulnerable,2667.264404296875
359451,0.36361746982421916,34.50885901293,0.48019117,poor,1053.7896728515625
359463,0.36361746982421916,34.60885897293,0.45231,poor,865.3823852539062
359464,0.36361746982421916,34.61719230293,0.43934014,poor,924.1763916015625
359465,0.36361746982421916,34.62552563293,0.44100305,poor,999.0095825195312
359468,0.36361746982421916,34.65052562293,0.4538113,poor,983.46875
359481,0.36361746982421916,34.75885891293,0.49054298,poor,1023.6019287109375
359482,0.36361746982421916,34.76719224293,0.4930886,poor,920.6224975585938
359819,0.36361746982421916,37.57552445293,0.57359207,severely poor,1147.4595947265625
359820,0.36361746982421916,37.58385778293,0.5549203,severely poor,2901.759521484375
359821,0.36361746982421916,37.592191112929996,0.6007363,severely poor,3165.472900390625
359822,0.36361746982421916,37.60052444293,0.6023613,severely poor,1247.830810546875
359823,0.36361746982421916,37.60885777293,0.581651,severely poor,802.2485961914062
359863,0.36361746982421916,37.94219097293,0.51006085,severely poor,1181.4564208984375
359864,0.36361746982421916,37.95052430293,0.51585394,severely poor,1650.55859375
359865,0.36361746982421916,37.95885763293,0.53523755,severely poor,1928.72509765625
359866,0.36361746982421916,37.96719096293,0.5445283,severely poor,1998.617431640625
359867,0.36361746982421916,37.97552429293,0.5589243,severely poor,1132.190673828125
359868,0.36361746982421916,37.98385762293,0.59000945,severely poor,1233.80126953125
359869,0.36361746982421916,37.99219095293,0.63270086,severely poor,879.28076171875
360275,0.3552841398242199,34.47552569293,0.46758446,poor,1443.04150390625
360276,0.3552841398242199,34.48385902293,0.40600494,poor,2907.2509765625
360277,0.3552841398242199,34.49219235293,0.3732655,poor,992.2423095703125
360278,0.3552841398242199,34.50052568293,0.40533635,poor,960.8817749023438
360291,0.3552841398242199,34.60885897293,0.4642327,poor,905.6275024414062
360292,0.3552841398242199,34.61719230293,0.46398833,poor,857.2797241210938
360303,0.3552841398242199,34.70885893293,0.42187876,poor,898.3272094726562
360312,0.3552841398242199,34.78385890293,0.45128587,poor,813.9940795898438
360646,0.3552841398242199,37.56719112293,0.5476613,severely poor,1615.4825439453125
360647,0.3552841398242199,37.57552445293,0.5046314,severely poor,4913.787109375
360648,0.3552841398242199,37.58385778293,0.52183,severely poor,3940.297119140625
360649,0.3552841398242199,37.592191112929996,0.60206246,severely poor,1804.5794677734375
360650,0.3552841398242199,37.60052444293,0.61645705,severely poor,829.831787109375
360690,0.3552841398242199,37.93385764293,0.51138186,severely poor,1004.7200927734375
360691,0.3552841398242199,37.94219097293,0.5114024,severely poor,1302.5267333984375
360692,0.3552841398242199,37.95052430293,0.5187056,severely poor,1352.5262451171875
360693,0.3552841398242199,37.95885763293,0.54007703,severely poor,1590.9921875
360694,0.3552841398242199,37.96719096293,0.5723197,severely poor,1147.1339111328125
360695,0.3552841398242199,37.97552429293,0.5813665,severely poor,1256.3953857421875
360696,0.3552841398242199,37.98385762293,0.6110176,severely poor,1320.732177734375
360697,0.3552841398242199,37.99219095293,0.6411039,severely poor,1111.1123046875
361079,0.3469508098242198,34.26719244293,0.537689,severely poor,820.4927978515625
361087,0.3469508098242198,34.33385908293,0.5087674,severely poor,906.5821533203125
361104,0.3469508098242198,34.47552569293,0.4917483,poor,1107.101806640625
361105,0.3469508098242198,34.48385902293,0.4604827,poor,2574.53369140625
361106,0.3469508098242198,34.49219235293,0.47457686,poor,1473.9140625
361135,0.3469508098242198,34.73385892293,0.4439913,poor,950.2413940429688
361475,0.3469508098242198,37.56719112293,0.5594334,severely poor,2178.049560546875
361476,0.3469508098242198,37.57552445293,0.518787,severely poor,6439.060546875
361477,0.3469508098242198,37.58385778293,0.58520174,severely poor,2664.61328125
361478,0.3469508098242198,37.592191112929996,0.6078047,severely poor,840.9263916015625
361518,0.3469508098242198,37.92552431293,0.5039279,severely poor,963.8737182617188
361519,0.3469508098242198,37.93385764293,0.49779353,poor,1437.579833984375
361520,0.3469508098242198,37.94219097293,0.5173757,severely poor,1176.0897216796875
361521,0.3469508098242198,37.95052430293,0.5227032,severely poor,1076.1717529296875
361523,0.3469508098242198,37.96719096293,0.59214497,severely poor,1094.134765625
361524,0.3469508098242198,37.97552429293,0.61889654,severely poor,1139.910888671875
361525,0.3469508098242198,37.98385762293,0.6393977,severely poor,1423.0433349609375
361526,0.3469508098242198,37.99219095293,0.6688807,severely poor,1723.1414794921875
361906,0.33861747982421964,34.24219245293,0.5268064,severely poor,856.846923828125
361908,0.33861747982421964,34.25885911293,0.52270895,severely poor,1079.3507080078125
361917,0.33861747982421964,34.33385908293,0.5228014,severely poor,1160.429443359375
361934,0.33861747982421964,34.47552569293,0.46557647,poor,2034.625732421875
361935,0.33861747982421964,34.48385902293,0.4290196,poor,3856.665771484375
361936,0.33861747982421964,34.49219235293,0.47086146,poor,1349.121337890625
361947,0.33861747982421964,34.58385898293,0.4640607,poor,838.9014282226562
361948,0.33861747982421964,34.59219231293,0.46718496,poor,858.0693969726562
361955,0.33861747982421964,34.65052562293,0.49701127,poor,856.4210815429688
361974,0.33861747982421964,34.80885889293,0.41370416,poor,1218.0167236328125
361975,0.33861747982421964,34.81719222293,0.4146062,poor,902.2191772460938
362304,0.33861747982421964,37.55885779293,0.5987382,severely poor,895.0130615234375
362305,0.33861747982421964,37.56719112293,0.5424647,severely poor,3966.45166015625
362306,0.33861747982421964,37.57552445293,0.5410695,severely poor,5616.2490234375
362348,0.33861747982421964,37.92552431293,0.47777057,poor,1092.186279296875
362349,0.33861747982421964,37.93385764293,0.4653147,poor,3471.470947265625
362350,0.33861747982421964,37.94219097293,0.5056847,severely poor,1620.5872802734375
362351,0.33861747982421964,37.95052430293,0.5378704,severely poor,1055.0496826171875
362352,0.33861747982421964,37.95885763293,0.58171636,severely poor,911.710693359375
362353,0.33861747982421964,37.96719096293,0.61274993,severely poor,1386.5496826171875
362354,0.33861747982421964,37.97552429293,0.6275826,severely poor,1887.53759765625
362355,0.33861747982421964,37.98385762293,0.634548,severely poor,2150.888916015625
362356,0.33861747982421964,37.99219095293,0.66024375,severely poor,1796.783935546875
362357,0.33861747982421964,38.00052428293,0.6744698,severely poor,1123.545166015625
362764,0.3302841498242195,34.46719236293,0.50553805,severely poor,984.3727416992188
362765,0.3302841498242195,34.47552569293,0.4792637,poor,2043.962646484375
362766,0.3302841498242195,34.48385902293,0.466628,poor,3121.72265625
362767,0.3302841498242195,34.49219235293,0.41775113,poor,2707.943359375
362768,0.3302841498242195,34.50052568293,0.44452006,poor,1696.2822265625
362771,0.3302841498242195,34.52552567293,0.46919692,poor,984.5369873046875
362776,0.3302841498242195,34.56719232293,0.46358627,poor,850.8720092773438
362777,0.3302841498242195,34.57552565293,0.46661842,poor,853.6217041015625
362778,0.3302841498242195,34.58385898293,0.4771784,poor,958.6982421875
362779,0.3302841498242195,34.59219231293,0.48125038,poor,1007.7002563476562
362801,0.3302841498242195,34.77552557293,0.42074293,poor,1204.2344970703125
362802,0.3302841498242195,34.78385890293,0.42070273,poor,994.6139526367188
362803,0.3302841498242195,34.79219223293,0.4122955,poor,1057.276123046875
362804,0.3302841498242195,34.80052556293,0.425936,poor,943.9226684570312
362805,0.3302841498242195,34.80885889293,0.4219895,poor,974.7767333984375
363135,0.3302841498242195,37.55885779293,0.5962891,severely poor,823.732666015625
363136,0.3302841498242195,37.56719112293,0.5779494,severely poor,2077.45849609375
363179,0.3302841498242195,37.92552431293,0.5147363,severely poor,1380.307861328125
363180,0.3302841498242195,37.93385764293,0.4955823,poor,1945.4486083984375
363181,0.3302841498242195,37.94219097293,0.5239979,severely poor,1486.5860595703125
363182,0.3302841498242195,37.95052430293,0.5551847,severely poor,1128.60009765625
363183,0.3302841498242195,37.95885763293,0.59087276,severely poor,1405.14892578125
363184,0.3302841498242195,37.96719096293,0.6222273,severely poor,1504.2587890625
363185,0.3302841498242195,37.97552429293,0.6280829,severely poor,1983.8946533203125
363186,0.3302841498242195,37.98385762293,0.6306876,severely poor,1744.0545654296875
363187,0.3302841498242195,37.99219095293,0.63982314,severely poor,1626.54541015625
363188,0.3302841498242195,38.00052428293,0.6581361,severely poor,1055.66650390625
363568,0.32195081982421936,34.23385912293,0.5150382,severely poor,859.8030395507812
363574,0.32195081982421936,34.28385910293,0.51786345,severely poor,811.698974609375
363597,0.32195081982421936,34.47552569293,0.4927286,poor,1316.6715087890625
363598,0.32195081982421936,34.48385902293,0.4924887,poor,1443.022216796875
363599,0.32195081982421936,34.49219235293,0.48540312,poor,1779.16650390625
363600,0.32195081982421936,34.50052568293,0.48258168,poor,2462.032470703125
363601,0.32195081982421936,34.50885901293,0.4869869,poor,1331.736572265625
363602,0.32195081982421936,34.51719234293,0.48867112,poor,956.6331176757812
363603,0.32195081982421936,34.52552567293,0.49232367,poor,898.6766357421875
363607,0.32195081982421936,34.55885899293,0.47244385,poor,893.0399169921875
363608,0.32195081982421936,34.56719232293,0.45118284,poor,1902.569580078125
363609,0.32195081982421936,34.57552565293,0.45001832,poor,1469.197265625
363629,0.32195081982421936,34.74219225293,0.41232634,poor,935.4701538085938
363630,0.32195081982421936,34.75052558293,0.41381428,poor,897.4025268554688
363631,0.32195081982421936,34.75885891293,0.4110872,poor,954.1803588867188
363632,0.32195081982421936,34.76719224293,0.4123819,poor,1476.8671875
363633,0.32195081982421936,34.77552557293,0.41062158,poor,1291.880615234375
363634,0.32195081982421936,34.78385890293,0.42905137,poor,888.6846923828125
363680,0.32195081982421936,35.16719208293,0.35389656,poor,1184.9884033203125
364010,0.32195081982421936,37.91719098293,0.5094151,severely poor,975.7172241210938
364011,0.32195081982421936,37.92552431293,0.5217676,severely poor,1479.5108642578125
364012,0.32195081982421936,37.93385764293,0.4960455,poor,1715.018798828125
364013,0.32195081982421936,37.94219097293,0.5173831,severely poor,1417.6956787109375
364014,0.32195081982421936,37.95052430293,0.5479367,severely poor,1097.4232177734375
364015,0.32195081982421936,37.95885763293,0.59098494,severely poor,1502.7808837890625
364016,0.32195081982421936,37.96719096293,0.61115706,severely poor,1529.047607421875
364017,0.32195081982421936,37.97552429293,0.610996,severely poor,1254.2547607421875
364018,0.32195081982421936,37.98385762293,0.60800934,severely poor,1197.325439453125
364019,0.32195081982421936,37.99219095293,0.61976296,severely poor,1224.37548828125
364397,0.3136174898242192,34.20052580293,0.51770556,severely poor,1169.306640625
364405,0.3136174898242192,34.26719244293,0.51384646,severely poor,841.9464721679688
364407,0.3136174898242192,34.28385910293,0.5272117,severely poor,810.3395385742188
364430,0.3136174898242192,34.47552569293,0.494538,poor,906.0330200195312
364432,0.3136174898242192,34.49219235293,0.5115043,severely poor,821.8199462890625
364433,0.3136174898242192,34.50052568293,0.5217118,severely poor,979.6583251953125
364434,0.3136174898242192,34.50885901293,0.51577735,severely poor,977.1699829101562
364435,0.3136174898242192,34.51719234293,0.51317316,severely poor,1204.1951904296875
364439,0.3136174898242192,34.55052566293,0.48556572,poor,827.79345703125
364440,0.3136174898242192,34.55885899293,0.48146683,poor,1050.1875
364441,0.3136174898242192,34.56719232293,0.4804382,poor,866.1045532226562
364442,0.3136174898242192,34.57552565293,0.46239305,poor,919.310791015625
364462,0.3136174898242192,34.74219225293,0.40058511,poor,1190.8782958984375
364463,0.3136174898242192,34.75052558293,0.38764995,poor,1809.806884765625
364464,0.3136174898242192,34.75885891293,0.39836836,poor,1906.83544921875
364465,0.3136174898242192,34.76719224293,0.39776465,poor,1950.46142578125
364466,0.3136174898242192,34.77552557293,0.41711396,poor,1103.0650634765625
364512,0.3136174898242192,35.15885875293,0.3725389,poor,839.2646484375
364569,0.3136174898242192,35.63385856293,0.5820986,severely poor,917.747314453125
364841,0.3136174898242192,37.900524322929996,0.49981734,poor,1097.590576171875
364842,0.3136174898242192,37.908857652929996,0.5065003,severely poor,896.9523315429688
364843,0.3136174898242192,37.91719098293,0.5149287,severely poor,1014.5029907226562
364844,0.3136174898242192,37.92552431293,0.51381063,severely poor,1286.62060546875
364845,0.3136174898242192,37.93385764293,0.49727052,poor,1390.640380859375
364846,0.3136174898242192,37.94219097293,0.5209366,severely poor,1108.727783203125
364847,0.3136174898242192,37.95052430293,0.5452179,severely poor,853.3115844726562
364848,0.3136174898242192,37.95885763293,0.5794963,severely poor,1341.02001953125
364849,0.3136174898242192,37.96719096293,0.56981504,severely poor,1458.9520263671875
364850,0.3136174898242192,37.97552429293,0.5914675,severely poor,1461.0250244140625
364851,0.3136174898242192,37.98385762293,0.5791415,severely poor,1453.971435546875
364852,0.3136174898242192,37.99219095293,0.59420115,severely poor,1056.481689453125
365229,0.3052841598242191,34.19219247293,0.51496154,severely poor,1166.6339111328125
365230,0.3052841598242191,34.20052580293,0.50160736,severely poor,2480.7216796875
365231,0.3052841598242191,34.20885913293,0.52995366,severely poor,964.3527221679688
365240,0.3052841598242191,34.28385910293,0.53493875,severely poor,1355.46435546875
365275,0.3052841598242191,34.57552565293,0.4758511,poor,833.9456787109375
365276,0.3052841598242191,34.58385898293,0.4644905,poor,894.6642456054688
365280,0.3052841598242191,34.61719230293,0.4472425,poor,1251.7562255859375
365281,0.3052841598242191,34.62552563293,0.44879094,poor,892.8768310546875
365294,0.3052841598242191,34.73385892293,0.4036609,poor,880.3391723632812
365295,0.3052841598242191,34.74219225293,0.38455564,poor,1443.994140625
365296,0.3052841598242191,34.75052558293,0.3725161,poor,2361.083251953125
365297,0.3052841598242191,34.75885891293,0.35201555,poor,4456.0322265625
365298,0.3052841598242191,34.76719224293,0.3679024,poor,2870.02001953125
365299,0.3052841598242191,34.77552557293,0.41737926,poor,880.311279296875
365672,0.3052841598242191,37.88385766293,0.5100176,severely poor,854.6832275390625
365673,0.3052841598242191,37.89219099293,0.5032892,severely poor,957.8041381835938
365674,0.3052841598242191,37.900524322929996,0.49787557,poor,1300.6556396484375
365675,0.3052841598242191,37.908857652929996,0.49858743,poor,1332.741455078125
365676,0.3052841598242191,37.91719098293,0.53537303,severely poor,1161.2921142578125
365677,0.3052841598242191,37.92552431293,0.515454,severely poor,1525.194580078125
365678,0.3052841598242191,37.93385764293,0.5001888,severely poor,1492.6844482421875
365679,0.3052841598242191,37.94219097293,0.5222108,severely poor,1379.7315673828125
365680,0.3052841598242191,37.95052430293,0.5469933,severely poor,1703.5191650390625
365681,0.3052841598242191,37.95885763293,0.5705004,severely poor,1134.2896728515625
365682,0.3052841598242191,37.96719096293,0.5465962,severely poor,1049.6280517578125
365683,0.3052841598242191,37.97552429293,0.57037854,severely poor,1774.7652587890625
365684,0.3052841598242191,37.98385762293,0.5865959,severely poor,1846.5797119140625
365685,0.3052841598242191,37.99219095293,0.5848773,severely poor,932.541748046875
366064,0.29695082982421983,34.20052580293,0.54741395,severely poor,881.7821655273438
366100,0.29695082982421983,34.50052568293,0.49280083,poor,848.3067016601562
366101,0.29695082982421983,34.50885901293,0.5226525,severely poor,871.80126953125
366114,0.29695082982421983,34.61719230293,0.4671198,poor,833.6153564453125
366126,0.29695082982421983,34.71719226293,0.42977348,poor,952.1204833984375
366127,0.29695082982421983,34.72552559293,0.4184831,poor,996.4026489257812
366128,0.29695082982421983,34.73385892293,0.38956556,poor,1950.0885009765625
366129,0.29695082982421983,34.74219225293,0.33759925,poor,4114.05419921875
366130,0.29695082982421983,34.75052558293,0.34435424,poor,3266.873779296875
366131,0.29695082982421983,34.75885891293,0.33489183,poor,3379.705078125
366132,0.29695082982421983,34.76719224293,0.3901879,poor,2337.411865234375
366506,0.29695082982421983,37.88385766293,0.49962726,poor,1261.7606201171875
366507,0.29695082982421983,37.89219099293,0.5063384,severely poor,1482.233154296875
366508,0.29695082982421983,37.900524322929996,0.50209963,severely poor,1352.5841064453125
366509,0.29695082982421983,37.908857652929996,0.4954514,poor,1162.8759765625
366510,0.29695082982421983,37.91719098293,0.5065087,severely poor,1184.2720947265625
366511,0.29695082982421983,37.92552431293,0.50975966,severely poor,1364.0557861328125
366512,0.29695082982421983,37.93385764293,0.48934662,poor,1592.2557373046875
366513,0.29695082982421983,37.94219097293,0.50908434,severely poor,1700.8228759765625
366514,0.29695082982421983,37.95052430293,0.5515141,severely poor,2033.7469482421875
366515,0.29695082982421983,37.95885763293,0.5372025,severely poor,980.7867431640625
366516,0.29695082982421983,37.96719096293,0.55024743,severely poor,1055.2655029296875
366517,0.29695082982421983,37.97552429293,0.5567414,severely poor,1716.4442138671875
366518,0.29695082982421983,37.98385762293,0.57640463,severely poor,1255.9278564453125
366519,0.29695082982421983,37.99219095293,0.591084,severely poor,867.2686157226562
366520,0.29695082982421983,38.00052428293,0.59145844,severely poor,893.9036254882812
366887,0.2886174998242197,34.10885917293,0.5277466,severely poor,976.5036010742188
366888,0.2886174998242197,34.11719250293,0.5260035,severely poor,1287.8302001953125
366905,0.2886174998242197,34.25885911293,0.4993394,poor,816.0131225585938
366959,0.2886174998242197,34.70885893293,0.4276989,poor,882.8284301757812
366960,0.2886174998242197,34.71719226293,0.41960016,poor,1104.5657958984375
366961,0.2886174998242197,34.72552559293,0.39478967,poor,1373.631591796875
366962,0.2886174998242197,34.73385892293,0.35071024,poor,2925.88427734375
366963,0.2886174998242197,34.74219225293,0.24188603,vulnerable,5174.6162109375
366964,0.2886174998242197,34.75052558293,0.2603966,vulnerable,5353.10107421875
366965,0.2886174998242197,34.75885891293,0.38776597,poor,2302.896728515625
366966,0.2886174998242197,34.76719224293,0.41165224,poor,1320.17333984375
367027,0.2886174998242197,35.27552537293,0.34961534,poor,947.3208618164062
367028,0.2886174998242197,35.28385870293,0.32637233,vulnerable,1431.472412109375
367029,0.2886174998242197,35.29219203293,0.38483927,poor,1331.843994140625
367339,0.2886174998242197,37.87552433293,0.5081315,severely poor,1030.7645263671875
367340,0.2886174998242197,37.88385766293,0.49663314,poor,1391.85498046875
367341,0.2886174998242197,37.89219099293,0.49695596,poor,1440.1490478515625
367342,0.2886174998242197,37.900524322929996,0.47627902,poor,1077.8570556640625
367343,0.2886174998242197,37.908857652929996,0.4739652,poor,1069.5323486328125
367344,0.2886174998242197,37.91719098293,0.48226687,poor,1804.0797119140625
367345,0.2886174998242197,37.92552431293,0.48291358,poor,1779.7088623046875
367346,0.2886174998242197,37.93385764293,0.4927518,poor,1509.7977294921875
367347,0.2886174998242197,37.94219097293,0.51858646,severely poor,1480.1875
367348,0.2886174998242197,37.95052430293,0.53484976,severely poor,1470.309326171875
367349,0.2886174998242197,37.95885763293,0.5292529,severely poor,1099.6751708984375
367350,0.2886174998242197,37.96719096293,0.52491724,severely poor,1678.22412109375
367351,0.2886174998242197,37.97552429293,0.55507725,severely poor,2167.957275390625
367352,0.2886174998242197,37.98385762293,0.582914,severely poor,1228.0230712890625
367353,0.2886174998242197,37.99219095293,0.5941818,severely poor,863.4718017578125
367354,0.2886174998242197,38.00052428293,0.61346805,severely poor,834.1184692382812
367721,0.28028416982421955,34.10052584293,0.53765726,severely poor,858.7318725585938
367722,0.28028416982421955,34.10885917293,0.53360605,severely poor,1048.5684814453125
367723,0.28028416982421955,34.11719250293,0.51557356,severely poor,1989.0565185546875
367795,0.28028416982421955,34.71719226293,0.41227204,poor,1342.103759765625
367796,0.28028416982421955,34.72552559293,0.39659628,poor,2602.104736328125
367797,0.28028416982421955,34.73385892293,0.34922993,poor,3589.482421875
367798,0.28028416982421955,34.74219225293,0.33686894,poor,3940.08349609375
367799,0.28028416982421955,34.75052558293,0.3476967,poor,3501.946044921875
367800,0.28028416982421955,34.75885891293,0.39334235,poor,2126.470947265625
367801,0.28028416982421955,34.76719224293,0.39071837,poor,1079.763916015625
367802,0.28028416982421955,34.77552557293,0.41910827,poor,862.8705444335938
367803,0.28028416982421955,34.78385890293,0.42180768,poor,851.8712768554688
367804,0.28028416982421955,34.79219223293,0.42114806,poor,870.0510864257812
367807,0.28028416982421955,34.81719222293,0.46543878,poor,803.501953125
367808,0.28028416982421955,34.82552555293,0.4724266,poor,823.1527099609375
367863,0.28028416982421955,35.28385870293,0.41024232,poor,967.2671508789062
367864,0.28028416982421955,35.29219203293,0.4002797,poor,1305.067626953125
368174,0.28028416982421955,37.87552433293,0.4947853,poor,1186.460693359375
368175,0.28028416982421955,37.88385766293,0.4773899,poor,2545.526123046875
368176,0.28028416982421955,37.89219099293,0.49465218,poor,1526.277099609375
368177,0.28028416982421955,37.900524322929996,0.4884138,poor,921.8184204101562
368178,0.28028416982421955,37.908857652929996,0.48174515,poor,1069.8857421875
368179,0.28028416982421955,37.91719098293,0.4719052,poor,1565.6219482421875
368180,0.28028416982421955,37.92552431293,0.4802605,poor,2165.469482421875
368181,0.28028416982421955,37.93385764293,0.4860852,poor,1953.3695068359375
368182,0.28028416982421955,37.94219097293,0.5227305,severely poor,1086.727294921875
368183,0.28028416982421955,37.95052430293,0.5284425,severely poor,1010.9711303710938
368184,0.28028416982421955,37.95885763293,0.51200724,severely poor,1265.4755859375
368185,0.28028416982421955,37.96719096293,0.53418756,severely poor,1760.83056640625
368186,0.28028416982421955,37.97552429293,0.5755141,severely poor,1810.3511962890625
368187,0.28028416982421955,37.98385762293,0.59456825,severely poor,1066.1644287109375
368188,0.28028416982421955,37.99219095293,0.6321171,severely poor,931.4993286132812
368572,0.2719508398242194,34.22552579293,0.55824256,severely poor,866.8292236328125
368599,0.2719508398242194,34.45052570293,0.49183506,poor,999.4042358398438
368607,0.2719508398242194,34.51719234293,0.52140605,severely poor,1120.886962890625
368614,0.2719508398242194,34.57552565293,0.5147046,severely poor,1078.724609375
368631,0.2719508398242194,34.71719226293,0.42840204,poor,1088.6512451171875
368632,0.2719508398242194,34.72552559293,0.4282015,poor,1833.723388671875
368633,0.2719508398242194,34.73385892293,0.4027094,poor,1703.85986328125
368634,0.2719508398242194,34.74219225293,0.35569313,poor,2966.177734375
368635,0.2719508398242194,34.75052558293,0.3472794,poor,4063.947509765625
368636,0.2719508398242194,34.75885891293,0.38948643,poor,4309.16845703125
368637,0.2719508398242194,34.76719224293,0.39595357,poor,2089.577392578125
368638,0.2719508398242194,34.77552557293,0.41538244,poor,1242.554931640625
368639,0.2719508398242194,34.78385890293,0.419876,poor,1387.6639404296875
368640,0.2719508398242194,34.79219223293,0.4106931,poor,939.106201171875
368641,0.2719508398242194,34.80052556293,0.4345851,poor,869.7286376953125
368642,0.2719508398242194,34.80885889293,0.45646986,poor,972.8108520507812
368643,0.2719508398242194,34.81719222293,0.47243685,poor,1030.349609375
368644,0.2719508398242194,34.82552555293,0.47850263,poor,1001.3857421875
368645,0.2719508398242194,34.83385888293,0.47446656,poor,865.7471313476562
369009,0.2719508398242194,37.86719100293,0.4732622,poor,822.7761840820312
369010,0.2719508398242194,37.87552433293,0.50395143,severely poor,1361.1749267578125
369011,0.2719508398242194,37.88385766293,0.493035,poor,1944.496826171875
369012,0.2719508398242194,37.89219099293,0.48030415,poor,1303.7359619140625
369013,0.2719508398242194,37.900524322929996,0.48280457,poor,941.9354858398438
369014,0.2719508398242194,37.908857652929996,0.48310676,poor,1162.9456787109375
369015,0.2719508398242194,37.91719098293,0.4668986,poor,1678.3729248046875
369016,0.2719508398242194,37.92552431293,0.46372512,poor,2485.2568359375
369017,0.2719508398242194,37.93385764293,0.4856525,poor,2590.7392578125
369018,0.2719508398242194,37.94219097293,0.52677184,severely poor,1344.9073486328125
369019,0.2719508398242194,37.95052430293,0.52563906,severely poor,1568.2796630859375
369020,0.2719508398242194,37.95885763293,0.5198212,severely poor,1451.492431640625
369021,0.2719508398242194,37.96719096293,0.53418976,severely poor,1365.7340087890625
369022,0.2719508398242194,37.97552429293,0.5685058,severely poor,1557.296875
369408,0.2636175098242193,34.21719246293,0.5516158,severely poor,1481.469970703125
369409,0.2636175098242193,34.22552579293,0.51924264,severely poor,1960.9193115234375
369442,0.2636175098242193,34.50052568293,0.47417584,poor,860.3319091796875
369443,0.2636175098242193,34.50885901293,0.48998797,poor,832.3492431640625
369468,0.2636175098242193,34.71719226293,0.43895075,poor,815.6416015625
369469,0.2636175098242193,34.72552559293,0.4399773,poor,1219.9730224609375
369470,0.2636175098242193,34.73385892293,0.42616042,poor,1218.00390625
369471,0.2636175098242193,34.74219225293,0.4084529,poor,1978.1939697265625
369472,0.2636175098242193,34.75052558293,0.40030998,poor,4094.91064453125
369473,0.2636175098242193,34.75885891293,0.41336963,poor,2772.359375
369474,0.2636175098242193,34.76719224293,0.42206052,poor,1540.7266845703125
369475,0.2636175098242193,34.77552557293,0.42366475,poor,957.5868530273438
369476,0.2636175098242193,34.78385890293,0.42744926,poor,1002.2918701171875
369477,0.2636175098242193,34.79219223293,0.42425117,poor,932.2740478515625
369478,0.2636175098242193,34.80052556293,0.432862,poor,838.1013793945312
369480,0.2636175098242193,34.81719222293,0.46924776,poor,859.8115844726562
369481,0.2636175098242193,34.82552555293,0.46661732,poor,940.1227416992188
369482,0.2636175098242193,34.83385888293,0.46249297,poor,892.0020141601562
369846,0.2636175098242193,37.86719100293,0.4953893,poor,806.19482421875
369847,0.2636175098242193,37.87552433293,0.5003003,severely poor,1112.1519775390625
369848,0.2636175098242193,37.88385766293,0.5249669,severely poor,1252.4906005859375
369849,0.2636175098242193,37.89219099293,0.5199667,severely poor,1179.442626953125
369850,0.2636175098242193,37.900524322929996,0.51958376,severely poor,888.7299194335938
369851,0.2636175098242193,37.908857652929996,0.49358696,poor,818.5726318359375
369852,0.2636175098242193,37.91719098293,0.49127173,poor,1314.0947265625
369853,0.2636175098242193,37.92552431293,0.49866953,poor,2065.110595703125
369854,0.2636175098242193,37.93385764293,0.48961577,poor,2092.400146484375
369855,0.2636175098242193,37.94219097293,0.51064825,severely poor,1264.2349853515625
369856,0.2636175098242193,37.95052430293,0.51920295,severely poor,1643.0220947265625
369857,0.2636175098242193,37.95885763293,0.52509856,severely poor,1374.8072509765625
369858,0.2636175098242193,37.96719096293,0.553464,severely poor,952.0873413085938
369859,0.2636175098242193,37.97552429293,0.5846562,severely poor,958.4445190429688
370247,0.25528417982421914,34.22552579293,0.53339154,severely poor,957.7505493164062
370274,0.25528417982421914,34.45052570293,0.49995375,poor,813.2996826171875
370307,0.25528417982421914,34.72552559293,0.45646077,poor,825.2521362304688
370308,0.25528417982421914,34.73385892293,0.4437098,poor,812.4573974609375
370309,0.25528417982421914,34.74219225293,0.4153957,poor,1108.0567626953125
370310,0.25528417982421914,34.75052558293,0.42425808,poor,1629.6619873046875
370311,0.25528417982421914,34.75885891293,0.4287305,poor,1279.8045654296875
370312,0.25528417982421914,34.76719224293,0.4306888,poor,1067.8043212890625
370313,0.25528417982421914,34.77552557293,0.42292666,poor,957.6151123046875
370314,0.25528417982421914,34.78385890293,0.44229046,poor,925.9922485351562
370315,0.25528417982421914,34.79219223293,0.43370965,poor,937.5549926757812
370319,0.25528417982421914,34.82552555293,0.44739717,poor,817.2586059570312
370685,0.25528417982421914,37.87552433293,0.53324157,severely poor,840.556396484375
370686,0.25528417982421914,37.88385766293,0.5332753,severely poor,974.3854370117188
370687,0.25528417982421914,37.89219099293,0.5402765,severely poor,903.6578369140625
370689,0.25528417982421914,37.908857652929996,0.5246983,severely poor,930.9828491210938
370690,0.25528417982421914,37.91719098293,0.5283074,severely poor,1093.0753173828125
370691,0.25528417982421914,37.92552431293,0.48337716,poor,1277.3203125
370692,0.25528417982421914,37.93385764293,0.47921646,poor,943.7401123046875
370694,0.25528417982421914,37.95052430293,0.5042064,severely poor,1109.5728759765625
370695,0.25528417982421914,37.95885763293,0.53526044,severely poor,1233.89306640625
371139,0.2469508498242199,34.67552561293,0.44917038,poor,1016.2181396484375
371148,0.2469508498242199,34.75052558293,0.42262456,poor,1258.9561767578125
371149,0.2469508498242199,34.75885891293,0.4240365,poor,971.8930053710938
371150,0.2469508498242199,34.76719224293,0.43347472,poor,832.7817993164062
371151,0.2469508498242199,34.77552557293,0.43942884,poor,1039.468505859375
371152,0.2469508498242199,34.78385890293,0.44152138,poor,959.7532958984375
371153,0.2469508498242199,34.79219223293,0.43440685,poor,932.667236328125
371173,0.2469508498242199,34.95885883293,0.5218422,severely poor,1044.7830810546875
371530,0.2469508498242199,37.93385764293,0.44918963,poor,1523.8338623046875
371531,0.2469508498242199,37.94219097293,0.48317498,poor,1873.96142578125
371532,0.2469508498242199,37.95052430293,0.48521563,poor,1127.7503662109375
371533,0.2469508498242199,37.95885763293,0.5432189,severely poor,1506.3922119140625
371534,0.2469508498242199,37.96719096293,0.5611152,severely poor,900.1913452148438
371540,0.2469508498242199,38.01719094293,0.7378877,severely poor,909.3812255859375
371541,0.2469508498242199,38.02552427293,0.7244842,severely poor,807.8103637695312
371956,0.23861751982421975,34.49219235293,0.47889602,poor,864.5692138671875
371957,0.23861751982421975,34.50052568293,0.4826601,poor,972.9873046875
371958,0.23861751982421975,34.50885901293,0.4512829,poor,857.1831665039062
371959,0.23861751982421975,34.51719234293,0.46636724,poor,978.2391357421875
371960,0.23861751982421975,34.52552567293,0.45966998,poor,872.410888671875
371966,0.23861751982421975,34.57552565293,0.46713844,poor,822.919189453125
371987,0.23861751982421975,34.75052558293,0.42504275,poor,902.0772705078125
371988,0.23861751982421975,34.75885891293,0.43462655,poor,893.5390014648438
371989,0.23861751982421975,34.76719224293,0.4402626,poor,835.7199096679688
371990,0.23861751982421975,34.77552557293,0.45263338,poor,809.5563354492188
371993,0.23861751982421975,34.80052556293,0.42946264,poor,896.447021484375
371994,0.23861751982421975,34.80885889293,0.42801684,poor,1017.5601196289062
371995,0.23861751982421975,34.81719222293,0.42828032,poor,1064.535888671875
371996,0.23861751982421975,34.82552555293,0.43311855,poor,905.9752197265625
372368,0.23861751982421975,37.92552431293,0.37584293,poor,807.1433715820312
372369,0.23861751982421975,37.93385764293,0.40594682,poor,5315.798828125
372370,0.23861751982421975,37.94219097293,0.43985084,poor,3825.046875
372371,0.23861751982421975,37.95052430293,0.46098727,poor,1400.1890869140625
372372,0.23861751982421975,37.95885763293,0.5044342,severely poor,1133.58349609375
372373,0.23861751982421975,37.96719096293,0.5618118,severely poor,1109.151611328125
372376,0.23861751982421975,37.99219095293,0.7025707,severely poor,822.658447265625
372377,0.23861751982421975,38.00052428293,0.71917474,severely poor,988.0603637695312
372378,0.23861751982421975,38.00885761293,0.7176384,severely poor,1595.285888671875
372379,0.23861751982421975,38.01719094293,0.7183007,severely poor,1470.5994873046875
372380,0.23861751982421975,38.02552427293,0.70760506,severely poor,1224.270751953125
372790,0.2302841898242196,34.44219237293,0.48601705,poor,801.5482788085938
372792,0.2302841898242196,34.45885903293,0.48622167,poor,898.0346069335938
372793,0.2302841898242196,34.46719236293,0.47759184,poor,851.3998413085938
372794,0.2302841898242196,34.47552569293,0.4989474,poor,892.1204833984375
372795,0.2302841898242196,34.48385902293,0.4935593,poor,874.57080078125
372796,0.2302841898242196,34.49219235293,0.48210075,poor,947.0643310546875
372797,0.2302841898242196,34.50052568293,0.47450006,poor,1105.501708984375
372798,0.2302841898242196,34.50885901293,0.4662924,poor,975.7821655273438
372799,0.2302841898242196,34.51719234293,0.46288675,poor,1700.82470703125
372800,0.2302841898242196,34.52552567293,0.467425,poor,1718.1396484375
372801,0.2302841898242196,34.53385900293,0.48643526,poor,820.3173828125
372804,0.2302841898242196,34.55885899293,0.4814084,poor,931.1588745117188
372805,0.2302841898242196,34.56719232293,0.4826467,poor,964.1372680664062
372806,0.2302841898242196,34.57552565293,0.47594866,poor,840.280517578125
372813,0.2302841898242196,34.63385896293,0.4473275,poor,919.5016479492188
372814,0.2302841898242196,34.64219229293,0.46039608,poor,879.37158203125
372822,0.2302841898242196,34.70885893293,0.48127958,poor,1120.5955810546875
372823,0.2302841898242196,34.71719226293,0.4725298,poor,980.6370849609375
372824,0.2302841898242196,34.72552559293,0.4786769,poor,855.470458984375
372826,0.2302841898242196,34.74219225293,0.4272671,poor,816.6046142578125
372827,0.2302841898242196,34.75052558293,0.40454668,poor,999.1878051757812
372828,0.2302841898242196,34.75885891293,0.42838508,poor,1214.2615966796875
372829,0.2302841898242196,34.76719224293,0.44675905,poor,938.1705932617188
372830,0.2302841898242196,34.77552557293,0.44446024,poor,817.1058959960938
372833,0.2302841898242196,34.80052556293,0.4261769,poor,917.7030639648438
372834,0.2302841898242196,34.80885889293,0.41711757,poor,1759.2769775390625
372835,0.2302841898242196,34.81719222293,0.42098475,poor,1853.7430419921875
372836,0.2302841898242196,34.82552555293,0.44032463,poor,965.5997924804688
373192,0.2302841898242196,37.79219103293,0.5467797,severely poor,993.5977783203125
373193,0.2302841898242196,37.80052436293,0.5570633,severely poor,918.0819702148438
373194,0.2302841898242196,37.80885769293,0.54108775,severely poor,805.0336303710938
373195,0.2302841898242196,37.81719102293,0.5391759,severely poor,1219.318603515625
373196,0.2302841898242196,37.825524352929996,0.52696484,severely poor,1321.1019287109375
373208,0.2302841898242196,37.92552431293,0.44621605,poor,1055.6279296875
373209,0.2302841898242196,37.93385764293,0.43311778,poor,3896.264404296875
373210,0.2302841898242196,37.94219097293,0.4490432,poor,4734.0546875
373211,0.2302841898242196,37.95052430293,0.4903519,poor,2055.2275390625
373212,0.2302841898242196,37.95885763293,0.48947367,poor,1086.3006591796875
373213,0.2302841898242196,37.96719096293,0.55372995,severely poor,1095.25341796875
373214,0.2302841898242196,37.97552429293,0.570692,severely poor,940.5040893554688
373579,0.22195085982421947,34.01719254293,0.51195085,severely poor,1272.4232177734375
373608,0.22195085982421947,34.25885911293,0.49162745,poor,948.4048461914062
373629,0.22195085982421947,34.43385904293,0.48062322,poor,834.618408203125
373630,0.22195085982421947,34.44219237293,0.47393185,poor,1828.424560546875
373631,0.22195085982421947,34.45052570293,0.48992777,poor,1190.116943359375
373632,0.22195085982421947,34.45885903293,0.4926521,poor,1132.42431640625
373633,0.22195085982421947,34.46719236293,0.4930883,poor,1024.27685546875
373634,0.22195085982421947,34.47552569293,0.50491107,severely poor,1039.964111328125
373635,0.22195085982421947,34.48385902293,0.48901284,poor,938.728271484375
373636,0.22195085982421947,34.49219235293,0.463798,poor,1299.135498046875
373637,0.22195085982421947,34.50052568293,0.4635134,poor,1770.434326171875
373638,0.22195085982421947,34.50885901293,0.48647556,poor,1023.9461059570312
373639,0.22195085982421947,34.51719234293,0.4776237,poor,1003.1890869140625
373640,0.22195085982421947,34.52552567293,0.49058372,poor,1065.7535400390625
373643,0.22195085982421947,34.55052566293,0.49879506,poor,836.1932983398438
373644,0.22195085982421947,34.55885899293,0.50025886,severely poor,961.064697265625
373646,0.22195085982421947,34.57552565293,0.48204988,poor,804.39208984375
373647,0.22195085982421947,34.58385898293,0.47073203,poor,1086.853759765625
373648,0.22195085982421947,34.59219231293,0.4727866,poor,1513.0323486328125
373650,0.22195085982421947,34.60885897293,0.4559563,poor,1232.432373046875
373651,0.22195085982421947,34.61719230293,0.45624542,poor,955.7891235351562
373653,0.22195085982421947,34.63385896293,0.4588881,poor,843.6393432617188
373661,0.22195085982421947,34.70052560293,0.45862892,poor,803.319091796875
373662,0.22195085982421947,34.70885893293,0.45591256,poor,964.6875610351562
373663,0.22195085982421947,34.71719226293,0.45911756,poor,986.03955078125
373664,0.22195085982421947,34.72552559293,0.45425707,poor,891.7227172851562
373666,0.22195085982421947,34.74219225293,0.4386177,poor,906.918212890625
373667,0.22195085982421947,34.75052558293,0.40096483,poor,811.9769897460938
373668,0.22195085982421947,34.75885891293,0.38540372,poor,1275.6287841796875
373669,0.22195085982421947,34.76719224293,0.4371821,poor,1297.7061767578125
373670,0.22195085982421947,34.77552557293,0.4362821,poor,940.1568603515625
373671,0.22195085982421947,34.78385890293,0.4393562,poor,825.5907592773438
373672,0.22195085982421947,34.79219223293,0.43586338,poor,880.689453125
373673,0.22195085982421947,34.80052556293,0.42306733,poor,1025.620361328125
373674,0.22195085982421947,34.80885889293,0.42832074,poor,2044.4349365234375
373675,0.22195085982421947,34.81719222293,0.4494707,poor,1332.03662109375
373676,0.22195085982421947,34.82552555293,0.46991247,poor,1070.274169921875
373677,0.22195085982421947,34.83385888293,0.4709074,poor,862.045654296875
373732,0.22195085982421947,35.29219203293,0.36950186,poor,1051.510986328125
373748,0.22195085982421947,35.42552531293,0.32962313,vulnerable,1774.5716552734375
373749,0.22195085982421947,35.43385864293,0.3789326,poor,995.142578125
374032,0.22195085982421947,37.79219103293,0.55859303,severely poor,1078.3309326171875
374033,0.22195085982421947,37.80052436293,0.56636816,severely poor,1055.9166259765625
374035,0.22195085982421947,37.81719102293,0.52827334,severely poor,1069.3167724609375
374036,0.22195085982421947,37.825524352929996,0.52735573,severely poor,1528.5562744140625
374037,0.22195085982421947,37.83385768293,0.5444284,severely poor,1283.279296875
374047,0.22195085982421947,37.91719098293,0.4984126,poor,1083.314697265625
374048,0.22195085982421947,37.92552431293,0.47744197,poor,1446.6314697265625
374049,0.22195085982421947,37.93385764293,0.486982,poor,1932.8861083984375
374050,0.22195085982421947,37.94219097293,0.509973,severely poor,2309.1923828125
374051,0.22195085982421947,37.95052430293,0.5084092,severely poor,1788.4454345703125
374052,0.22195085982421947,37.95885763293,0.5198466,severely poor,1602.1767578125
374053,0.22195085982421947,37.96719096293,0.5258549,severely poor,1724.7041015625
374054,0.22195085982421947,37.97552429293,0.5527779,severely poor,1305.7181396484375
374471,0.21361752982421933,34.44219237293,0.5012845,severely poor,983.533447265625
374472,0.21361752982421933,34.45052570293,0.50225025,severely poor,842.912841796875
374473,0.21361752982421933,34.45885903293,0.52038896,severely poor,988.0731201171875
374474,0.21361752982421933,34.46719236293,0.52062815,severely poor,856.8394775390625
374475,0.21361752982421933,34.47552569293,0.49941516,poor,887.6248779296875
374476,0.21361752982421933,34.48385902293,0.4774885,poor,1059.1956787109375
374477,0.21361752982421933,34.49219235293,0.45378694,poor,1804.641845703125
374478,0.21361752982421933,34.50052568293,0.48321685,poor,1250.52734375
374479,0.21361752982421933,34.50885901293,0.48873842,poor,899.519287109375
374489,0.21361752982421933,34.59219231293,0.4862673,poor,871.2115478515625
374490,0.21361752982421933,34.60052564293,0.49629247,poor,924.7505493164062
374491,0.21361752982421933,34.60885897293,0.48727077,poor,1225.0567626953125
374502,0.21361752982421933,34.70052560293,0.442319,poor,920.6925659179688
374503,0.21361752982421933,34.70885893293,0.44035986,poor,993.8685913085938
374504,0.21361752982421933,34.71719226293,0.44261312,poor,1044.556884765625
374505,0.21361752982421933,34.72552559293,0.45522642,poor,958.9061279296875
374506,0.21361752982421933,34.73385892293,0.45073026,poor,909.4996337890625
374507,0.21361752982421933,34.74219225293,0.44999036,poor,936.2449340820312
374508,0.21361752982421933,34.75052558293,0.43999103,poor,898.6576538085938
374509,0.21361752982421933,34.75885891293,0.38633043,poor,1019.4822998046875
374510,0.21361752982421933,34.76719224293,0.4116661,poor,2151.35205078125
374511,0.21361752982421933,34.77552557293,0.42745402,poor,1257.48291015625
374512,0.21361752982421933,34.78385890293,0.44041798,poor,982.2330932617188
374513,0.21361752982421933,34.79219223293,0.43968397,poor,1233.506103515625
374514,0.21361752982421933,34.80052556293,0.44061175,poor,1050.423095703125
374515,0.21361752982421933,34.80885889293,0.45271713,poor,1108.0166015625
374516,0.21361752982421933,34.81719222293,0.47476685,poor,1000.8948364257812
374517,0.21361752982421933,34.82552555293,0.48251903,poor,1146.553955078125
374518,0.21361752982421933,34.83385888293,0.48402008,poor,838.76123046875
374548,0.21361752982421933,35.08385878293,0.3857216,poor,1186.73974609375
374549,0.21361752982421933,35.09219211293,0.37926355,poor,1153.56298828125
374550,0.21361752982421933,35.10052544293,0.3671585,poor,1082.8565673828125
374551,0.21361752982421933,35.10885877293,0.37163585,poor,841.0318603515625
374589,0.21361752982421933,35.42552531293,0.36496025,poor,807.4044799804688
374590,0.21361752982421933,35.43385864293,0.36603445,poor,1110.657958984375
374872,0.21361752982421933,37.78385770293,0.5555102,severely poor,1013.284912109375
374873,0.21361752982421933,37.79219103293,0.56318414,severely poor,1268.9716796875
374874,0.21361752982421933,37.80052436293,0.5666139,severely poor,916.923828125
374877,0.21361752982421933,37.825524352929996,0.56370336,severely poor,1080.3477783203125
374878,0.21361752982421933,37.83385768293,0.56369776,severely poor,969.1383666992188
374888,0.21361752982421933,37.91719098293,0.50792783,severely poor,870.683349609375
374889,0.21361752982421933,37.92552431293,0.49150762,poor,876.0341186523438
374890,0.21361752982421933,37.93385764293,0.52244854,severely poor,1062.9525146484375
374891,0.21361752982421933,37.94219097293,0.53311676,severely poor,1436.3455810546875
374892,0.21361752982421933,37.95052430293,0.55375236,severely poor,1489.4774169921875
374893,0.21361752982421933,37.95885763293,0.5548482,severely poor,1367.3387451171875
374894,0.21361752982421933,37.96719096293,0.5379097,severely poor,1394.4625244140625
374895,0.21361752982421933,37.97552429293,0.5482205,severely poor,924.462646484375
375303,0.2052841998242192,34.35885907293,0.47583714,poor,1080.966552734375
375317,0.2052841998242192,34.47552569293,0.5100597,severely poor,812.2308349609375
375318,0.2052841998242192,34.48385902293,0.48146468,poor,1240.4227294921875
375319,0.2052841998242192,34.49219235293,0.47302243,poor,1144.566650390625
375320,0.2052841998242192,34.50052568293,0.48035556,poor,900.5458374023438
375333,0.2052841998242192,34.60885897293,0.4957518,poor,1047.337158203125
375334,0.2052841998242192,34.61719230293,0.48812076,poor,1090.3636474609375
375339,0.2052841998242192,34.65885895293,0.44608265,poor,1009.0430908203125
375340,0.2052841998242192,34.66719228293,0.44549134,poor,1040.7498779296875
375344,0.2052841998242192,34.70052560293,0.44325203,poor,1011.4476318359375
375345,0.2052841998242192,34.70885893293,0.45055974,poor,1016.4324951171875
375346,0.2052841998242192,34.71719226293,0.4315499,poor,961.3326416015625
375347,0.2052841998242192,34.72552559293,0.42004916,poor,1153.597412109375
375348,0.2052841998242192,34.73385892293,0.4177535,poor,1182.2078857421875
375349,0.2052841998242192,34.74219225293,0.42893267,poor,1238.8792724609375
375350,0.2052841998242192,34.75052558293,0.42842808,poor,951.6392211914062
375351,0.2052841998242192,34.75885891293,0.4375135,poor,946.9329223632812
375352,0.2052841998242192,34.76719224293,0.43925688,poor,1399.5133056640625
375353,0.2052841998242192,34.77552557293,0.44850436,poor,1567.9434814453125
375354,0.2052841998242192,34.78385890293,0.45247573,poor,983.202880859375
375355,0.2052841998242192,34.79219223293,0.4516592,poor,1075.59619140625
375356,0.2052841998242192,34.80052556293,0.47101706,poor,994.0559692382812
375357,0.2052841998242192,34.80885889293,0.47949615,poor,819.7564697265625
375358,0.2052841998242192,34.81719222293,0.48898792,poor,805.0914306640625
375374,0.2052841998242192,34.95052550293,0.43048677,poor,873.3181762695312
375389,0.2052841998242192,35.07552545293,0.35116556,poor,1073.2528076171875
375390,0.2052841998242192,35.08385878293,0.2857311,vulnerable,2779.794677734375
375391,0.2052841998242192,35.09219211293,0.3061083,vulnerable,3662.592041015625
375392,0.2052841998242192,35.10052544293,0.34116808,poor,2887.9716796875
375393,0.2052841998242192,35.10885877293,0.3534122,poor,1540.28173828125
375394,0.2052841998242192,35.11719210293,0.35889742,poor,1040.9769287109375
375395,0.2052841998242192,35.12552543293,0.3820471,poor,843.1882934570312
375712,0.2052841998242192,37.76719104293,0.5484088,severely poor,901.85791015625
375713,0.2052841998242192,37.77552437293,0.5581524,severely poor,1011.6513061523438
375714,0.2052841998242192,37.78385770293,0.5561868,severely poor,836.4444580078125
375715,0.2052841998242192,37.79219103293,0.57089216,severely poor,951.3397827148438
375716,0.2052841998242192,37.80052436293,0.576353,severely poor,1037.921630859375
375717,0.2052841998242192,37.80885769293,0.58493555,severely poor,961.8873901367188
375721,0.2052841998242192,37.84219101293,0.57253057,severely poor,832.4548950195312
375731,0.2052841998242192,37.92552431293,0.4900029,poor,981.7033081054688
375732,0.2052841998242192,37.93385764293,0.5409433,severely poor,992.4869384765625
375733,0.2052841998242192,37.94219097293,0.5453055,severely poor,1319.92041015625
375734,0.2052841998242192,37.95052430293,0.5823961,severely poor,1364.3985595703125
375735,0.2052841998242192,37.95885763293,0.55556995,severely poor,1096.58642578125
375736,0.2052841998242192,37.96719096293,0.5613556,severely poor,980.5610961914062
375737,0.2052841998242192,37.97552429293,0.58953726,severely poor,1295.3701171875
375738,0.2052841998242192,37.98385762293,0.5770734,severely poor,1001.0966796875
376014,0.2052841998242192,40.283856702929995,0.7826963,severely poor,1143.035400390625
376125,0.19695086982421905,34.18385914293,0.47495845,poor,846.1461181640625
376126,0.19695086982421905,34.19219247293,0.49123642,poor,875.3524780273438
376160,0.19695086982421905,34.47552569293,0.49902305,poor,875.811767578125
376161,0.19695086982421905,34.48385902293,0.48973817,poor,956.9392700195312
376162,0.19695086982421905,34.49219235293,0.48250392,poor,860.339599609375
376166,0.19695086982421905,34.52552567293,0.48478827,poor,900.0907592773438
376186,0.19695086982421905,34.69219227293,0.45849103,poor,985.60498046875
376187,0.19695086982421905,34.70052560293,0.462471,poor,1163.6798095703125
376188,0.19695086982421905,34.70885893293,0.46569958,poor,1064.6221923828125
376189,0.19695086982421905,34.71719226293,0.45222673,poor,1002.6061401367188
376190,0.19695086982421905,34.72552559293,0.44553357,poor,1196.713623046875
376191,0.19695086982421905,34.73385892293,0.44380683,poor,1282.1470947265625
376192,0.19695086982421905,34.74219225293,0.43024996,poor,1218.121337890625
376193,0.19695086982421905,34.75052558293,0.42705208,poor,1307.48876953125
376194,0.19695086982421905,34.75885891293,0.43919092,poor,1636.6995849609375
376195,0.19695086982421905,34.76719224293,0.4389049,poor,1127.119873046875
376196,0.19695086982421905,34.77552557293,0.47155443,poor,1078.92138671875
376197,0.19695086982421905,34.78385890293,0.47842056,poor,837.797119140625
376198,0.19695086982421905,34.79219223293,0.47862387,poor,854.336669921875
376199,0.19695086982421905,34.80052556293,0.48670158,poor,835.8390502929688
376216,0.19695086982421905,34.94219217293,0.3987493,poor,803.29736328125
376217,0.19695086982421905,34.95052550293,0.4078465,poor,881.9319458007812
376224,0.19695086982421905,35.00885881293,0.4212687,poor,882.8232421875
376225,0.19695086982421905,35.01719214293,0.4107076,poor,859.431396484375
376227,0.19695086982421905,35.03385880293,0.41123044,poor,992.2850341796875
376232,0.19695086982421905,35.07552545293,0.38424754,poor,1325.2027587890625
376233,0.19695086982421905,35.08385878293,0.37010047,poor,1651.73193359375
376234,0.19695086982421905,35.09219211293,0.35298485,poor,2457.3330078125
376235,0.19695086982421905,35.10052544293,0.3809296,poor,1884.7432861328125
376236,0.19695086982421905,35.10885877293,0.3789793,poor,1073.1290283203125
376237,0.19695086982421905,35.11719210293,0.37661725,poor,1044.9996337890625
376555,0.19695086982421905,37.76719104293,0.55918634,severely poor,945.2080078125
376556,0.19695086982421905,37.77552437293,0.56053984,severely poor,877.0176391601562
376557,0.19695086982421905,37.78385770293,0.5617408,severely poor,875.789306640625
376558,0.19695086982421905,37.79219103293,0.5826656,severely poor,928.6228637695312
376559,0.19695086982421905,37.80052436293,0.5807118,severely poor,1187.60498046875
376560,0.19695086982421905,37.80885769293,0.58110243,severely poor,969.7102661132812
376561,0.19695086982421905,37.81719102293,0.6067137,severely poor,804.1746215820312
376574,0.19695086982421905,37.92552431293,0.52451897,severely poor,913.92529296875
376575,0.19695086982421905,37.93385764293,0.53355896,severely poor,864.8873291015625
376576,0.19695086982421905,37.94219097293,0.55103976,severely poor,1703.0498046875
376577,0.19695086982421905,37.95052430293,0.5823605,severely poor,1813.936767578125
376578,0.19695086982421905,37.95885763293,0.60557234,severely poor,1560.853271484375
376579,0.19695086982421905,37.96719096293,0.5996139,severely poor,1192.9239501953125
376580,0.19695086982421905,37.97552429293,0.59717816,severely poor,1131.6336669921875
376581,0.19695086982421905,37.98385762293,0.61168545,severely poor,1019.6477661132812
376856,0.19695086982421905,40.275523372929996,0.7828793,severely poor,1345.1275634765625
376857,0.19695086982421905,40.283856702929995,0.78557944,severely poor,2791.299072265625
376858,0.19695086982421905,40.29219003293,0.77617115,severely poor,2513.218994140625
376859,0.19695086982421905,40.30052336293,0.7832795,severely poor,920.7387084960938
376980,0.1886175398242198,34.28385910293,0.46660185,poor,1099.1680908203125
376981,0.1886175398242198,34.29219243293,0.45538944,poor,1959.0958251953125
376982,0.1886175398242198,34.30052576293,0.4799118,poor,1351.5592041015625
377003,0.1886175398242198,34.47552569293,0.47903955,poor,1109.190673828125
377004,0.1886175398242198,34.48385902293,0.480265,poor,1038.2884521484375
377028,0.1886175398242198,34.68385894293,0.4833403,poor,851.9536743164062
377029,0.1886175398242198,34.69219227293,0.49018037,poor,988.2415161132812
377030,0.1886175398242198,34.70052560293,0.48064032,poor,1047.254150390625
377031,0.1886175398242198,34.70885893293,0.48618168,poor,938.2230224609375
377032,0.1886175398242198,34.71719226293,0.4720989,poor,879.5582885742188
377033,0.1886175398242198,34.72552559293,0.4541872,poor,1116.6427001953125
377034,0.1886175398242198,34.73385892293,0.44768655,poor,932.8145751953125
377035,0.1886175398242198,34.74219225293,0.435572,poor,1033.1339111328125
377036,0.1886175398242198,34.75052558293,0.45277002,poor,1085.4742431640625
377037,0.1886175398242198,34.75885891293,0.45319086,poor,1132.281494140625
377038,0.1886175398242198,34.76719224293,0.47837317,poor,1171.7864990234375
377039,0.1886175398242198,34.77552557293,0.49064878,poor,940.7615356445312
377058,0.1886175398242198,34.93385884293,0.40372112,poor,870.20263671875
377059,0.1886175398242198,34.94219217293,0.39125136,poor,1446.4375
377060,0.1886175398242198,34.95052550293,0.41497603,poor,1236.7225341796875
377061,0.1886175398242198,34.95885883293,0.4241054,poor,811.5431518554688
377067,0.1886175398242198,35.00885881293,0.43770698,poor,829.5452880859375
377076,0.1886175398242198,35.08385878293,0.39437476,poor,873.3598022460938
377077,0.1886175398242198,35.09219211293,0.39257023,poor,1284.8978271484375
377078,0.1886175398242198,35.10052544293,0.39285266,poor,1213.4869384765625
377079,0.1886175398242198,35.10885877293,0.38715762,poor,826.441162109375
377396,0.1886175398242198,37.750524382929996,0.5411935,severely poor,882.2996215820312
377397,0.1886175398242198,37.75885771293,0.54195166,severely poor,940.7362670898438
377401,0.1886175398242198,37.79219103293,0.5843103,severely poor,902.7515869140625
377402,0.1886175398242198,37.80052436293,0.5726376,severely poor,1273.5174560546875
377403,0.1886175398242198,37.80885769293,0.59405315,severely poor,1228.5943603515625
377404,0.1886175398242198,37.81719102293,0.61075103,severely poor,876.7086791992188
377406,0.1886175398242198,37.83385768293,0.5707663,severely poor,1017.4842529296875
377420,0.1886175398242198,37.95052430293,0.6103162,severely poor,1178.85595703125
377421,0.1886175398242198,37.95885763293,0.64566743,severely poor,1410.6368408203125
377422,0.1886175398242198,37.96719096293,0.6411808,severely poor,1216.8641357421875
377423,0.1886175398242198,37.97552429293,0.64368564,severely poor,975.8565063476562
377424,0.1886175398242198,37.98385762293,0.6157704,severely poor,825.9768676757812
377699,0.1886175398242198,40.275523372929996,0.789843,severely poor,1328.4300537109375
377700,0.1886175398242198,40.283856702929995,0.78279114,severely poor,2641.2236328125
377701,0.1886175398242198,40.29219003293,0.7388707,severely poor,2696.224609375
377702,0.1886175398242198,40.30052336293,0.7744256,severely poor,945.8263549804688
377824,0.18028420982421967,34.28385910293,0.4826979,poor,1111.5894775390625
377825,0.18028420982421967,34.29219243293,0.4598285,poor,2570.474365234375
377826,0.18028420982421967,34.30052576293,0.47544074,poor,1427.8748779296875
377847,0.18028420982421967,34.47552569293,0.4615719,poor,1409.81787109375
377848,0.18028420982421967,34.48385902293,0.46415788,poor,1084.1854248046875
377849,0.18028420982421967,34.49219235293,0.47373423,poor,890.6329345703125
377850,0.18028420982421967,34.50052568293,0.48535475,poor,833.8345947265625
377856,0.18028420982421967,34.55052566293,0.4709615,poor,908.5601196289062
377860,0.18028420982421967,34.58385898293,0.4607668,poor,800.8462524414062
377861,0.18028420982421967,34.59219231293,0.46428126,poor,908.0682373046875
377874,0.18028420982421967,34.70052560293,0.5076516,severely poor,865.404052734375
377879,0.18028420982421967,34.74219225293,0.44242254,poor,858.5130615234375
377880,0.18028420982421967,34.75052558293,0.4556192,poor,821.3765258789062
377901,0.18028420982421967,34.92552551293,0.41820538,poor,886.0665283203125
377902,0.18028420982421967,34.93385884293,0.42835188,poor,1020.5213623046875
377903,0.18028420982421967,34.94219217293,0.4367954,poor,1327.74609375
377904,0.18028420982421967,34.95052550293,0.4501946,poor,910.7075805664062
378240,0.18028420982421967,37.750524382929996,0.54892546,severely poor,847.6991577148438
378241,0.18028420982421967,37.75885771293,0.5562382,severely poor,987.5406494140625
378246,0.18028420982421967,37.80052436293,0.57407206,severely poor,961.64697265625
378247,0.18028420982421967,37.80885769293,0.5784441,severely poor,1204.129150390625
378248,0.18028420982421967,37.81719102293,0.5835778,severely poor,1023.08154296875
378250,0.18028420982421967,37.83385768293,0.5498705,severely poor,807.783203125
378264,0.18028420982421967,37.95052430293,0.6270634,severely poor,1437.64306640625
378265,0.18028420982421967,37.95885763293,0.667616,severely poor,898.5147705078125
378544,0.18028420982421967,40.283856702929995,0.77432036,severely poor,1364.2744140625
378545,0.18028420982421967,40.29219003293,0.7573202,severely poor,1025.919677734375
378670,0.17195087982421953,34.29219243293,0.4867711,poor,1018.4338989257812
378671,0.17195087982421953,34.30052576293,0.47966146,poor,1014.614501953125
378692,0.17195087982421953,34.47552569293,0.48758593,poor,1186.99560546875
378693,0.17195087982421953,34.48385902293,0.4878343,poor,911.2154541015625
378694,0.17195087982421953,34.49219235293,0.47329462,poor,1159.137939453125
378695,0.17195087982421953,34.50052568293,0.47546005,poor,987.7061767578125
378696,0.17195087982421953,34.50885901293,0.46837565,poor,1021.1381225585938
378697,0.17195087982421953,34.51719234293,0.4712466,poor,958.745849609375
378701,0.17195087982421953,34.55052566293,0.46650425,poor,816.6951293945312
378705,0.17195087982421953,34.58385898293,0.46663418,poor,833.15673828125
378706,0.17195087982421953,34.59219231293,0.45726964,poor,1978.4666748046875
378707,0.17195087982421953,34.60052564293,0.47761306,poor,1012.7452392578125
378724,0.17195087982421953,34.74219225293,0.45511836,poor,976.2567749023438
378725,0.17195087982421953,34.75052558293,0.46010402,poor,844.2417602539062
378733,0.17195087982421953,34.81719222293,0.525262,severely poor,827.0894775390625
378735,0.17195087982421953,34.83385888293,0.52670026,severely poor,867.2181396484375
378736,0.17195087982421953,34.84219221293,0.5172175,severely poor,1075.2239990234375
378737,0.17195087982421953,34.85052554293,0.5001167,severely poor,1111.0325927734375
378746,0.17195087982421953,34.92552551293,0.43391633,poor,995.9448852539062
378748,0.17195087982421953,34.94219217293,0.46341497,poor,808.65966796875
379105,0.17195087982421953,37.91719098293,0.5125957,severely poor,1298.7457275390625
379106,0.17195087982421953,37.92552431293,0.54644406,severely poor,925.4384765625
379108,0.17195087982421953,37.94219097293,0.6043414,severely poor,929.6259155273438
379109,0.17195087982421953,37.95052430293,0.6413472,severely poor,1248.658447265625
379110,0.17195087982421953,37.95885763293,0.6901384,severely poor,1007.5958862304688
379482,0.1636175498242194,34.01719254293,0.5066788,severely poor,1039.14013671875
379538,0.1636175498242194,34.48385902293,0.48562336,poor,851.455078125
379539,0.1636175498242194,34.49219235293,0.4696707,poor,922.4386596679688
379540,0.1636175498242194,34.50052568293,0.47261184,poor,1019.5803833007812
379541,0.1636175498242194,34.50885901293,0.4574977,poor,1270.288330078125
379542,0.1636175498242194,34.51719234293,0.4659972,poor,1248.975341796875
379543,0.1636175498242194,34.52552567293,0.4848232,poor,879.07470703125
379551,0.1636175498242194,34.59219231293,0.47879794,poor,926.1176147460938
379552,0.1636175498242194,34.60052564293,0.47684225,poor,885.518798828125
379556,0.1636175498242194,34.63385896293,0.49004096,poor,844.2169799804688
379563,0.1636175498242194,34.69219227293,0.5367969,severely poor,865.906005859375
379564,0.1636175498242194,34.70052560293,0.530888,severely poor,827.53759765625
379565,0.1636175498242194,34.70885893293,0.5098437,severely poor,878.8836059570312
379569,0.1636175498242194,34.74219225293,0.46424484,poor,1074.2508544921875
379578,0.1636175498242194,34.81719222293,0.5328064,severely poor,803.2312622070312
379580,0.1636175498242194,34.83385888293,0.5202076,severely poor,873.6993408203125
379581,0.1636175498242194,34.84219221293,0.50999224,severely poor,1207.004150390625
379582,0.1636175498242194,34.85052554293,0.48701018,poor,1217.470947265625
379929,0.1636175498242194,37.742191052929996,0.5283816,severely poor,2460.566162109375
379930,0.1636175498242194,37.750524382929996,0.53300375,severely poor,1047.4354248046875
379934,0.1636175498242194,37.78385770293,0.55403316,severely poor,925.3217163085938
379935,0.1636175498242194,37.79219103293,0.5534305,severely poor,822.9634399414062
379950,0.1636175498242194,37.91719098293,0.5330728,severely poor,989.6989135742188
379951,0.1636175498242194,37.92552431293,0.55652416,severely poor,1026.9130859375
379952,0.1636175498242194,37.93385764293,0.57628936,severely poor,802.7324829101562
379954,0.1636175498242194,37.95052430293,0.644892,severely poor,1030.265625
379955,0.1636175498242194,37.95885763293,0.6798191,severely poor,1331.764892578125
379956,0.1636175498242194,37.96719096293,0.7159061,severely poor,849.4078369140625
380365,0.15528421982421925,34.32552575293,0.46924388,poor,1375.3701171875
380366,0.15528421982421925,34.33385908293,0.48045155,poor,868.5739135742188
380369,0.15528421982421925,34.35885907293,0.4868452,poor,817.8905029296875
380371,0.15528421982421925,34.37552573293,0.4745167,poor,894.03369140625
380386,0.15528421982421925,34.50052568293,0.47802165,poor,954.8104248046875
380387,0.15528421982421925,34.50885901293,0.4669162,poor,1115.6405029296875
380388,0.15528421982421925,34.51719234293,0.4690648,poor,1032.073974609375
380389,0.15528421982421925,34.52552567293,0.46884388,poor,877.6695556640625
380409,0.15528421982421925,34.69219227293,0.5440698,severely poor,909.9234008789062
380410,0.15528421982421925,34.70052560293,0.50411665,severely poor,1780.338623046875
380411,0.15528421982421925,34.70885893293,0.50969404,severely poor,1293.2913818359375
380412,0.15528421982421925,34.71719226293,0.48996708,poor,945.7239379882812
380415,0.15528421982421925,34.74219225293,0.4673918,poor,932.3656616210938
380420,0.15528421982421925,34.78385890293,0.49075687,poor,1091.406982421875
380421,0.15528421982421925,34.79219223293,0.4925327,poor,1013.46484375
380775,0.15528421982421925,37.742191052929996,0.53494525,severely poor,949.7034301757812
380780,0.15528421982421925,37.78385770293,0.52237344,severely poor,976.9452514648438
380781,0.15528421982421925,37.79219103293,0.5257233,severely poor,862.9170532226562
380784,0.15528421982421925,37.81719102293,0.5454854,severely poor,1049.1949462890625
380785,0.15528421982421925,37.825524352929996,0.54105645,severely poor,856.0527954101562
380787,0.15528421982421925,37.84219101293,0.51716876,severely poor,899.226806640625
380788,0.15528421982421925,37.85052434293,0.51158226,severely poor,938.099609375
380789,0.15528421982421925,37.85885767293,0.5251263,severely poor,993.0654907226562
380790,0.15528421982421925,37.86719100293,0.5295227,severely poor,999.1758422851562
380791,0.15528421982421925,37.87552433293,0.5630588,severely poor,875.9228515625
380798,0.15528421982421925,37.93385764293,0.6237141,severely poor,848.7520751953125
380799,0.15528421982421925,37.94219097293,0.65134895,severely poor,1017.5265502929688
380800,0.15528421982421925,37.95052430293,0.6791654,severely poor,1179.361572265625
380801,0.15528421982421925,37.95885763293,0.69582254,severely poor,1012.716552734375
381180,0.1469508898242191,34.05885919293,0.5075671,severely poor,821.8560180664062
381234,0.1469508898242191,34.50885901293,0.4821846,poor,836.6016235351562
381235,0.1469508898242191,34.51719234293,0.47224826,poor,866.3475952148438
381236,0.1469508898242191,34.52552567293,0.4660977,poor,805.1497192382812
381240,0.1469508898242191,34.55885899293,0.47442266,poor,809.4720458984375
381241,0.1469508898242191,34.56719232293,0.47478992,poor,918.5301513671875
381243,0.1469508898242191,34.58385898293,0.5068302,severely poor,880.4768676757812
381253,0.1469508898242191,34.66719228293,0.5513058,severely poor,867.6375732421875
381254,0.1469508898242191,34.67552561293,0.5522111,severely poor,829.2362670898438
381256,0.1469508898242191,34.69219227293,0.54376817,severely poor,831.4697265625
381257,0.1469508898242191,34.70052560293,0.51637465,severely poor,1079.8604736328125
381258,0.1469508898242191,34.70885893293,0.4926916,poor,978.66259765625
381259,0.1469508898242191,34.71719226293,0.47345182,poor,1285.3927001953125
381260,0.1469508898242191,34.72552559293,0.4626164,poor,928.049072265625
381261,0.1469508898242191,34.73385892293,0.450798,poor,863.2335815429688
381265,0.1469508898242191,34.76719224293,0.47203454,poor,1101.8525390625
381266,0.1469508898242191,34.77552557293,0.4718655,poor,1045.6986083984375
381267,0.1469508898242191,34.78385890293,0.47790417,poor,1010.1640014648438
381268,0.1469508898242191,34.79219223293,0.47355974,poor,1216.2935791015625
381269,0.1469508898242191,34.80052556293,0.491212,poor,965.8265991210938
381270,0.1469508898242191,34.80885889293,0.49182597,poor,1026.0780029296875
381271,0.1469508898242191,34.81719222293,0.5065795,severely poor,822.6218872070312
381277,0.1469508898242191,34.86719220293,0.44320598,poor,839.1105346679688
381283,0.1469508898242191,34.91719218293,0.43781543,poor,860.0654907226562
381627,0.1469508898242191,37.78385770293,0.53864604,severely poor,912.9776000976562
381628,0.1469508898242191,37.79219103293,0.52747124,severely poor,1004.1036376953125
381630,0.1469508898242191,37.80885769293,0.54510796,severely poor,813.370849609375
381631,0.1469508898242191,37.81719102293,0.53651446,severely poor,1176.274658203125
381632,0.1469508898242191,37.825524352929996,0.5201436,severely poor,882.68603515625
381635,0.1469508898242191,37.85052434293,0.5260499,severely poor,830.344482421875
381636,0.1469508898242191,37.85885767293,0.54172385,severely poor,1036.4593505859375
381637,0.1469508898242191,37.86719100293,0.5663744,severely poor,1284.5985107421875
381645,0.1469508898242191,37.93385764293,0.6754922,severely poor,866.3825073242188
381646,0.1469508898242191,37.94219097293,0.68997794,severely poor,1223.26904296875
381647,0.1469508898242191,37.95052430293,0.7094535,severely poor,1107.2373046875
382083,0.13861755982421986,34.51719234293,0.4857319,poor,922.9005737304688
382084,0.13861755982421986,34.52552567293,0.47047454,poor,873.8448486328125
382087,0.13861755982421986,34.55052566293,0.4722499,poor,954.0794677734375
382088,0.13861755982421986,34.55885899293,0.47327876,poor,813.6600952148438
382100,0.13861755982421986,34.65885895293,0.5602544,severely poor,922.0455322265625
382101,0.13861755982421986,34.66719228293,0.5556865,severely poor,938.5349731445312
382102,0.13861755982421986,34.67552561293,0.55495834,severely poor,899.4765625
382103,0.13861755982421986,34.68385894293,0.53333366,severely poor,855.6844482421875
382104,0.13861755982421986,34.69219227293,0.524311,severely poor,952.9873046875
382105,0.13861755982421986,34.70052560293,0.5101891,severely poor,1211.901611328125
382106,0.13861755982421986,34.70885893293,0.48733872,poor,1136.1746826171875
382107,0.13861755982421986,34.71719226293,0.46598586,poor,1275.8856201171875
382108,0.13861755982421986,34.72552559293,0.4511612,poor,1191.548583984375
382109,0.13861755982421986,34.73385892293,0.4434019,poor,1345.81005859375
382110,0.13861755982421986,34.74219225293,0.45533568,poor,856.7032470703125
382111,0.13861755982421986,34.75052558293,0.44528848,poor,864.4234008789062
382112,0.13861755982421986,34.75885891293,0.45142102,poor,934.7716064453125
382113,0.13861755982421986,34.76719224293,0.45648855,poor,1571.5362548828125
382114,0.13861755982421986,34.77552557293,0.454813,poor,1130.0614013671875
382115,0.13861755982421986,34.78385890293,0.45461845,poor,943.7567749023438
382116,0.13861755982421986,34.79219223293,0.46444702,poor,1158.30810546875
382117,0.13861755982421986,34.80052556293,0.46999338,poor,1014.50341796875
382118,0.13861755982421986,34.80885889293,0.48020568,poor,935.3953857421875
382119,0.13861755982421986,34.81719222293,0.49821398,poor,1158.7872314453125
382120,0.13861755982421986,34.82552555293,0.4859718,poor,847.1046752929688
382122,0.13861755982421986,34.84219221293,0.47103912,poor,893.1326293945312
382124,0.13861755982421986,34.85885887293,0.43325192,poor,1010.0305786132812
382125,0.13861755982421986,34.86719220293,0.43958548,poor,839.9430541992188
382126,0.13861755982421986,34.87552553293,0.44284087,poor,850.9547729492188
382127,0.13861755982421986,34.88385886293,0.44998384,poor,991.4343872070312
382128,0.13861755982421986,34.89219219293,0.45170224,poor,817.3433837890625
382466,0.13861755982421986,37.70885773293,0.49697712,poor,1138.7567138671875
382467,0.13861755982421986,37.71719106293,0.50504,severely poor,871.7695922851562
382480,0.13861755982421986,37.825524352929996,0.5262821,severely poor,807.4663696289062
382481,0.13861755982421986,37.83385768293,0.53921944,severely poor,832.72607421875
382486,0.13861755982421986,37.87552433293,0.6129086,severely poor,894.1058959960938
382494,0.13861755982421986,37.94219097293,0.73834527,severely poor,804.73583984375
382931,0.13028422982421972,34.51719234293,0.48056638,poor,1114.703369140625
382932,0.13028422982421972,34.52552567293,0.4695245,poor,904.6494140625
382936,0.13028422982421972,34.55885899293,0.4790016,poor,1007.5872802734375
382939,0.13028422982421972,34.58385898293,0.5024465,severely poor,846.4039916992188
382946,0.13028422982421972,34.64219229293,0.56200653,severely poor,833.42529296875
382948,0.13028422982421972,34.65885895293,0.5654292,severely poor,940.31884765625
382950,0.13028422982421972,34.67552561293,0.5427061,severely poor,851.4467163085938
382951,0.13028422982421972,34.68385894293,0.5278463,severely poor,999.5557861328125
382952,0.13028422982421972,34.69219227293,0.5078307,severely poor,887.4113159179688
382953,0.13028422982421972,34.70052560293,0.4892213,poor,941.4465942382812
382954,0.13028422982421972,34.70885893293,0.46739483,poor,1496.4739990234375
382955,0.13028422982421972,34.71719226293,0.45567352,poor,1265.7896728515625
382956,0.13028422982421972,34.72552559293,0.44227907,poor,1013.9161987304688
382957,0.13028422982421972,34.73385892293,0.43513367,poor,1945.8935546875
382958,0.13028422982421972,34.74219225293,0.46104637,poor,1289.452392578125
382959,0.13028422982421972,34.75052558293,0.4469715,poor,1203.2640380859375
382960,0.13028422982421972,34.75885891293,0.44236326,poor,1160.2164306640625
382961,0.13028422982421972,34.76719224293,0.44724125,poor,1088.008544921875
382962,0.13028422982421972,34.77552557293,0.44453615,poor,894.4530639648438
382963,0.13028422982421972,34.78385890293,0.44329503,poor,1044.434326171875
382964,0.13028422982421972,34.79219223293,0.45618185,poor,1073.7252197265625
382965,0.13028422982421972,34.80052556293,0.45823878,poor,1015.7413940429688
382966,0.13028422982421972,34.80885889293,0.46746647,poor,1104.8045654296875
382967,0.13028422982421972,34.81719222293,0.4825479,poor,1032.5330810546875
382968,0.13028422982421972,34.82552555293,0.4789547,poor,1002.9014282226562
382969,0.13028422982421972,34.83385888293,0.45484355,poor,830.107177734375
382970,0.13028422982421972,34.84219221293,0.41995975,poor,1131.335693359375
382971,0.13028422982421972,34.85052554293,0.4231234,poor,1382.309814453125
382972,0.13028422982421972,34.85885887293,0.43544942,poor,2032.0487060546875
382973,0.13028422982421972,34.86719220293,0.4449346,poor,1286.1573486328125
382974,0.13028422982421972,34.87552553293,0.4418263,poor,1172.4666748046875
382975,0.13028422982421972,34.88385886293,0.4688521,poor,845.3343505859375
383314,0.13028422982421972,37.70885773293,0.4819239,poor,925.9236450195312
383315,0.13028422982421972,37.71719106293,0.4964805,poor,1483.6376953125
383316,0.13028422982421972,37.72552439293,0.5162404,severely poor,907.722900390625
383328,0.13028422982421972,37.825524352929996,0.5135955,severely poor,1361.2421875
383329,0.13028422982421972,37.83385768293,0.52561915,severely poor,1622.725830078125
383330,0.13028422982421972,37.84219101293,0.56905735,severely poor,951.6998291015625
383331,0.13028422982421972,37.85052434293,0.5920676,severely poor,1002.0963134765625
383334,0.13028422982421972,37.87552433293,0.6250294,severely poor,1441.958984375
383727,0.12195089982421958,34.07552585293,0.5114521,severely poor,847.2293090820312
383782,0.12195089982421958,34.53385900293,0.46562248,poor,807.2496337890625
383785,0.12195089982421958,34.55885899293,0.4803002,poor,809.8515014648438
383791,0.12195089982421958,34.60885897293,0.5530043,severely poor,838.7849731445312
383794,0.12195089982421958,34.63385896293,0.57953954,severely poor,902.2623291015625
383795,0.12195089982421958,34.64219229293,0.57867664,severely poor,962.0272216796875
383796,0.12195089982421958,34.65052562293,0.5841087,severely poor,984.8719482421875
383797,0.12195089982421958,34.65885895293,0.5635903,severely poor,1091.9759521484375
383799,0.12195089982421958,34.67552561293,0.54396546,severely poor,1005.2717895507812
383800,0.12195089982421958,34.68385894293,0.5245135,severely poor,1264.9595947265625
383801,0.12195089982421958,34.69219227293,0.5077648,severely poor,1018.9267578125
383802,0.12195089982421958,34.70052560293,0.4846545,poor,1028.60009765625
383803,0.12195089982421958,34.70885893293,0.46499044,poor,930.0277709960938
383804,0.12195089982421958,34.71719226293,0.4395349,poor,1425.8226318359375
383805,0.12195089982421958,34.72552559293,0.4303944,poor,1703.832275390625
383806,0.12195089982421958,34.73385892293,0.4398985,poor,2579.676513671875
383807,0.12195089982421958,34.74219225293,0.46962565,poor,1532.7294921875
383808,0.12195089982421958,34.75052558293,0.46171728,poor,1220.304443359375
383809,0.12195089982421958,34.75885891293,0.44882756,poor,953.3141479492188
383810,0.12195089982421958,34.76719224293,0.44378436,poor,1537.5648193359375
383811,0.12195089982421958,34.77552557293,0.4483554,poor,1352.1455078125
383812,0.12195089982421958,34.78385890293,0.452392,poor,1700.969970703125
383813,0.12195089982421958,34.79219223293,0.46042797,poor,1582.2672119140625
383814,0.12195089982421958,34.80052556293,0.46379855,poor,1303.7059326171875
383815,0.12195089982421958,34.80885889293,0.46510565,poor,1115.1263427734375
383816,0.12195089982421958,34.81719222293,0.4621833,poor,1347.2265625
383817,0.12195089982421958,34.82552555293,0.46752012,poor,1091.1973876953125
383818,0.12195089982421958,34.83385888293,0.46744043,poor,839.4671020507812
383820,0.12195089982421958,34.85052554293,0.47144356,poor,1123.5042724609375
383821,0.12195089982421958,34.85885887293,0.4644683,poor,1036.69970703125
383822,0.12195089982421958,34.86719220293,0.4833925,poor,1153.04931640625
383823,0.12195089982421958,34.87552553293,0.47656327,poor,900.76123046875
383865,0.12195089982421958,35.22552539293,0.3597316,poor,859.3173217773438
384144,0.12195089982421958,37.55052446293,0.362285,poor,828.5946044921875
384145,0.12195089982421958,37.55885779293,0.35375735,poor,1295.38818359375
384164,0.12195089982421958,37.71719106293,0.50270474,severely poor,896.90478515625
384177,0.12195089982421958,37.825524352929996,0.51836044,severely poor,1258.1092529296875
384178,0.12195089982421958,37.83385768293,0.5269203,severely poor,2232.272705078125
384179,0.12195089982421958,37.84219101293,0.57723457,severely poor,944.9574584960938
384180,0.12195089982421958,37.85052434293,0.5945027,severely poor,915.92529296875
384183,0.12195089982421958,37.87552433293,0.65960383,severely poor,960.5238037109375
384184,0.12195089982421958,37.88385766293,0.68863344,severely poor,833.59912109375
384474,0.12195089982421958,40.30052336293,0.75015485,severely poor,843.34765625
384475,0.12195089982421958,40.30885669293,0.7369437,severely poor,1088.5230712890625
384476,0.12195089982421958,40.31719002293,0.75344616,severely poor,1134.6737060546875
384567,0.11361756982421944,33.99219255293,0.4883798,poor,805.36669921875
384580,0.11361756982421944,34.10052584293,0.51260245,severely poor,1417.0308837890625
384584,0.11361756982421944,34.13385916293,0.49659407,poor,987.20849609375
384622,0.11361756982421944,34.45052570293,0.46887156,poor,969.4539184570312
384623,0.11361756982421944,34.45885903293,0.4685278,poor,976.9658203125
384625,0.11361756982421944,34.47552569293,0.47446015,poor,808.8126831054688
384626,0.11361756982421944,34.48385902293,0.4747327,poor,1097.8974609375
384630,0.11361756982421944,34.51719234293,0.47447535,poor,861.32373046875
384635,0.11361756982421944,34.55885899293,0.4821135,poor,879.1350708007812
384636,0.11361756982421944,34.56719232293,0.46457803,poor,1180.7109375
384637,0.11361756982421944,34.57552565293,0.47205216,poor,1214.8233642578125
384638,0.11361756982421944,34.58385898293,0.501696,severely poor,824.46044921875
384639,0.11361756982421944,34.59219231293,0.5196479,severely poor,836.9652099609375
384640,0.11361756982421944,34.60052564293,0.53586674,severely poor,815.1156616210938
384641,0.11361756982421944,34.60885897293,0.54998463,severely poor,871.174560546875
384643,0.11361756982421944,34.62552563293,0.5889497,severely poor,855.6394653320312
384645,0.11361756982421944,34.64219229293,0.5973452,severely poor,830.30322265625
384646,0.11361756982421944,34.65052562293,0.5848012,severely poor,1057.8380126953125
384647,0.11361756982421944,34.65885895293,0.56314325,severely poor,867.2972412109375
384648,0.11361756982421944,34.66719228293,0.5447932,severely poor,843.3386840820312
384649,0.11361756982421944,34.67552561293,0.5350339,severely poor,1105.2584228515625
384650,0.11361756982421944,34.68385894293,0.52112985,severely poor,1097.6763916015625
384651,0.11361756982421944,34.69219227293,0.49051666,poor,1283.4385986328125
384652,0.11361756982421944,34.70052560293,0.48234233,poor,1229.0390625
384653,0.11361756982421944,34.70885893293,0.4584693,poor,994.78271484375
384654,0.11361756982421944,34.71719226293,0.44509804,poor,1616.289794921875
384655,0.11361756982421944,34.72552559293,0.4622877,poor,2538.278564453125
384656,0.11361756982421944,34.73385892293,0.47334278,poor,1479.81640625
384657,0.11361756982421944,34.74219225293,0.495434,poor,1142.5843505859375
384658,0.11361756982421944,34.75052558293,0.48689342,poor,881.3995361328125
384659,0.11361756982421944,34.75885891293,0.48580205,poor,1021.283203125
384660,0.11361756982421944,34.76719224293,0.48060623,poor,1772.17724609375
384661,0.11361756982421944,34.77552557293,0.48536775,poor,1231.874267578125
384662,0.11361756982421944,34.78385890293,0.46901852,poor,1210.768310546875
384663,0.11361756982421944,34.79219223293,0.47953227,poor,1004.5210571289062
384664,0.11361756982421944,34.80052556293,0.47705337,poor,1002.1519165039062
384665,0.11361756982421944,34.80885889293,0.46706855,poor,1245.587646484375
384666,0.11361756982421944,34.81719222293,0.4547226,poor,1926.4410400390625
384667,0.11361756982421944,34.82552555293,0.4451836,poor,1463.82763671875
384668,0.11361756982421944,34.83385888293,0.46309093,poor,1226.4952392578125
384669,0.11361756982421944,34.84219221293,0.4684017,poor,1148.802001953125
384670,0.11361756982421944,34.85052554293,0.47262764,poor,1624.0728759765625
384671,0.11361756982421944,34.85885887293,0.49559692,poor,1031.1783447265625
384707,0.11361756982421944,35.15885875293,0.4077551,poor,928.17822265625
384710,0.11361756982421944,35.18385874293,0.39604446,poor,1645.3106689453125
384995,0.11361756982421944,37.55885779293,0.37004408,poor,946.1685180664062
385014,0.11361756982421944,37.71719106293,0.52610606,severely poor,832.31640625
385028,0.11361756982421944,37.83385768293,0.5473923,severely poor,845.5599365234375
385324,0.11361756982421944,40.30052336293,0.75250715,severely poor,937.0927124023438
385325,0.11361756982421944,40.30885669293,0.7606005,severely poor,1359.8392333984375
385326,0.11361756982421944,40.31719002293,0.76289433,severely poor,1547.756103515625
385415,0.1052842398242193,33.97552589293,0.5328906,severely poor,810.938232421875
385416,0.1052842398242193,33.98385922293,0.4937653,poor,2473.514892578125
385417,0.1052842398242193,33.99219255293,0.5000339,severely poor,1614.8370361328125
385472,0.1052842398242193,34.45052570293,0.47199267,poor,1078.2857666015625
385473,0.1052842398242193,34.45885903293,0.48096487,poor,1160.5335693359375
385476,0.1052842398242193,34.48385902293,0.4881447,poor,809.5972900390625
385478,0.1052842398242193,34.50052568293,0.46327287,poor,1232.043701171875
385479,0.1052842398242193,34.50885901293,0.4621205,poor,894.83642578125
385482,0.1052842398242193,34.53385900293,0.45813787,poor,1084.4375
385485,0.1052842398242193,34.55885899293,0.47764194,poor,988.4243774414062
385486,0.1052842398242193,34.56719232293,0.47324708,poor,1172.6844482421875
385487,0.1052842398242193,34.57552565293,0.48279297,poor,1229.3055419921875
385488,0.1052842398242193,34.58385898293,0.49956554,poor,889.1019897460938
385489,0.1052842398242193,34.59219231293,0.5207281,severely poor,837.6455688476562
385492,0.1052842398242193,34.61719230293,0.5624058,severely poor,800.2621459960938
385493,0.1052842398242193,34.62552563293,0.5831268,severely poor,810.4282836914062
385496,0.1052842398242193,34.65052562293,0.57538855,severely poor,932.56689453125
385498,0.1052842398242193,34.66719228293,0.5496683,severely poor,917.5039672851562
385499,0.1052842398242193,34.67552561293,0.5448724,severely poor,978.2041015625
385500,0.1052842398242193,34.68385894293,0.5213396,severely poor,947.38330078125
385501,0.1052842398242193,34.69219227293,0.50401586,severely poor,1227.572021484375
385502,0.1052842398242193,34.70052560293,0.4828239,poor,991.9992065429688
385503,0.1052842398242193,34.70885893293,0.47143415,poor,1014.4530639648438
385504,0.1052842398242193,34.71719226293,0.45557076,poor,1435.3531494140625
385505,0.1052842398242193,34.72552559293,0.4689089,poor,1300.40625
385506,0.1052842398242193,34.73385892293,0.4962696,poor,1151.3590087890625
385507,0.1052842398242193,34.74219225293,0.50611275,severely poor,1204.5777587890625
385508,0.1052842398242193,34.75052558293,0.5135656,severely poor,1038.579345703125
385509,0.1052842398242193,34.75885891293,0.51125914,severely poor,1241.5213623046875
385510,0.1052842398242193,34.76719224293,0.5061224,severely poor,1309.0152587890625
385511,0.1052842398242193,34.77552557293,0.50660336,severely poor,1036.5458984375
385512,0.1052842398242193,34.78385890293,0.49821898,poor,966.6002807617188
385513,0.1052842398242193,34.79219223293,0.5013781,severely poor,1144.33935546875
385514,0.1052842398242193,34.80052556293,0.48496726,poor,1036.5252685546875
385515,0.1052842398242193,34.80885889293,0.4597751,poor,1103.927734375
385516,0.1052842398242193,34.81719222293,0.4623456,poor,1048.8563232421875
385517,0.1052842398242193,34.82552555293,0.46433517,poor,1039.74755859375
385518,0.1052842398242193,34.83385888293,0.45416725,poor,959.4297485351562
385519,0.1052842398242193,34.84219221293,0.45320818,poor,1134.3380126953125
385520,0.1052842398242193,34.85052554293,0.4621064,poor,1273.3414306640625
385521,0.1052842398242193,34.85885887293,0.47125503,poor,820.2185668945312
385559,0.1052842398242193,35.17552541293,0.39083967,poor,1839.6129150390625
385560,0.1052842398242193,35.18385874293,0.40429243,poor,3199.8134765625
385841,0.1052842398242193,37.52552447293,0.3481045,poor,1145.22705078125
385842,0.1052842398242193,37.53385780293,0.36129978,poor,1048.7415771484375
386174,0.1052842398242193,40.30052336293,0.7258731,severely poor,986.3238525390625
386175,0.1052842398242193,40.30885669293,0.7403717,severely poor,1290.2861328125
386176,0.1052842398242193,40.31719002293,0.7532433,severely poor,957.0767822265625
386264,0.09695090982421917,33.96719256293,0.4819396,poor,1492.2901611328125
386265,0.09695090982421917,33.97552589293,0.48363173,poor,3756.768798828125
386266,0.09695090982421917,33.98385922293,0.49044356,poor,1591.4176025390625
386267,0.09695090982421917,33.99219255293,0.50553554,severely poor,952.1873168945312
386326,0.09695090982421917,34.48385902293,0.48241392,poor,824.1724243164062
386327,0.09695090982421917,34.49219235293,0.48436415,poor,923.2672119140625
386328,0.09695090982421917,34.50052568293,0.4863442,poor,829.0803833007812
386331,0.09695090982421917,34.52552567293,0.42884573,poor,919.5408935546875
386332,0.09695090982421917,34.53385900293,0.43483382,poor,1678.2061767578125
386333,0.09695090982421917,34.54219233293,0.46955293,poor,849.7443237304688
386336,0.09695090982421917,34.56719232293,0.47395146,poor,899.021728515625
386337,0.09695090982421917,34.57552565293,0.4797454,poor,989.3099365234375
386338,0.09695090982421917,34.58385898293,0.49174404,poor,1058.1285400390625
386341,0.09695090982421917,34.60885897293,0.5381342,severely poor,959.8876953125
386342,0.09695090982421917,34.61719230293,0.55883795,severely poor,1096.7333984375
386343,0.09695090982421917,34.62552563293,0.5793212,severely poor,1113.21484375
386344,0.09695090982421917,34.63385896293,0.5631704,severely poor,861.8241577148438
386345,0.09695090982421917,34.64219229293,0.55786866,severely poor,1008.7135620117188
386346,0.09695090982421917,34.65052562293,0.55733424,severely poor,842.909912109375
386349,0.09695090982421917,34.67552561293,0.5454319,severely poor,852.5410766601562
386350,0.09695090982421917,34.68385894293,0.5217981,severely poor,975.02294921875
386351,0.09695090982421917,34.69219227293,0.5041189,severely poor,1207.77978515625
386352,0.09695090982421917,34.70052560293,0.48406962,poor,1382.4906005859375
386353,0.09695090982421917,34.70885893293,0.46772715,poor,1480.50390625
386354,0.09695090982421917,34.71719226293,0.450502,poor,1548.6427001953125
386355,0.09695090982421917,34.72552559293,0.47220695,poor,1285.3955078125
386356,0.09695090982421917,34.73385892293,0.4923804,poor,1004.771484375
386357,0.09695090982421917,34.74219225293,0.5103427,severely poor,963.9188842773438
386358,0.09695090982421917,34.75052558293,0.52836365,severely poor,1158.7972412109375
386359,0.09695090982421917,34.75885891293,0.5161998,severely poor,1208.1285400390625
386360,0.09695090982421917,34.76719224293,0.4870169,poor,1366.9305419921875
386361,0.09695090982421917,34.77552557293,0.48894563,poor,1346.3236083984375
386362,0.09695090982421917,34.78385890293,0.49045658,poor,1188.458740234375
386363,0.09695090982421917,34.79219223293,0.49492517,poor,1019.0053100585938
386364,0.09695090982421917,34.80052556293,0.46782887,poor,1147.5582275390625
386365,0.09695090982421917,34.80885889293,0.46205238,poor,1178.8956298828125
386366,0.09695090982421917,34.81719222293,0.45412982,poor,947.0226440429688
386367,0.09695090982421917,34.82552555293,0.4682326,poor,842.451416015625
386369,0.09695090982421917,34.84219221293,0.44181025,poor,1226.34375
386370,0.09695090982421917,34.85052554293,0.4478769,poor,1329.2093505859375
386410,0.09695090982421917,35.18385874293,0.40506333,poor,1299.697998046875
386421,0.09695090982421917,35.27552537293,0.51239383,severely poor,843.0360107421875
386690,0.09695090982421917,37.51719114293,0.34697908,poor,1580.7218017578125
386691,0.09695090982421917,37.52552447293,0.35641438,poor,1384.3170166015625
386738,0.09695090982421917,37.91719098293,0.7456175,severely poor,857.8225708007812
387025,0.09695090982421917,40.30885669293,0.75124896,severely poor,1011.506103515625
387114,0.08861757982421903,33.97552589293,0.4942128,poor,1716.7138671875
387115,0.08861757982421903,33.98385922293,0.5052192,severely poor,842.146240234375
387116,0.08861757982421903,33.99219255293,0.51319903,severely poor,831.4483032226562
387145,0.08861757982421903,34.23385912293,0.48543012,poor,808.0621337890625
387181,0.08861757982421903,34.53385900293,0.44806013,poor,847.54833984375
387184,0.08861757982421903,34.55885899293,0.46554706,poor,969.991943359375
387185,0.08861757982421903,34.56719232293,0.4594011,poor,1061.891357421875
387186,0.08861757982421903,34.57552565293,0.475759,poor,1047.2874755859375
387187,0.08861757982421903,34.58385898293,0.48264524,poor,926.8366088867188
387188,0.08861757982421903,34.59219231293,0.4986885,poor,811.2747192382812
387189,0.08861757982421903,34.60052564293,0.5082568,severely poor,848.8486328125
387190,0.08861757982421903,34.60885897293,0.53151023,severely poor,1081.7354736328125
387191,0.08861757982421903,34.61719230293,0.55054855,severely poor,1403.8055419921875
387192,0.08861757982421903,34.62552563293,0.5533006,severely poor,1262.517822265625
387193,0.08861757982421903,34.63385896293,0.53504103,severely poor,1251.2681884765625
387194,0.08861757982421903,34.64219229293,0.5405346,severely poor,1568.9466552734375
387195,0.08861757982421903,34.65052562293,0.5406175,severely poor,1049.5452880859375
387196,0.08861757982421903,34.65885895293,0.53991765,severely poor,1050.818603515625
387197,0.08861757982421903,34.66719228293,0.53127277,severely poor,902.5659790039062
387198,0.08861757982421903,34.67552561293,0.539672,severely poor,1143.6434326171875
387199,0.08861757982421903,34.68385894293,0.5230553,severely poor,1159.770263671875
387200,0.08861757982421903,34.69219227293,0.502538,severely poor,1441.0972900390625
387201,0.08861757982421903,34.70052560293,0.4827796,poor,1435.0689697265625
387202,0.08861757982421903,34.70885893293,0.44922534,poor,1877.633544921875
387203,0.08861757982421903,34.71719226293,0.4055286,poor,2836.53515625
387204,0.08861757982421903,34.72552559293,0.45565635,poor,2319.751953125
387205,0.08861757982421903,34.73385892293,0.47349727,poor,1468.7364501953125
387206,0.08861757982421903,34.74219225293,0.50134027,severely poor,1044.8787841796875
387207,0.08861757982421903,34.75052558293,0.51542217,severely poor,915.5150146484375
387208,0.08861757982421903,34.75885891293,0.50360614,severely poor,1028.490966796875
387209,0.08861757982421903,34.76719224293,0.48798314,poor,1228.4356689453125
387210,0.08861757982421903,34.77552557293,0.46713734,poor,1212.021728515625
387211,0.08861757982421903,34.78385890293,0.46011087,poor,1141.6005859375
387212,0.08861757982421903,34.79219223293,0.4709289,poor,817.23583984375
387213,0.08861757982421903,34.80052556293,0.4668608,poor,948.268310546875
387214,0.08861757982421903,34.80885889293,0.44827887,poor,1038.6649169921875
387215,0.08861757982421903,34.81719222293,0.4564501,poor,1156.107666015625
387216,0.08861757982421903,34.82552555293,0.46162635,poor,1037.1024169921875
387218,0.08861757982421903,34.84219221293,0.44769007,poor,1060.054443359375
387219,0.08861757982421903,34.85052554293,0.43915668,poor,1423.8101806640625
387220,0.08861757982421903,34.85885887293,0.44640186,poor,921.7163696289062
387258,0.08861757982421903,35.17552541293,0.41582468,poor,873.3355712890625
387259,0.08861757982421903,35.18385874293,0.42343155,poor,929.754638671875
387265,0.08861757982421903,35.23385872293,0.3997985,poor,1232.5592041015625
387505,0.08861757982421903,37.23385792293,0.33028013,poor,2752.7734375
387506,0.08861757982421903,37.24219125293,0.35871255,poor,2235.205078125
387539,0.08861757982421903,37.51719114293,0.38374284,poor,1118.573974609375
387555,0.08861757982421903,37.65052442293,0.41025725,poor,1477.7716064453125
387556,0.08861757982421903,37.65885775293,0.4209826,poor,853.2750244140625
387570,0.08861757982421903,37.77552437293,0.52082294,severely poor,1017.5238647460938
387964,0.08028424982421978,33.98385922293,0.5006236,severely poor,1029.4576416015625
388000,0.08028424982421978,34.28385910293,0.46298984,poor,1424.4918212890625
388020,0.08028424982421978,34.45052570293,0.45568305,poor,938.203125
388033,0.08028424982421978,34.55885899293,0.4548123,poor,830.1097412109375
388034,0.08028424982421978,34.56719232293,0.45338956,poor,927.6904907226562
388035,0.08028424982421978,34.57552565293,0.4587465,poor,890.4945678710938
388036,0.08028424982421978,34.58385898293,0.47718248,poor,877.724853515625
388037,0.08028424982421978,34.59219231293,0.5004002,severely poor,928.5675048828125
388038,0.08028424982421978,34.60052564293,0.5095356,severely poor,941.7567749023438
388039,0.08028424982421978,34.60885897293,0.5258864,severely poor,1124.987060546875
388040,0.08028424982421978,34.61719230293,0.54495734,severely poor,1252.1448974609375
388041,0.08028424982421978,34.62552563293,0.53984356,severely poor,1146.7490234375
388042,0.08028424982421978,34.63385896293,0.52532524,severely poor,1524.211181640625
388043,0.08028424982421978,34.64219229293,0.5226626,severely poor,1334.44970703125
388044,0.08028424982421978,34.65052562293,0.5149888,severely poor,1394.24365234375
388045,0.08028424982421978,34.65885895293,0.5191438,severely poor,1257.0050048828125
388046,0.08028424982421978,34.66719228293,0.51123464,severely poor,953.6260986328125
388047,0.08028424982421978,34.67552561293,0.52383393,severely poor,930.2615356445312
388048,0.08028424982421978,34.68385894293,0.5261198,severely poor,942.9799194335938
388049,0.08028424982421978,34.69219227293,0.4983311,poor,1205.1397705078125
388050,0.08028424982421978,34.70052560293,0.48040074,poor,1327.13916015625
388051,0.08028424982421978,34.70885893293,0.45916235,poor,1876.0655517578125
388052,0.08028424982421978,34.71719226293,0.4073322,poor,3661.30029296875
388053,0.08028424982421978,34.72552559293,0.4492719,poor,2389.729248046875
388054,0.08028424982421978,34.73385892293,0.47618136,poor,1254.1307373046875
388055,0.08028424982421978,34.74219225293,0.504073,severely poor,933.3814086914062
388056,0.08028424982421978,34.75052558293,0.5107841,severely poor,906.4595336914062
388057,0.08028424982421978,34.75885891293,0.48906165,poor,1130.82177734375
388058,0.08028424982421978,34.76719224293,0.4764826,poor,1079.524658203125
388059,0.08028424982421978,34.77552557293,0.4575301,poor,914.8861694335938
388060,0.08028424982421978,34.78385890293,0.45046407,poor,1009.2108764648438
388061,0.08028424982421978,34.79219223293,0.4433525,poor,924.105712890625
388062,0.08028424982421978,34.80052556293,0.446052,poor,822.8734741210938
388063,0.08028424982421978,34.80885889293,0.4405692,poor,1004.0725708007812
388064,0.08028424982421978,34.81719222293,0.4458219,poor,1323.89208984375
388065,0.08028424982421978,34.82552555293,0.46890897,poor,1075.6124267578125
388066,0.08028424982421978,34.83385888293,0.47979814,poor,825.0459594726562
388067,0.08028424982421978,34.84219221293,0.44347253,poor,1167.2410888671875
388068,0.08028424982421978,34.85052554293,0.43943477,poor,2590.012451171875
388069,0.08028424982421978,34.85885887293,0.4468257,poor,1161.2340087890625
388354,0.08028424982421978,37.23385792293,0.36719456,poor,1543.111572265625
388355,0.08028424982421978,37.24219125293,0.37875623,poor,1078.1533203125
388404,0.08028424982421978,37.65052442293,0.42179796,poor,1519.1016845703125
388405,0.08028424982421978,37.65885775293,0.4433743,poor,1078.52001953125
388408,0.08028424982421978,37.68385774293,0.45772958,poor,862.965087890625
388419,0.08028424982421978,37.77552437293,0.5192678,severely poor,852.6615600585938
388813,0.07195091982421964,33.98385922293,0.50550973,severely poor,1467.7132568359375
388814,0.07195091982421964,33.99219255293,0.50807923,severely poor,903.0491943359375
388849,0.07195091982421964,34.28385910293,0.45024458,poor,1140.233642578125
388850,0.07195091982421964,34.29219243293,0.46875912,poor,961.7723388671875
388883,0.07195091982421964,34.56719232293,0.45312056,poor,900.3394775390625
388884,0.07195091982421964,34.57552565293,0.45487538,poor,1042.5838623046875
388885,0.07195091982421964,34.58385898293,0.47184977,poor,1010.3655395507812
388886,0.07195091982421964,34.59219231293,0.498895,poor,838.3519897460938
388887,0.07195091982421964,34.60052564293,0.5103008,severely poor,900.9884033203125
388888,0.07195091982421964,34.60885897293,0.52940685,severely poor,1221.4110107421875
388889,0.07195091982421964,34.61719230293,0.52770865,severely poor,1627.94970703125
388890,0.07195091982421964,34.62552563293,0.5228686,severely poor,1233.1875
388891,0.07195091982421964,34.63385896293,0.5132384,severely poor,1190.3011474609375
388892,0.07195091982421964,34.64219229293,0.5006932,severely poor,1400.117431640625
388893,0.07195091982421964,34.65052562293,0.5043344,severely poor,1043.7117919921875
388894,0.07195091982421964,34.65885895293,0.49968687,poor,1027.39404296875
388895,0.07195091982421964,34.66719228293,0.49704084,poor,1154.6258544921875
388896,0.07195091982421964,34.67552561293,0.5019239,severely poor,903.3705444335938
388898,0.07195091982421964,34.69219227293,0.49931762,poor,1100.89892578125
388899,0.07195091982421964,34.70052560293,0.49211672,poor,1159.9866943359375
388900,0.07195091982421964,34.70885893293,0.46537468,poor,1199.3072509765625
388901,0.07195091982421964,34.71719226293,0.45208976,poor,1336.364501953125
388902,0.07195091982421964,34.72552559293,0.463539,poor,1317.0703125
388903,0.07195091982421964,34.73385892293,0.48523957,poor,1195.0992431640625
388904,0.07195091982421964,34.74219225293,0.51042634,severely poor,962.550048828125
388905,0.07195091982421964,34.75052558293,0.49633378,poor,903.9718627929688
388906,0.07195091982421964,34.75885891293,0.4863959,poor,1229.3243408203125
388907,0.07195091982421964,34.76719224293,0.46050623,poor,1141.5166015625
388908,0.07195091982421964,34.77552557293,0.4512519,poor,979.5458984375
388909,0.07195091982421964,34.78385890293,0.45122492,poor,1149.6441650390625
388910,0.07195091982421964,34.79219223293,0.42739192,poor,1141.7564697265625
388911,0.07195091982421964,34.80052556293,0.44875044,poor,1036.1004638671875
388912,0.07195091982421964,34.80885889293,0.45749456,poor,848.3202514648438
388913,0.07195091982421964,34.81719222293,0.45443335,poor,970.2515869140625
388914,0.07195091982421964,34.82552555293,0.46672142,poor,809.8960571289062
388916,0.07195091982421964,34.84219221293,0.4756435,poor,1047.745361328125
388917,0.07195091982421964,34.85052554293,0.4705987,poor,951.4131469726562
388943,0.07195091982421964,35.06719212293,0.41378805,poor,806.064453125
389210,0.07195091982421964,37.29219123293,0.36824495,poor,1077.4150390625
389250,0.07195091982421964,37.62552443293,0.3646895,poor,862.3681030273438
389251,0.07195091982421964,37.63385776293,0.3730026,poor,1579.6131591796875
389252,0.07195091982421964,37.64219109293,0.38487917,poor,1445.948974609375
389253,0.07195091982421964,37.65052442293,0.39002237,poor,1099.40625
389254,0.07195091982421964,37.65885775293,0.43670583,poor,973.1719360351562
389256,0.07195091982421964,37.67552441293,0.44721884,poor,996.9307861328125
389257,0.07195091982421964,37.68385774293,0.4529542,poor,921.9429321289062
389571,0.07195091982421964,40.30052336293,0.75952613,severely poor,965.552001953125
389572,0.07195091982421964,40.30885669293,0.76467896,severely poor,972.486572265625
389695,0.0636175898242195,34.26719244293,0.4672154,poor,990.43359375
389696,0.0636175898242195,34.27552577293,0.42525077,poor,1881.306640625
389697,0.0636175898242195,34.28385910293,0.42232394,poor,2853.8349609375
389698,0.0636175898242195,34.29219243293,0.42755064,poor,2961.488525390625
389699,0.0636175898242195,34.30052576293,0.45154217,poor,1380.5772705078125
389725,0.0636175898242195,34.51719234293,0.466281,poor,819.9891967773438
389731,0.0636175898242195,34.56719232293,0.45090443,poor,1014.8192749023438
389732,0.0636175898242195,34.57552565293,0.44802517,poor,1238.435791015625
389733,0.0636175898242195,34.58385898293,0.46942765,poor,1327.5634765625
389734,0.0636175898242195,34.59219231293,0.48476866,poor,991.23095703125
389736,0.0636175898242195,34.60885897293,0.5321672,severely poor,961.4393920898438
389737,0.0636175898242195,34.61719230293,0.531265,severely poor,1044.6160888671875
389738,0.0636175898242195,34.62552563293,0.5172868,severely poor,917.777587890625
389739,0.0636175898242195,34.63385896293,0.5138137,severely poor,1030.318115234375
389740,0.0636175898242195,34.64219229293,0.51007265,severely poor,1436.66064453125
389741,0.0636175898242195,34.65052562293,0.5084792,severely poor,904.6743774414062
389742,0.0636175898242195,34.65885895293,0.50279075,severely poor,1093.7581787109375
389743,0.0636175898242195,34.66719228293,0.5000444,severely poor,1022.4055786132812
389744,0.0636175898242195,34.67552561293,0.4939225,poor,1076.956787109375
389745,0.0636175898242195,34.68385894293,0.5089933,severely poor,895.2008666992188
389746,0.0636175898242195,34.69219227293,0.49087304,poor,1026.1611328125
389747,0.0636175898242195,34.70052560293,0.48156515,poor,1189.81689453125
389748,0.0636175898242195,34.70885893293,0.46650633,poor,1165.860595703125
389749,0.0636175898242195,34.71719226293,0.4443653,poor,1679.6824951171875
389750,0.0636175898242195,34.72552559293,0.45039332,poor,1635.848876953125
389751,0.0636175898242195,34.73385892293,0.47596353,poor,1477.1849365234375
389752,0.0636175898242195,34.74219225293,0.49635375,poor,965.0723266601562
389753,0.0636175898242195,34.75052558293,0.49764615,poor,837.5926513671875
389754,0.0636175898242195,34.75885891293,0.48017657,poor,1019.1484375
389755,0.0636175898242195,34.76719224293,0.4588709,poor,1173.5802001953125
389756,0.0636175898242195,34.77552557293,0.4539516,poor,934.3837890625
389757,0.0636175898242195,34.78385890293,0.4439818,poor,871.5149536132812
389758,0.0636175898242195,34.79219223293,0.4402254,poor,999.1416625976562
389759,0.0636175898242195,34.80052556293,0.45550102,poor,879.9505615234375
389763,0.0636175898242195,34.83385888293,0.49011514,poor,889.4049682617188
389764,0.0636175898242195,34.84219221293,0.48199368,poor,939.9869995117188
389776,0.0636175898242195,34.94219217293,0.43371242,poor,860.9517822265625
389801,0.0636175898242195,35.15052542293,0.5242248,severely poor,896.1143188476562
389812,0.0636175898242195,35.24219205293,0.51192516,severely poor,1637.75146484375
389848,0.0636175898242195,35.54219193293,0.3548979,poor,1050.1444091796875
389869,0.0636175898242195,35.71719186293,0.42907956,poor,1382.9466552734375
389870,0.0636175898242195,35.72552519293,0.42214614,poor,1397.1856689453125
389871,0.0636175898242195,35.73385852293,0.43377542,poor,809.300537109375
389945,0.0636175898242195,36.35052494293,0.24157043,vulnerable,994.3521118164062
390098,0.0636175898242195,37.62552443293,0.34796053,poor,2068.647705078125
390099,0.0636175898242195,37.63385776293,0.3249491,vulnerable,4134.27783203125
390100,0.0636175898242195,37.64219109293,0.33658805,poor,3563.206298828125
390101,0.0636175898242195,37.65052442293,0.39263326,poor,1727.790771484375
390102,0.0636175898242195,37.65885775293,0.42830253,poor,1057.142578125
390103,0.0636175898242195,37.667191082929996,0.42693445,poor,1001.7677612304688
390104,0.0636175898242195,37.67552441293,0.4456045,poor,957.2114868164062
390105,0.0636175898242195,37.68385774293,0.4534004,poor,1033.2852783203125
390106,0.0636175898242195,37.69219107293,0.47175902,poor,917.9843139648438
390418,0.0636175898242195,40.29219003293,0.7620187,severely poor,1227.5504150390625
390419,0.0636175898242195,40.30052336293,0.74627656,severely poor,2529.912353515625
390420,0.0636175898242195,40.30885669293,0.7442812,severely poor,2210.218505859375
390421,0.0636175898242195,40.31719002293,0.76341754,severely poor,997.6456298828125
390543,0.05528425982421936,34.26719244293,0.47227317,poor,1869.5087890625
390544,0.05528425982421936,34.27552577293,0.45585436,poor,1656.902099609375
390545,0.05528425982421936,34.28385910293,0.44920972,poor,1791.748779296875
390546,0.05528425982421936,34.29219243293,0.44930816,poor,3115.595458984375
390547,0.05528425982421936,34.30052576293,0.44605985,poor,1877.9107666015625
390548,0.05528425982421936,34.30885909293,0.45901397,poor,1019.981689453125
390555,0.05528425982421936,34.36719240293,0.46398,poor,854.9812622070312
390563,0.05528425982421936,34.43385904293,0.46268272,poor,932.97802734375
390576,0.05528425982421936,34.54219233293,0.4325276,poor,864.5369262695312
390578,0.05528425982421936,34.55885899293,0.45306396,poor,937.76513671875
390579,0.05528425982421936,34.56719232293,0.44753703,poor,1143.8193359375
390580,0.05528425982421936,34.57552565293,0.4436198,poor,1369.950439453125
390581,0.05528425982421936,34.58385898293,0.45888266,poor,1464.0904541015625
390582,0.05528425982421936,34.59219231293,0.48103565,poor,1304.9964599609375
390583,0.05528425982421936,34.60052564293,0.50816566,severely poor,942.8185424804688
390584,0.05528425982421936,34.60885897293,0.50174516,severely poor,1052.1602783203125
390585,0.05528425982421936,34.61719230293,0.50753963,severely poor,978.6737060546875
390586,0.05528425982421936,34.62552563293,0.4979597,poor,1344.0240478515625
390587,0.05528425982421936,34.63385896293,0.49635372,poor,1221.468017578125
390588,0.05528425982421936,34.64219229293,0.49308953,poor,1165.89501953125
390589,0.05528425982421936,34.65052562293,0.49393624,poor,896.5789184570312
390590,0.05528425982421936,34.65885895293,0.48899388,poor,907.803955078125
390592,0.05528425982421936,34.67552561293,0.48071986,poor,1086.6658935546875
390593,0.05528425982421936,34.68385894293,0.4860124,poor,1189.2362060546875
390594,0.05528425982421936,34.69219227293,0.49076948,poor,1028.704833984375
390595,0.05528425982421936,34.70052560293,0.47145814,poor,1297.334716796875
390596,0.05528425982421936,34.70885893293,0.4586996,poor,1326.8994140625
390597,0.05528425982421936,34.71719226293,0.43924695,poor,2192.74169921875
390598,0.05528425982421936,34.72552559293,0.45138532,poor,2064.814208984375
390599,0.05528425982421936,34.73385892293,0.47977096,poor,1357.2061767578125
390600,0.05528425982421936,34.74219225293,0.48776186,poor,1261.1160888671875
390601,0.05528425982421936,34.75052558293,0.47844687,poor,1087.605712890625
390602,0.05528425982421936,34.75885891293,0.4773486,poor,916.2257080078125
390603,0.05528425982421936,34.76719224293,0.45543444,poor,926.0761108398438
390604,0.05528425982421936,34.77552557293,0.44715527,poor,888.0270385742188
390605,0.05528425982421936,34.78385890293,0.4387396,poor,846.9244995117188
390609,0.05528425982421936,34.81719222293,0.47815338,poor,904.6488037109375
390610,0.05528425982421936,34.82552555293,0.47944075,poor,817.692626953125
390612,0.05528425982421936,34.84219221293,0.5097189,severely poor,838.3922119140625
390659,0.05528425982421936,35.23385872293,0.53788096,severely poor,985.3350219726562
390660,0.05528425982421936,35.24219205293,0.56140596,severely poor,991.6680297851562
390717,0.05528425982421936,35.71719186293,0.3894735,poor,3271.572265625
390718,0.05528425982421936,35.72552519293,0.37736225,poor,3614.78076171875
390719,0.05528425982421936,35.73385852293,0.418845,poor,1418.69384765625
390793,0.05528425982421936,36.35052494293,0.24453887,vulnerable,1290.2379150390625
390794,0.05528425982421936,36.35885827293,0.23956768,vulnerable,1260.6729736328125
390946,0.05528425982421936,37.62552443293,0.34463593,poor,2045.352783203125
390947,0.05528425982421936,37.63385776293,0.33458564,poor,3982.2705078125
390948,0.05528425982421936,37.64219109293,0.33890954,poor,3296.69970703125
390949,0.05528425982421936,37.65052442293,0.3725681,poor,3298.33154296875
390950,0.05528425982421936,37.65885775293,0.4070454,poor,2844.406494140625
390951,0.05528425982421936,37.667191082929996,0.42366624,poor,1425.556396484375
390952,0.05528425982421936,37.67552441293,0.42493552,poor,1084.481689453125
390953,0.05528425982421936,37.68385774293,0.43692225,poor,827.9540405273438
390954,0.05528425982421936,37.69219107293,0.45268214,poor,1018.2433471679688
390955,0.05528425982421936,37.70052440293,0.45810518,poor,897.6939697265625
390979,0.05528425982421936,37.900524322929996,0.6063712,severely poor,1151.2752685546875
391266,0.05528425982421936,40.29219003293,0.76106447,severely poor,1352.6646728515625
391267,0.05528425982421936,40.30052336293,0.67569435,severely poor,5084.822265625
391268,0.05528425982421936,40.30885669293,0.6415943,severely poor,4259.14501953125
391269,0.05528425982421936,40.31719002293,0.76764023,severely poor,1489.277099609375
391393,0.04695092982421922,34.28385910293,0.470867,poor,1123.912841796875
391394,0.04695092982421922,34.29219243293,0.47064832,poor,874.3468627929688
391395,0.04695092982421922,34.30052576293,0.45169508,poor,820.1290283203125
391403,0.04695092982421922,34.36719240293,0.44150987,poor,1634.0987548828125
391404,0.04695092982421922,34.37552573293,0.4414227,poor,1238.648681640625
391425,0.04695092982421922,34.55052566293,0.43615222,poor,914.2705688476562
391426,0.04695092982421922,34.55885899293,0.4358803,poor,969.3648071289062
391427,0.04695092982421922,34.56719232293,0.4341743,poor,1691.8526611328125
391428,0.04695092982421922,34.57552565293,0.43975362,poor,1465.0140380859375
391429,0.04695092982421922,34.58385898293,0.45386428,poor,1221.36767578125
391430,0.04695092982421922,34.59219231293,0.47928262,poor,1360.613525390625
391431,0.04695092982421922,34.60052564293,0.47968316,poor,1080.3984375
391432,0.04695092982421922,34.60885897293,0.4852133,poor,1173.44775390625
391433,0.04695092982421922,34.61719230293,0.48237613,poor,1184.572265625
391434,0.04695092982421922,34.62552563293,0.478866,poor,1597.93603515625
391435,0.04695092982421922,34.63385896293,0.48340312,poor,1115.3460693359375
391436,0.04695092982421922,34.64219229293,0.47905582,poor,1003.1868896484375
391437,0.04695092982421922,34.65052562293,0.47737992,poor,902.5995483398438
391439,0.04695092982421922,34.66719228293,0.47188538,poor,819.6220092773438
391440,0.04695092982421922,34.67552561293,0.47397444,poor,1114.4288330078125
391441,0.04695092982421922,34.68385894293,0.47155493,poor,1223.482177734375
391442,0.04695092982421922,34.69219227293,0.4699622,poor,1082.0755615234375
391443,0.04695092982421922,34.70052560293,0.46119,poor,975.9517822265625
391444,0.04695092982421922,34.70885893293,0.44838575,poor,1621.2125244140625
391445,0.04695092982421922,34.71719226293,0.43535164,poor,2693.765380859375
391446,0.04695092982421922,34.72552559293,0.4609905,poor,1737.5828857421875
391447,0.04695092982421922,34.73385892293,0.48474348,poor,1376.9476318359375
391448,0.04695092982421922,34.74219225293,0.4841383,poor,1008.7424926757812
391449,0.04695092982421922,34.75052558293,0.48088837,poor,879.40625
391452,0.04695092982421922,34.77552557293,0.44417766,poor,1015.3095703125
391453,0.04695092982421922,34.78385890293,0.45612016,poor,996.8551635742188
391457,0.04695092982421922,34.81719222293,0.49192238,poor,1072.617919921875
391460,0.04695092982421922,34.84219221293,0.53520477,severely poor,818.7141723632812
391469,0.04695092982421922,34.91719218293,0.47359765,poor,810.3784790039062
391565,0.04695092982421922,35.71719186293,0.41339478,poor,1518.356689453125
391566,0.04695092982421922,35.72552519293,0.3898756,poor,2741.43310546875
391567,0.04695092982421922,35.73385852293,0.41845194,poor,1039.510986328125
391640,0.04695092982421922,36.34219161293,0.21008885,vulnerable,1234.966064453125
391641,0.04695092982421922,36.35052494293,0.2240398,vulnerable,1629.3184814453125
391642,0.04695092982421922,36.35885827293,0.20983204,vulnerable,3173.60205078125
391643,0.04695092982421922,36.36719160293,0.23748325,vulnerable,1995.9888916015625
391795,0.04695092982421922,37.63385776293,0.35626706,poor,2065.96044921875
391796,0.04695092982421922,37.64219109293,0.35663214,poor,2533.0732421875
391797,0.04695092982421922,37.65052442293,0.34428966,poor,5484.78173828125
391798,0.04695092982421922,37.65885775293,0.38874513,poor,4657.2099609375
391799,0.04695092982421922,37.667191082929996,0.4141541,poor,2352.870361328125
391800,0.04695092982421922,37.67552441293,0.43374965,poor,1111.629150390625
391801,0.04695092982421922,37.68385774293,0.43007308,poor,1037.680419921875
392114,0.04695092982421922,40.29219003293,0.76726377,severely poor,1059.756103515625
392115,0.04695092982421922,40.30052336293,0.72822654,severely poor,2401.673828125
392116,0.04695092982421922,40.30885669293,0.6973151,severely poor,4355.36962890625
392117,0.04695092982421922,40.31719002293,0.76816326,severely poor,1726.8748779296875
392246,0.038617599824219084,34.33385908293,0.45063883,poor,814.975341796875
392250,0.038617599824219084,34.36719240293,0.4562498,poor,1116.968017578125
392251,0.038617599824219084,34.37552573293,0.45411354,poor,1346.6298828125
392273,0.038617599824219084,34.55885899293,0.43921098,poor,925.4421997070312
392274,0.038617599824219084,34.56719232293,0.43037093,poor,1797.659912109375
392275,0.038617599824219084,34.57552565293,0.42676014,poor,2054.431884765625
392276,0.038617599824219084,34.58385898293,0.44874126,poor,1945.78125
392277,0.038617599824219084,34.59219231293,0.46784896,poor,1537.6112060546875
392278,0.038617599824219084,34.60052564293,0.46255594,poor,1279.0797119140625
392279,0.038617599824219084,34.60885897293,0.46859235,poor,892.856689453125
392280,0.038617599824219084,34.61719230293,0.47020796,poor,916.0613403320312
392281,0.038617599824219084,34.62552563293,0.46967095,poor,1332.220947265625
392282,0.038617599824219084,34.63385896293,0.47222754,poor,1220.0771484375
392283,0.038617599824219084,34.64219229293,0.4645549,poor,1067.2774658203125
392284,0.038617599824219084,34.65052562293,0.4613739,poor,1041.8509521484375
392285,0.038617599824219084,34.65885895293,0.4523452,poor,1173.382568359375
392286,0.038617599824219084,34.66719228293,0.451805,poor,942.318359375
392287,0.038617599824219084,34.67552561293,0.45582715,poor,1084.55126953125
392288,0.038617599824219084,34.68385894293,0.45785874,poor,1169.7037353515625
392289,0.038617599824219084,34.69219227293,0.45596027,poor,1112.8671875
392290,0.038617599824219084,34.70052560293,0.44153172,poor,1004.5964965820312
392291,0.038617599824219084,34.70885893293,0.4440938,poor,1511.898193359375
392292,0.038617599824219084,34.71719226293,0.45223552,poor,1561.2479248046875
392293,0.038617599824219084,34.72552559293,0.47423777,poor,1206.2525634765625
392294,0.038617599824219084,34.73385892293,0.4928502,poor,1159.2913818359375
392295,0.038617599824219084,34.74219225293,0.46655196,poor,1077.67578125
392296,0.038617599824219084,34.75052558293,0.46866158,poor,1008.298583984375
392304,0.038617599824219084,34.81719222293,0.5020493,severely poor,841.33837890625
392305,0.038617599824219084,34.82552555293,0.5114788,severely poor,905.834228515625
392413,0.038617599824219084,35.72552519293,0.42146313,poor,876.222900390625
392486,0.038617599824219084,36.33385828293,0.22359489,vulnerable,904.9786987304688
392487,0.038617599824219084,36.34219161293,0.13359568,non-poor,1522.7529296875
392488,0.038617599824219084,36.35052494293,0.10440123,non-poor,3601.37646484375
392489,0.038617599824219084,36.35885827293,0.10610792,non-poor,4878.11474609375
392490,0.038617599824219084,36.36719160293,0.21844542,vulnerable,1766.836669921875
392491,0.038617599824219084,36.37552493293,0.24188262,vulnerable,1493.433837890625
392492,0.038617599824219084,36.38385826293,0.24314609,vulnerable,1120.7210693359375
392581,0.038617599824219084,37.12552463293,0.35500753,poor,813.612060546875
392642,0.038617599824219084,37.63385776293,0.34624514,poor,2279.85205078125
392643,0.038617599824219084,37.64219109293,0.36383283,poor,4401.4013671875
392644,0.038617599824219084,37.65052442293,0.37288815,poor,5206.44140625
392645,0.038617599824219084,37.65885775293,0.39824104,poor,3164.601318359375
392646,0.038617599824219084,37.667191082929996,0.41039047,poor,1742.37109375
392649,0.038617599824219084,37.69219107293,0.44064453,poor,890.9132690429688
392668,0.038617599824219084,37.85052434293,0.5526049,severely poor,1234.467041015625
392962,0.038617599824219084,40.30052336293,0.76067805,severely poor,1077.283203125
392963,0.038617599824219084,40.30885669293,0.7567025,severely poor,1410.813232421875
392964,0.038617599824219084,40.31719002293,0.76800895,severely poor,995.6572265625
393120,0.030284269824219834,34.55885899293,0.4348972,poor,1031.64208984375
393121,0.030284269824219834,34.56719232293,0.4427069,poor,1253.357177734375
393122,0.030284269824219834,34.57552565293,0.40129364,poor,2204.735595703125
393123,0.030284269824219834,34.58385898293,0.394572,poor,3939.153564453125
393124,0.030284269824219834,34.59219231293,0.4595858,poor,1969.2252197265625
393125,0.030284269824219834,34.60052564293,0.46149805,poor,1650.0936279296875
393126,0.030284269824219834,34.60885897293,0.4525593,poor,1093.468017578125
393127,0.030284269824219834,34.61719230293,0.44349802,poor,1544.486328125
393128,0.030284269824219834,34.62552563293,0.45355132,poor,1521.0875244140625
393129,0.030284269824219834,34.63385896293,0.46914122,poor,1268.286865234375
393130,0.030284269824219834,34.64219229293,0.4656438,poor,1000.1881103515625
393131,0.030284269824219834,34.65052562293,0.47625834,poor,854.7183837890625
393132,0.030284269824219834,34.65885895293,0.47006792,poor,1278.8743896484375
393133,0.030284269824219834,34.66719228293,0.47074568,poor,1102.03759765625
393134,0.030284269824219834,34.67552561293,0.47561508,poor,1097.040283203125
393135,0.030284269824219834,34.68385894293,0.4710594,poor,984.354248046875
393136,0.030284269824219834,34.69219227293,0.46600136,poor,979.8137817382812
393137,0.030284269824219834,34.70052560293,0.46519175,poor,918.8528442382812
393138,0.030284269824219834,34.70885893293,0.4683639,poor,862.250732421875
393139,0.030284269824219834,34.71719226293,0.46048594,poor,885.0825805664062
393140,0.030284269824219834,34.72552559293,0.46685573,poor,1004.4074096679688
393145,0.030284269824219834,34.76719224293,0.45294333,poor,879.9251708984375
393146,0.030284269824219834,34.77552557293,0.46084157,poor,955.4713134765625
393148,0.030284269824219834,34.79219223293,0.4599005,poor,987.4830322265625
393149,0.030284269824219834,34.80052556293,0.48152256,poor,821.5497436523438
393334,0.030284269824219834,36.34219161293,0.20449862,vulnerable,1181.466796875
393335,0.030284269824219834,36.35052494293,0.092634514,non-poor,2714.8115234375
393336,0.030284269824219834,36.35885827293,0.15326981,non-poor,4029.184814453125
393337,0.030284269824219834,36.36719160293,0.22862595,vulnerable,1669.306640625
393340,0.030284269824219834,36.39219159293,0.24074174,vulnerable,1343.72314453125
393341,0.030284269824219834,36.400524922929996,0.23910259,vulnerable,1033.1456298828125
393342,0.030284269824219834,36.40885825293,0.24562742,vulnerable,2299.020751953125
393343,0.030284269824219834,36.41719158293,0.26448458,vulnerable,1009.1719360351562
393420,0.030284269824219834,37.05885799293,0.33474272,poor,808.6011962890625
393421,0.030284269824219834,37.06719132293,0.30345917,vulnerable,1217.579345703125
393422,0.030284269824219834,37.07552465293,0.32605508,vulnerable,2386.764404296875
393425,0.030284269824219834,37.10052464293,0.34810472,poor,818.8184204101562
393484,0.030284269824219834,37.592191112929996,0.3607885,poor,807.2349243164062
393489,0.030284269824219834,37.63385776293,0.35388356,poor,1266.045166015625
393490,0.030284269824219834,37.64219109293,0.36471528,poor,2098.373046875
393491,0.030284269824219834,37.65052442293,0.3946219,poor,2050.7587890625
393492,0.030284269824219834,37.65885775293,0.40454358,poor,2534.43701171875
393493,0.030284269824219834,37.667191082929996,0.41305703,poor,1307.912109375
393494,0.030284269824219834,37.67552441293,0.40646443,poor,1116.1536865234375
393495,0.030284269824219834,37.68385774293,0.42549044,poor,902.0475463867188
393496,0.030284269824219834,37.69219107293,0.42837593,poor,1030.364501953125
393966,0.021950939824219695,34.55052566293,0.45144632,poor,870.6640625
393967,0.021950939824219695,34.55885899293,0.4557177,poor,1227.120361328125
393968,0.021950939824219695,34.56719232293,0.45755482,poor,926.271484375
393969,0.021950939824219695,34.57552565293,0.43831834,poor,1608.9967041015625
393970,0.021950939824219695,34.58385898293,0.42443916,poor,3728.002685546875
393971,0.021950939824219695,34.59219231293,0.44161862,poor,2887.554931640625
393972,0.021950939824219695,34.60052564293,0.44885927,poor,1546.45947265625
393973,0.021950939824219695,34.60885897293,0.44355056,poor,1547.981201171875
393974,0.021950939824219695,34.61719230293,0.45653078,poor,1376.8538818359375
393975,0.021950939824219695,34.62552563293,0.46605748,poor,1350.3714599609375
393976,0.021950939824219695,34.63385896293,0.47441772,poor,1127.388427734375
393977,0.021950939824219695,34.64219229293,0.47599006,poor,934.712646484375
393979,0.021950939824219695,34.65885895293,0.4893377,poor,928.1514892578125
393980,0.021950939824219695,34.66719228293,0.48988283,poor,1172.2969970703125
393981,0.021950939824219695,34.67552561293,0.49472746,poor,1011.7363891601562
393984,0.021950939824219695,34.70052560293,0.4823735,poor,918.9774780273438
393985,0.021950939824219695,34.70885893293,0.4758288,poor,988.8212890625
393987,0.021950939824219695,34.72552559293,0.46057695,poor,1232.4124755859375
393988,0.021950939824219695,34.73385892293,0.4687164,poor,824.3107299804688
393990,0.021950939824219695,34.75052558293,0.45515445,poor,920.3944091796875
393991,0.021950939824219695,34.75885891293,0.4596676,poor,1465.222412109375
393992,0.021950939824219695,34.76719224293,0.46575952,poor,921.9415283203125
393995,0.021950939824219695,34.79219223293,0.48250479,poor,997.51904296875
394181,0.021950939824219695,36.34219161293,0.25387618,vulnerable,1056.7147216796875
394182,0.021950939824219695,36.35052494293,0.22081044,vulnerable,1410.344970703125
394183,0.021950939824219695,36.35885827293,0.21937518,vulnerable,2259.1728515625
394184,0.021950939824219695,36.36719160293,0.24803057,vulnerable,1082.4097900390625
394188,0.021950939824219695,36.400524922929996,0.25372532,vulnerable,881.7996215820312
394189,0.021950939824219695,36.40885825293,0.25507945,vulnerable,1372.855224609375
394191,0.021950939824219695,36.42552491293,0.27690768,vulnerable,1420.10986328125
394268,0.021950939824219695,37.06719132293,0.20133246,vulnerable,2620.806884765625
394269,0.021950939824219695,37.07552465293,0.24042605,vulnerable,4047.86376953125
394270,0.021950939824219695,37.08385798293,0.29920548,vulnerable,3055.73291015625
394271,0.021950939824219695,37.09219131293,0.3549068,poor,1211.932373046875
394336,0.021950939824219695,37.63385776293,0.34589472,poor,989.8812866210938
394337,0.021950939824219695,37.64219109293,0.36618438,poor,1169.474609375
394338,0.021950939824219695,37.65052442293,0.39272735,poor,987.157470703125
394339,0.021950939824219695,37.65885775293,0.4078278,poor,1097.5460205078125
394341,0.021950939824219695,37.67552441293,0.429005,poor,1037.24462890625
394342,0.021950939824219695,37.68385774293,0.43368852,poor,1017.5853271484375
394663,0.021950939824219695,40.35885667293,0.75820214,severely poor,1639.7064208984375
394816,0.013617609824219556,34.57552565293,0.44418365,poor,867.1162109375
394817,0.013617609824219556,34.58385898293,0.44718042,poor,1227.49853515625
394818,0.013617609824219556,34.59219231293,0.44858155,poor,2227.560302734375
394819,0.013617609824219556,34.60052564293,0.45305964,poor,2265.091796875
394820,0.013617609824219556,34.60885897293,0.46390343,poor,1296.8812255859375
394821,0.013617609824219556,34.61719230293,0.4604866,poor,987.3944091796875
394822,0.013617609824219556,34.62552563293,0.4918524,poor,1031.446533203125
394823,0.013617609824219556,34.63385896293,0.501343,severely poor,897.4134521484375
394826,0.013617609824219556,34.65885895293,0.5116659,severely poor,847.6787719726562
394827,0.013617609824219556,34.66719228293,0.5111476,severely poor,944.2592163085938
394829,0.013617609824219556,34.68385894293,0.5096061,severely poor,822.6842651367188
394830,0.013617609824219556,34.69219227293,0.5063581,severely poor,839.23779296875
394831,0.013617609824219556,34.70052560293,0.49743778,poor,1084.2220458984375
394834,0.013617609824219556,34.72552559293,0.46193117,poor,1004.04296875
394835,0.013617609824219556,34.73385892293,0.46234164,poor,1227.845703125
394836,0.013617609824219556,34.74219225293,0.4611344,poor,973.8721923828125
394837,0.013617609824219556,34.75052558293,0.47141418,poor,909.6932373046875
394838,0.013617609824219556,34.75885891293,0.47367898,poor,995.6011352539062
394839,0.013617609824219556,34.76719224293,0.4887473,poor,840.81103515625
394842,0.013617609824219556,34.79219223293,0.4936346,poor,815.1251831054688
394845,0.013617609824219556,34.81719222293,0.52583194,severely poor,1162.217529296875
395014,0.013617609824219556,36.22552499293,0.33398262,poor,1099.768798828125
395029,0.013617609824219556,36.35052494293,0.25481305,vulnerable,1490.525634765625
395030,0.013617609824219556,36.35885827293,0.24958882,vulnerable,1941.3138427734375
395031,0.013617609824219556,36.36719160293,0.2519889,vulnerable,1008.5573120117188
395115,0.013617609824219556,37.06719132293,0.23417908,vulnerable,2859.537353515625
395116,0.013617609824219556,37.07552465293,0.25442755,vulnerable,4079.156005859375
395117,0.013617609824219556,37.08385798293,0.3121411,vulnerable,2324.233642578125
395118,0.013617609824219556,37.09219131293,0.34952596,poor,1310.851806640625
395178,0.013617609824219556,37.592191112929996,0.3753987,poor,925.4127197265625
395179,0.013617609824219556,37.60052444293,0.35408837,poor,1124.9654541015625
395180,0.013617609824219556,37.60885777293,0.34300682,poor,917.9537353515625
395509,0.013617609824219556,40.350523342929996,0.7622685,severely poor,1716.353759765625
395510,0.013617609824219556,40.35885667293,0.73682976,severely poor,4278.00439453125
395511,0.013617609824219556,40.36719000293,0.7244461,severely poor,3942.9150390625
395657,0.005284279824219418,34.52552567293,0.43727568,poor,864.6921997070312
395663,0.005284279824219418,34.57552565293,0.43452796,poor,966.2280883789062
395664,0.005284279824219418,34.58385898293,0.43680444,poor,1167.56005859375
395665,0.005284279824219418,34.59219231293,0.4325621,poor,875.2670288085938
395666,0.005284279824219418,34.60052564293,0.44241825,poor,879.1917114257812
395667,0.005284279824219418,34.60885897293,0.44804293,poor,1352.4813232421875
395668,0.005284279824219418,34.61719230293,0.48842388,poor,1313.6175537109375
395669,0.005284279824219418,34.62552563293,0.50381476,severely poor,870.6280517578125
395671,0.005284279824219418,34.64219229293,0.5166455,severely poor,1017.9190673828125
395679,0.005284279824219418,34.70885893293,0.510394,severely poor,842.111572265625
395680,0.005284279824219418,34.71719226293,0.48689073,poor,990.599365234375
395681,0.005284279824219418,34.72552559293,0.4781525,poor,1277.2587890625
395682,0.005284279824219418,34.73385892293,0.45903292,poor,1587.7032470703125
395683,0.005284279824219418,34.74219225293,0.4795799,poor,1306.553955078125
395684,0.005284279824219418,34.75052558293,0.47655755,poor,819.38623046875
395860,0.005284279824219418,36.21719166293,0.30754873,vulnerable,1036.3426513671875
395861,0.005284279824219418,36.22552499293,0.30561405,vulnerable,3069.601318359375
395862,0.005284279824219418,36.23385832293,0.32739428,vulnerable,1418.138427734375
395877,0.005284279824219418,36.35885827293,0.25856313,vulnerable,1265.07080078125
395878,0.005284279824219418,36.36719160293,0.25626308,vulnerable,803.1876831054688
395962,0.005284279824219418,37.06719132293,0.2880458,vulnerable,1259.2696533203125
395963,0.005284279824219418,37.07552465293,0.32578397,vulnerable,2202.239501953125
395964,0.005284279824219418,37.08385798293,0.32487395,vulnerable,1358.4635009765625
395965,0.005284279824219418,37.09219131293,0.3343568,poor,857.5885009765625
396024,0.005284279824219418,37.58385778293,0.39993963,poor,987.73828125
396033,0.005284279824219418,37.65885775293,0.42855576,poor,890.28662109375
396356,0.005284279824219418,40.350523342929996,0.773361,severely poor,3239.024658203125
396357,0.005284279824219418,40.35885667293,0.7656534,severely poor,6052.28564453125
396358,0.005284279824219418,40.36719000293,0.75172424,severely poor,6109.57568359375
396359,0.005284279824219418,40.37552333293,0.7479873,severely poor,2504.052001953125
396508,-0.003049050175780721,34.55885899293,0.4697934,poor,1054.6201171875
396509,-0.003049050175780721,34.56719232293,0.45637232,poor,821.2610473632812
396510,-0.003049050175780721,34.57552565293,0.43872592,poor,1261.623779296875
396511,-0.003049050175780721,34.58385898293,0.42298305,poor,1443.821533203125
396512,-0.003049050175780721,34.59219231293,0.4102451,poor,1730.3636474609375
396513,-0.003049050175780721,34.60052564293,0.42903063,poor,1786.1185302734375
396514,-0.003049050175780721,34.60885897293,0.4486946,poor,1380.0595703125
396515,-0.003049050175780721,34.61719230293,0.47729558,poor,852.135009765625
396525,-0.003049050175780721,34.70052560293,0.5355618,severely poor,860.560791015625
396526,-0.003049050175780721,34.70885893293,0.5082335,severely poor,1050.1070556640625
396527,-0.003049050175780721,34.71719226293,0.51587665,severely poor,988.5267333984375
396529,-0.003049050175780721,34.73385892293,0.4658784,poor,1607.4227294921875
396530,-0.003049050175780721,34.74219225293,0.47718033,poor,1083.152587890625
396536,-0.003049050175780721,34.79219223293,0.49685445,poor,1037.483154296875
396707,-0.003049050175780721,36.21719166293,0.3117818,vulnerable,914.0032348632812
396708,-0.003049050175780721,36.22552499293,0.3254109,vulnerable,2158.448974609375
396709,-0.003049050175780721,36.23385832293,0.34912413,poor,970.3820190429688
396724,-0.003049050175780721,36.35885827293,0.25325075,vulnerable,876.4408569335938
396807,-0.003049050175780721,37.05052466293,0.32928607,vulnerable,1110.468017578125
396808,-0.003049050175780721,37.05885799293,0.3205629,vulnerable,1562.11962890625
396809,-0.003049050175780721,37.06719132293,0.32319385,vulnerable,1409.72412109375
396810,-0.003049050175780721,37.07552465293,0.32610044,vulnerable,1599.1221923828125
396811,-0.003049050175780721,37.08385798293,0.30314004,vulnerable,1281.819091796875
396813,-0.003049050175780721,37.10052464293,0.3221322,vulnerable,896.704833984375
396871,-0.003049050175780721,37.58385778293,0.42392007,poor,1098.2525634765625
396872,-0.003049050175780721,37.592191112929996,0.39297488,poor,1572.359130859375
396879,-0.003049050175780721,37.65052442293,0.3828156,poor,877.372802734375
396880,-0.003049050175780721,37.65885775293,0.41968086,poor,1045.375
397203,-0.003049050175780721,40.350523342929996,0.77653486,severely poor,2212.1787109375
397204,-0.003049050175780721,40.35885667293,0.76881677,severely poor,4543.29443359375
397205,-0.003049050175780721,40.36719000293,0.75224274,severely poor,4660.77783203125
397206,-0.003049050175780721,40.37552333293,0.745653,severely poor,3685.69189453125
397207,-0.003049050175780721,40.38385666293,0.756945,severely poor,1471.2191162109375
397355,-0.01138238017578086,34.55885899293,0.4763561,poor,1208.2457275390625
397356,-0.01138238017578086,34.56719232293,0.44967017,poor,1127.9969482421875
397357,-0.01138238017578086,34.57552565293,0.4401199,poor,1211.6591796875
397358,-0.01138238017578086,34.58385898293,0.42973596,poor,1648.328369140625
397359,-0.01138238017578086,34.59219231293,0.44779286,poor,1050.68701171875
397372,-0.01138238017578086,34.70052560293,0.5461881,severely poor,848.554931640625
397376,-0.01138238017578086,34.73385892293,0.46361881,poor,1146.3863525390625
397377,-0.01138238017578086,34.74219225293,0.46829903,poor,1161.0037841796875
397378,-0.01138238017578086,34.75052558293,0.46422178,poor,1004.0687255859375
397382,-0.01138238017578086,34.78385890293,0.47333097,poor,940.9159545898438
397383,-0.01138238017578086,34.79219223293,0.46518064,poor,981.59326171875
397555,-0.01138238017578086,36.22552499293,0.32833788,vulnerable,1071.7806396484375
397571,-0.01138238017578086,36.35885827293,0.24670643,vulnerable,960.2756958007812
397656,-0.01138238017578086,37.06719132293,0.32628888,vulnerable,1087.006591796875
397658,-0.01138238017578086,37.08385798293,0.3351446,poor,1116.4293212890625
397660,-0.01138238017578086,37.10052464293,0.3199982,vulnerable,950.202880859375
397719,-0.01138238017578086,37.592191112929996,0.40242943,poor,963.3502197265625
397727,-0.01138238017578086,37.65885775293,0.41261682,poor,1223.9542236328125
397728,-0.01138238017578086,37.667191082929996,0.45119366,poor,807.380859375
398051,-0.01138238017578086,40.35885667293,0.7669645,severely poor,1060.671630859375
398052,-0.01138238017578086,40.36719000293,0.75509524,severely poor,2466.145751953125
398053,-0.01138238017578086,40.37552333293,0.75111896,severely poor,2081.070556640625
398054,-0.01138238017578086,40.38385666293,0.75937915,severely poor,870.7386474609375
398202,-0.01971571017578011,34.55885899293,0.47886977,poor,1008.624267578125
398203,-0.01971571017578011,34.56719232293,0.4484201,poor,1454.0357666015625
398204,-0.01971571017578011,34.57552565293,0.45078418,poor,1348.929931640625
398205,-0.01971571017578011,34.58385898293,0.45891488,poor,914.5919189453125
398208,-0.01971571017578011,34.60885897293,0.4646279,poor,857.4666748046875
398223,-0.01971571017578011,34.73385892293,0.46814987,poor,1190.745361328125
398224,-0.01971571017578011,34.74219225293,0.43229628,poor,2249.052001953125
398225,-0.01971571017578011,34.75052558293,0.442082,poor,899.244873046875
398229,-0.01971571017578011,34.78385890293,0.43188035,poor,838.07763671875
398230,-0.01971571017578011,34.79219223293,0.42551008,poor,1027.6954345703125
398231,-0.01971571017578011,34.80052556293,0.43125105,poor,910.8945922851562
398369,-0.01971571017578011,35.95052510293,0.45736572,poor,895.42138671875
398370,-0.01971571017578011,35.95885843293,0.4554185,poor,2124.37890625
398371,-0.01971571017578011,35.96719176293,0.46986485,poor,837.7706909179688
398565,-0.01971571017578011,37.58385778293,0.4382486,poor,887.7318725585938
398572,-0.01971571017578011,37.64219109293,0.34716806,poor,817.8296508789062
398983,-0.02804904017578025,34.00885921293,0.50528955,severely poor,872.7955322265625
398984,-0.02804904017578025,34.01719254293,0.47951406,poor,858.6397094726562
399049,-0.02804904017578025,34.55885899293,0.4804421,poor,874.6112060546875
399050,-0.02804904017578025,34.56719232293,0.4666682,poor,956.621337890625
399055,-0.02804904017578025,34.60885897293,0.48071897,poor,1278.1944580078125
399067,-0.02804904017578025,34.70885893293,0.5065328,severely poor,971.0313110351562
399070,-0.02804904017578025,34.73385892293,0.46574482,poor,1174.2193603515625
399071,-0.02804904017578025,34.74219225293,0.45150188,poor,1387.846923828125
399072,-0.02804904017578025,34.75052558293,0.42220986,poor,929.1741333007812
399076,-0.02804904017578025,34.78385890293,0.4049534,poor,843.1423950195312
399077,-0.02804904017578025,34.79219223293,0.40891042,poor,1513.162841796875
399078,-0.02804904017578025,34.80052556293,0.41239253,poor,1354.6890869140625
399217,-0.02804904017578025,35.95885843293,0.45495075,poor,1133.57568359375
399246,-0.02804904017578025,36.20052500293,0.31031007,vulnerable,880.4208984375
399421,-0.02804904017578025,37.65885775293,0.38307995,poor,811.8540649414062
399422,-0.02804904017578025,37.667191082929996,0.42769396,poor,874.0425415039062
399912,-0.03638237017578039,34.70052560293,0.49718517,poor,886.6940307617188
399919,-0.03638237017578039,34.75885891293,0.39012077,poor,1088.6417236328125
399922,-0.03638237017578039,34.78385890293,0.40040338,poor,883.14599609375
399923,-0.03638237017578039,34.79219223293,0.39293474,poor,1038.6419677734375
399924,-0.03638237017578039,34.80052556293,0.3987726,poor,935.5187377929688
399925,-0.03638237017578039,34.80885889293,0.3994077,poor,914.9078979492188
399969,-0.03638237017578039,35.17552541293,0.46008086,poor,812.7444458007812
400267,-0.03638237017578039,37.65885775293,0.3733188,poor,1447.3204345703125
400268,-0.03638237017578039,37.667191082929996,0.3986502,poor,883.9813842773438
400269,-0.03638237017578039,37.67552441293,0.40246502,poor,804.9212646484375
400691,-0.044715700175780526,34.14219249293,0.4480252,poor,868.5941162109375
400738,-0.044715700175780526,34.53385900293,0.5137045,severely poor,807.1884155273438
400743,-0.044715700175780526,34.57552565293,0.48536658,poor,1158.4027099609375
400751,-0.044715700175780526,34.64219229293,0.43766427,poor,1137.8121337890625
400752,-0.044715700175780526,34.65052562293,0.4507184,poor,1313.1859130859375
400766,-0.044715700175780526,34.76719224293,0.4117713,poor,1512.361572265625
400767,-0.044715700175780526,34.77552557293,0.38367236,poor,1026.6146240234375
400768,-0.044715700175780526,34.78385890293,0.36631665,poor,1308.1219482421875
400769,-0.044715700175780526,34.79219223293,0.36795512,poor,1243.90185546875
400770,-0.044715700175780526,34.80052556293,0.38608512,poor,1125.2066650390625
400771,-0.044715700175780526,34.80885889293,0.39596283,poor,1737.7479248046875
400936,-0.044715700175780526,36.18385834293,0.32207027,vulnerable,935.3204345703125
401111,-0.044715700175780526,37.64219109293,0.3416744,poor,934.602783203125
401112,-0.044715700175780526,37.65052442293,0.34738475,poor,1137.136474609375
401113,-0.044715700175780526,37.65885775293,0.35996988,poor,1221.2392578125
401114,-0.044715700175780526,37.667191082929996,0.39221302,poor,870.4390869140625
401115,-0.044715700175780526,37.67552441293,0.3906192,poor,1101.0723876953125
401116,-0.044715700175780526,37.68385774293,0.4413294,poor,1012.6532592773438
401537,-0.053049030175780665,34.14219249293,0.46467918,poor,806.0957641601562
401571,-0.053049030175780665,34.42552571293,0.41164982,poor,856.2262573242188
401589,-0.053049030175780665,34.57552565293,0.48823592,poor,1080.0733642578125
401602,-0.053049030175780665,34.68385894293,0.45562088,poor,893.0493774414062
401612,-0.053049030175780665,34.76719224293,0.38025284,poor,1284.845458984375
401613,-0.053049030175780665,34.77552557293,0.34118158,poor,2241.91796875
401614,-0.053049030175780665,34.78385890293,0.3581329,poor,2789.4853515625
401615,-0.053049030175780665,34.79219223293,0.35530168,poor,2720.417236328125
401616,-0.053049030175780665,34.80052556293,0.30492696,vulnerable,2018.0701904296875
401617,-0.053049030175780665,34.80885889293,0.31077033,vulnerable,990.3800659179688
401823,-0.053049030175780665,36.52552487293,0.28530288,vulnerable,829.4268188476562
401959,-0.053049030175780665,37.65885775293,0.3578791,poor,867.04248046875
402372,-0.061382360175780804,34.05052586293,0.4391918,poor,1848.474853515625
402373,-0.061382360175780804,34.05885919293,0.45024806,poor,1485.6263427734375
402417,-0.061382360175780804,34.42552571293,0.41778526,poor,943.9583129882812
402451,-0.061382360175780804,34.70885893293,0.43899655,poor,1500.02880859375
402452,-0.061382360175780804,34.71719226293,0.470918,poor,1034.0736083984375
402453,-0.061382360175780804,34.72552559293,0.46407002,poor,1257.49462890625
402454,-0.061382360175780804,34.73385892293,0.42802364,poor,1420.0386962890625
402455,-0.061382360175780804,34.74219225293,0.42096296,poor,826.56201171875
402457,-0.061382360175780804,34.75885891293,0.3988369,poor,1289.96337890625
402458,-0.061382360175780804,34.76719224293,0.34452987,poor,2518.085205078125
402459,-0.061382360175780804,34.77552557293,0.33908024,poor,2749.506591796875
402460,-0.061382360175780804,34.78385890293,0.38095585,poor,1948.97802734375
402461,-0.061382360175780804,34.79219223293,0.36684144,poor,1059.47802734375
402462,-0.061382360175780804,34.80052556293,0.3249355,vulnerable,962.2193603515625
402463,-0.061382360175780804,34.80885889293,0.10086831,non-poor,906.0103149414062
402797,-0.061382360175780804,37.592191112929996,0.43556365,poor,1004.84521484375
402803,-0.061382360175780804,37.64219109293,0.33632818,poor,855.2830810546875
402804,-0.061382360175780804,37.65052442293,0.300496,vulnerable,1496.566650390625
402805,-0.061382360175780804,37.65885775293,0.32148275,vulnerable,3438.28564453125
402806,-0.061382360175780804,37.667191082929996,0.35923576,poor,1563.5450439453125
403217,-0.06971569017578094,34.05052586293,0.45053157,poor,2166.813720703125
403218,-0.06971569017578094,34.05885919293,0.48563564,poor,1913.7366943359375
403254,-0.06971569017578094,34.35885907293,0.4157026,poor,804.9447021484375
403256,-0.06971569017578094,34.37552573293,0.4035785,poor,1418.5960693359375
403257,-0.06971569017578094,34.38385906293,0.41831985,poor,1176.7557373046875
403272,-0.06971569017578094,34.50885901293,0.46875453,poor,842.8605346679688
403289,-0.06971569017578094,34.65052562293,0.42855215,poor,804.2012939453125
403290,-0.06971569017578094,34.65885895293,0.42148802,poor,1103.1595458984375
403293,-0.06971569017578094,34.68385894293,0.4291885,poor,959.449462890625
403294,-0.06971569017578094,34.69219227293,0.43036073,poor,841.9448852539062
403295,-0.06971569017578094,34.70052560293,0.38370296,poor,1618.2974853515625
403296,-0.06971569017578094,34.70885893293,0.4008229,poor,1630.1510009765625
403297,-0.06971569017578094,34.71719226293,0.3802421,poor,1255.817626953125
403298,-0.06971569017578094,34.72552559293,0.4100479,poor,2303.94921875
403299,-0.06971569017578094,34.73385892293,0.40218228,poor,2037.792724609375
403300,-0.06971569017578094,34.74219225293,0.4009954,poor,2213.416015625
403301,-0.06971569017578094,34.75052558293,0.4012558,poor,1629.9798583984375
403302,-0.06971569017578094,34.75885891293,0.37461233,poor,1352.883056640625
403303,-0.06971569017578094,34.76719224293,0.33257422,poor,1583.7374267578125
403304,-0.06971569017578094,34.77552557293,0.2974259,vulnerable,4994.02001953125
403305,-0.06971569017578094,34.78385890293,0.24564733,vulnerable,7299.3154296875
403306,-0.06971569017578094,34.79219223293,0.32699126,vulnerable,2019.9771728515625
403307,-0.06971569017578094,34.80052556293,0.34913546,poor,1657.97607421875
403308,-0.06971569017578094,34.80885889293,0.36341408,poor,1410.0830078125
403309,-0.06971569017578094,34.81719222293,0.39081463,poor,1011.834228515625
403310,-0.06971569017578094,34.82552555293,0.41084537,poor,1291.5863037109375
403471,-0.06971569017578094,36.167191682929996,0.3023196,vulnerable,1110.2484130859375
403645,-0.06971569017578094,37.61719110293,0.389138,poor,861.0181274414062
403648,-0.06971569017578094,37.64219109293,0.3692111,poor,946.9077758789062
403649,-0.06971569017578094,37.65052442293,0.33671868,poor,1242.4075927734375
403650,-0.06971569017578094,37.65885775293,0.33895645,poor,2787.474609375
403651,-0.06971569017578094,37.667191082929996,0.3492046,poor,2914.102294921875
403652,-0.06971569017578094,37.67552441293,0.37951678,poor,922.5927124023438
404135,-0.07804902017578019,34.65885895293,0.43112883,poor,885.5166015625
404138,-0.07804902017578019,34.68385894293,0.43570828,poor,810.8619384765625
404139,-0.07804902017578019,34.69219227293,0.43608695,poor,1321.071044921875
404140,-0.07804902017578019,34.70052560293,0.34752306,poor,1812.82470703125
404141,-0.07804902017578019,34.70885893293,0.41028905,poor,2057.780517578125
404142,-0.07804902017578019,34.71719226293,0.20967256,vulnerable,1358.05810546875
404143,-0.07804902017578019,34.72552559293,0.24725805,vulnerable,845.2149658203125
404144,-0.07804902017578019,34.73385892293,0.31937623,vulnerable,1059.365478515625
404145,-0.07804902017578019,34.74219225293,0.3386483,poor,1963.239013671875
404146,-0.07804902017578019,34.75052558293,0.35404205,poor,2444.8984375
404147,-0.07804902017578019,34.75885891293,0.29732397,vulnerable,2911.6298828125
404148,-0.07804902017578019,34.76719224293,0.20963861,vulnerable,10446.607421875
404149,-0.07804902017578019,34.77552557293,0.19818841,non-poor,15066.234375
404150,-0.07804902017578019,34.78385890293,0.23095569,vulnerable,13852.0478515625
404151,-0.07804902017578019,34.79219223293,0.3476606,poor,3680.84619140625
404152,-0.07804902017578019,34.80052556293,0.36961704,poor,1241.331787109375
404173,-0.07804902017578019,34.97552549293,0.45981964,poor,931.6572265625
404192,-0.07804902017578019,35.13385876293,0.42992175,poor,1586.608154296875
404316,-0.07804902017578019,36.167191682929996,0.30211875,vulnerable,1478.7135009765625
404339,-0.07804902017578019,36.35885827293,0.24521787,vulnerable,933.068115234375
404365,-0.07804902017578019,36.57552485293,0.29110265,vulnerable,1481.8782958984375
404488,-0.07804902017578019,37.60052444293,0.42867464,poor,861.5515747070312
404489,-0.07804902017578019,37.60885777293,0.40923187,poor,843.6251831054688
404490,-0.07804902017578019,37.61719110293,0.38613492,poor,1048.3602294921875
404495,-0.07804902017578019,37.65885775293,0.32787928,vulnerable,1075.698486328125
404496,-0.07804902017578019,37.667191082929996,0.35751635,poor,1330.9842529296875
404497,-0.07804902017578019,37.67552441293,0.37353116,poor,1101.9871826171875
404933,-0.08638235017578033,34.26719244293,0.39503464,poor,934.1787109375
404934,-0.08638235017578033,34.27552577293,0.39155483,poor,1584.1431884765625
404984,-0.08638235017578033,34.69219227293,0.42502564,poor,920.76708984375
404987,-0.08638235017578033,34.71719226293,0.40943608,poor,1598.4718017578125
404989,-0.08638235017578033,34.73385892293,0.34525466,poor,802.8743286132812
404992,-0.08638235017578033,34.75885891293,0.23926628,vulnerable,2575.281494140625
404993,-0.08638235017578033,34.76719224293,0.20577727,vulnerable,10246.5517578125
404994,-0.08638235017578033,34.77552557293,0.260844,vulnerable,20529.0078125
404995,-0.08638235017578033,34.78385890293,0.31772465,vulnerable,17680.98828125
404996,-0.08638235017578033,34.79219223293,0.37342444,poor,2185.4794921875
404997,-0.08638235017578033,34.80052556293,0.3869596,poor,1001.3685913085938
405036,-0.08638235017578033,35.12552543293,0.45117483,poor,1244.652099609375
405037,-0.08638235017578033,35.13385876293,0.45523188,poor,930.4371948242188
405102,-0.08638235017578033,35.67552521293,0.39306352,poor,863.5182495117188
405340,-0.08638235017578033,37.65885775293,0.33378887,poor,1183.9312744140625
405776,-0.09471568017578047,34.25885911293,0.37208816,poor,1559.0797119140625
405777,-0.09471568017578047,34.26719244293,0.331652,poor,2311.00244140625
405778,-0.09471568017578047,34.27552577293,0.35796788,poor,2895.748291015625
405779,-0.09471568017578047,34.28385910293,0.40486875,poor,908.1588134765625
405816,-0.09471568017578047,34.59219231293,0.41508627,poor,976.841064453125
405822,-0.09471568017578047,34.64219229293,0.40416503,poor,1497.2003173828125
405831,-0.09471568017578047,34.71719226293,0.3538164,poor,1109.484375
405832,-0.09471568017578047,34.72552559293,0.33706805,poor,2106.0859375
405835,-0.09471568017578047,34.75052558293,0.2063753,vulnerable,1609.2440185546875
405836,-0.09471568017578047,34.75885891293,0.21762332,vulnerable,7349.91357421875
405837,-0.09471568017578047,34.76719224293,0.29861596,vulnerable,7885.66650390625
405838,-0.09471568017578047,34.77552557293,0.32203314,vulnerable,15250.685546875
405839,-0.09471568017578047,34.78385890293,0.39117467,poor,12989.958984375
405840,-0.09471568017578047,34.79219223293,0.3877382,poor,1662.5072021484375
405846,-0.09471568017578047,34.84219221293,0.4184869,poor,843.7890625
405866,-0.09471568017578047,35.00885881293,0.46394673,poor,853.56689453125
405946,-0.09471568017578047,35.67552521293,0.37901822,poor,868.5986938476562
406184,-0.09471568017578047,37.65885775293,0.35669187,poor,1088.5562744140625
406187,-0.09471568017578047,37.68385774293,0.40581617,poor,874.3607177734375
406188,-0.09471568017578047,37.69219107293,0.43192926,poor,823.088623046875
406189,-0.09471568017578047,37.70052440293,0.4718734,poor,1067.16015625
406596,-0.10304901017578061,34.05885919293,0.49262848,poor,899.6278686523438
406620,-0.10304901017578061,34.25885911293,0.39345413,poor,1117.2269287109375
406621,-0.10304901017578061,34.26719244293,0.3948657,poor,1989.7821044921875
406622,-0.10304901017578061,34.27552577293,0.4035453,poor,2072.90234375
406651,-0.10304901017578061,34.51719234293,0.40088385,poor,948.5824584960938
406664,-0.10304901017578061,34.62552563293,0.44349587,poor,857.5819091796875
406675,-0.10304901017578061,34.71719226293,0.4413582,poor,892.6307373046875
406679,-0.10304901017578061,34.75052558293,0.217152,vulnerable,1781.2779541015625
406680,-0.10304901017578061,34.75885891293,0.22142175,vulnerable,3392.941650390625
406681,-0.10304901017578061,34.76719224293,0.35399714,poor,5334.33544921875
406682,-0.10304901017578061,34.77552557293,0.39930776,poor,9036.8798828125
406683,-0.10304901017578061,34.78385890293,0.4210821,poor,6344.859375
406684,-0.10304901017578061,34.79219223293,0.39437315,poor,1006.6344604492188
407033,-0.10304901017578061,37.70052440293,0.46518847,poor,903.267333984375
407042,-0.10304901017578061,37.77552437293,0.43162942,poor,1236.9732666015625
407043,-0.10304901017578061,37.78385770293,0.43728337,poor,932.43603515625
407465,-0.11138234017578075,34.26719244293,0.41273746,poor,836.38427734375
407487,-0.11138234017578075,34.45052570293,0.44670597,poor,1307.7930908203125
407523,-0.11138234017578075,34.75052558293,0.29430404,vulnerable,1314.9044189453125
407524,-0.11138234017578075,34.75885891293,0.2888394,vulnerable,4525.38525390625
407525,-0.11138234017578075,34.76719224293,0.30055225,vulnerable,10969.029296875
407526,-0.11138234017578075,34.77552557293,0.35416734,poor,7127.12451171875
407527,-0.11138234017578075,34.78385890293,0.4044351,poor,8068.16064453125
407528,-0.11138234017578075,34.79219223293,0.38964507,poor,1407.010498046875
407547,-0.11138234017578075,34.95052550293,0.46405327,poor,801.1820678710938
407566,-0.11138234017578075,35.10885877293,0.47125214,poor,852.9609375
407886,-0.11138234017578075,37.77552437293,0.448098,poor,1132.430419921875
407887,-0.11138234017578075,37.78385770293,0.45543328,poor,804.7948608398438
408367,-0.11971567017578089,34.75052558293,0.3084718,vulnerable,5820.4482421875
408368,-0.11971567017578089,34.75885891293,0.35965398,poor,11405.6689453125
408369,-0.11971567017578089,34.76719224293,0.42928892,poor,5323.5751953125
408370,-0.11971567017578089,34.77552557293,0.44538602,poor,3585.251953125
408371,-0.11971567017578089,34.78385890293,0.4416437,poor,3618.15478515625
408372,-0.11971567017578089,34.79219223293,0.37441513,poor,2044.0777587890625
408393,-0.11971567017578089,34.96719216293,0.47425944,poor,813.4685668945312
408400,-0.11971567017578089,35.02552547293,0.48183495,poor,851.5545654296875
408717,-0.11971567017578089,37.667191082929996,0.33339572,poor,896.935546875
409209,-0.12804900017578014,34.74219225293,0.35066518,poor,6289.10595703125
409210,-0.12804900017578014,34.75052558293,0.3557816,poor,7239.0087890625
409211,-0.12804900017578014,34.75885891293,0.37357503,poor,2962.4130859375
409215,-0.12804900017578014,34.79219223293,0.40130743,poor,1324.0186767578125
409216,-0.12804900017578014,34.80052556293,0.40542182,poor,819.3139038085938
409260,-0.12804900017578014,35.16719208293,0.45647782,poor,1485.6610107421875
409561,-0.12804900017578014,37.67552441293,0.34966743,poor,1208.792236328125
409966,-0.13638233017578028,34.02552587293,0.50792426,severely poor,1493.1221923828125
410006,-0.13638233017578028,34.35885907293,0.40084967,poor,911.7626953125
410021,-0.13638233017578028,34.48385902293,0.47738072,poor,890.55322265625
410034,-0.13638233017578028,34.59219231293,0.42254502,poor,1062.0579833984375
410051,-0.13638233017578028,34.73385892293,0.42367092,poor,2234.583251953125
410052,-0.13638233017578028,34.74219225293,0.39253825,poor,2613.678955078125
410058,-0.13638233017578028,34.79219223293,0.40399393,poor,836.2742309570312
410852,-0.14471566017578041,34.38385906293,0.41136006,poor,1220.267333984375
410880,-0.14471566017578041,34.61719230293,0.44912413,poor,807.9981079101562
410894,-0.14471566017578041,34.73385892293,0.43443075,poor,1737.73046875
410895,-0.14471566017578041,34.74219225293,0.40514106,poor,833.0264282226562
410902,-0.14471566017578041,34.80052556293,0.4201671,poor,929.4700317382812
410905,-0.14471566017578041,34.82552555293,0.4440623,poor,865.9739990234375
410950,-0.14471566017578041,35.20052540293,0.4416947,poor,837.8469848632812
411064,-0.14471566017578041,36.15052502293,0.22480422,vulnerable,894.1380004882812
411746,-0.15304899017578055,34.80052556293,0.41272926,poor,1112.1162109375
411747,-0.15304899017578055,34.80885889293,0.417376,poor,1314.9776611328125
411748,-0.15304899017578055,34.81719222293,0.4047224,poor,1192.46875
411749,-0.15304899017578055,34.82552555293,0.3987283,poor,1689.768310546875
411751,-0.15304899017578055,34.84219221293,0.43737873,poor,964.0990600585938
411778,-0.15304899017578055,35.06719212293,0.4380713,poor,1067.26025390625
411779,-0.15304899017578055,35.07552545293,0.4457835,poor,947.2098999023438
411792,-0.15304899017578055,35.18385874293,0.40197623,poor,1093.84130859375
411793,-0.15304899017578055,35.19219207293,0.41959873,poor,2461.845458984375
411794,-0.15304899017578055,35.20052540293,0.4134854,poor,3520.31494140625
411853,-0.15304899017578055,35.69219187293,0.3451942,poor,1168.2777099609375
411907,-0.15304899017578055,36.14219169293,0.2803304,vulnerable,2075.805419921875
411908,-0.15304899017578055,36.15052502293,0.26893115,vulnerable,1627.072998046875
412591,-0.1613823201757807,34.80885889293,0.44863552,poor,1696.761962890625
412593,-0.1613823201757807,34.82552555293,0.43413588,poor,1267.8162841796875
412604,-0.1613823201757807,34.91719218293,0.47280124,poor,896.8214111328125
412605,-0.1613823201757807,34.92552551293,0.46726528,poor,1070.3642578125
412607,-0.1613823201757807,34.94219217293,0.44754973,poor,825.8839111328125
412608,-0.1613823201757807,34.95052550293,0.4503166,poor,878.139404296875
412609,-0.1613823201757807,34.95885883293,0.46621445,poor,994.6863403320312
412622,-0.1613823201757807,35.06719212293,0.40306374,poor,2079.650390625
412623,-0.1613823201757807,35.07552545293,0.42786124,poor,1493.3907470703125
412637,-0.1613823201757807,35.19219207293,0.45514214,poor,1488.325439453125
412638,-0.1613823201757807,35.20052540293,0.45933792,poor,2274.937255859375
412684,-0.1613823201757807,35.58385858293,0.40572593,poor,1435.6802978515625
412685,-0.1613823201757807,35.59219191293,0.4046547,poor,836.134765625
412697,-0.1613823201757807,35.69219187293,0.3373969,poor,1279.283935546875
412748,-0.1613823201757807,36.11719170293,0.3073282,vulnerable,843.5608520507812
412750,-0.1613823201757807,36.13385836293,0.29970455,vulnerable,1072.0015869140625
412751,-0.1613823201757807,36.14219169293,0.29744583,vulnerable,1032.918212890625
412752,-0.1613823201757807,36.15052502293,0.2967973,vulnerable,1018.6905517578125
412856,-0.1613823201757807,37.01719134293,0.18121196,non-poor,1299.1417236328125
413444,-0.16971565017578083,34.88385886293,0.48298496,poor,833.6925659179688
413447,-0.16971565017578083,34.90885885293,0.44585013,poor,1517.8968505859375
413448,-0.16971565017578083,34.91719218293,0.38919625,poor,3744.7666015625
413449,-0.16971565017578083,34.92552551293,0.42815816,poor,3000.355712890625
413450,-0.16971565017578083,34.93385884293,0.4453842,poor,2037.121337890625
413451,-0.16971565017578083,34.94219217293,0.46833253,poor,819.8409423828125
413470,-0.16971565017578083,35.10052544293,0.43561578,poor,964.5541381835938
413561,-0.16971565017578083,35.85885847293,0.3179001,vulnerable,1269.1475830078125
413592,-0.16971565017578083,36.11719170293,0.30814147,vulnerable,1128.3232421875
413593,-0.16971565017578083,36.12552503293,0.29964653,vulnerable,1523.71533203125
413594,-0.16971565017578083,36.13385836293,0.3115823,vulnerable,865.5991821289062
413607,-0.16971565017578083,36.242191652929996,0.2193504,vulnerable,1353.6055908203125
413700,-0.16971565017578083,37.01719134293,0.2663937,vulnerable,1687.7269287109375
414227,-0.17804898017578008,34.37552573293,0.39317623,poor,806.5552368164062
414228,-0.17804898017578008,34.38385906293,0.3851414,poor,1204.8258056640625
414244,-0.17804898017578008,34.51719234293,0.43243653,poor,977.967529296875
414291,-0.17804898017578008,34.90885885293,0.46616447,poor,1428.814453125
414292,-0.17804898017578008,34.91719218293,0.45902404,poor,2280.89990234375
414293,-0.17804898017578008,34.92552551293,0.45593667,poor,1682.512451171875
414294,-0.17804898017578008,34.93385884293,0.45811874,poor,1251.9769287109375
414451,-0.17804898017578008,36.242191652929996,0.23245142,vulnerable,950.2825317382812
414617,-0.17804898017578008,37.62552443293,0.3855476,poor,1206.0894775390625
414618,-0.17804898017578008,37.63385776293,0.36289024,poor,1008.1931762695312
415127,-0.18638231017578022,34.84219221293,0.5088587,severely poor,814.6204833984375
415465,-0.18638231017578022,37.65885775293,0.31466475,vulnerable,963.96435546875
415466,-0.18638231017578022,37.667191082929996,0.31507522,vulnerable,902.9817504882812
415467,-0.18638231017578022,37.67552441293,0.32339963,vulnerable,1243.219970703125
415468,-0.18638231017578022,37.68385774293,0.3470886,poor,1037.53515625
415970,-0.19471564017578036,34.82552555293,0.46203715,poor,1025.60986328125
415971,-0.19471564017578036,34.83385888293,0.50188035,severely poor,859.3427124023438
415972,-0.19471564017578036,34.84219221293,0.52572155,severely poor,846.6311645507812
415973,-0.19471564017578036,34.85052554293,0.5188837,severely poor,813.3604125976562
416311,-0.19471564017578036,37.667191082929996,0.3275639,vulnerable,1077.9522705078125
416312,-0.19471564017578036,37.67552441293,0.33345887,poor,891.6239624023438
416817,-0.2030489701757805,34.84219221293,0.5017423,severely poor,1160.8765869140625
416818,-0.2030489701757805,34.85052554293,0.5289803,severely poor,995.6046752929688
416877,-0.2030489701757805,35.34219201293,0.469339,poor,1033.1026611328125
416930,-0.2030489701757805,35.78385850293,0.32814848,vulnerable,1017.0789794921875
416937,-0.2030489701757805,35.84219181293,0.31105846,vulnerable,1455.9283447265625
416938,-0.2030489701757805,35.85052514293,0.32213387,vulnerable,947.323974609375
417601,-0.21138230017578064,34.33385908293,0.42110807,poor,1360.009521484375
417662,-0.21138230017578064,34.84219221293,0.49742758,poor,927.1719970703125
417782,-0.21138230017578064,35.84219181293,0.3260303,vulnerable,924.0905151367188
417783,-0.21138230017578064,35.85052514293,0.31921947,vulnerable,1129.8262939453125
417784,-0.21138230017578064,35.85885847293,0.32533008,vulnerable,1176.61279296875
418000,-0.21138230017578064,37.65885775293,0.32666454,vulnerable,850.0347900390625
418436,-0.21971563017578077,34.25052578293,0.44479653,poor,886.2157592773438
418446,-0.21971563017578077,34.33385908293,0.41869178,poor,975.65185546875
418515,-0.21971563017578077,34.90885885293,0.4654982,poor,980.696044921875
418592,-0.21971563017578077,35.55052526293,0.43029734,poor,955.3893432617188
418660,-0.21971563017578077,36.11719170293,0.29752657,vulnerable,983.9671630859375
418840,-0.21971563017578077,37.61719110293,0.3068888,vulnerable,1036.474365234375
418841,-0.21971563017578077,37.62552443293,0.29058093,vulnerable,978.8563232421875
418845,-0.21971563017578077,37.65885775293,0.31122324,vulnerable,877.1495361328125
418846,-0.21971563017578077,37.667191082929996,0.32655722,vulnerable,911.6566162109375
418847,-0.21971563017578077,37.67552441293,0.32676816,vulnerable,1132.4742431640625
418848,-0.21971563017578077,37.68385774293,0.36660382,poor,823.7901611328125
418849,-0.21971563017578077,37.69219107293,0.38391852,poor,827.889892578125
419457,-0.2280489601757809,35.71719186293,0.31458208,vulnerable,818.6309814453125
419505,-0.2280489601757809,36.11719170293,0.30285802,vulnerable,3016.80810546875
419506,-0.2280489601757809,36.12552503293,0.30421162,vulnerable,2062.394287109375
419507,-0.2280489601757809,36.13385836293,0.31756473,vulnerable,1227.958984375
419508,-0.2280489601757809,36.14219169293,0.31992015,vulnerable,917.6788940429688
419685,-0.2280489601757809,37.61719110293,0.3021986,vulnerable,1224.3505859375
419686,-0.2280489601757809,37.62552443293,0.29476163,vulnerable,1626.81884765625
419687,-0.2280489601757809,37.63385776293,0.30667108,vulnerable,1266.7109375
419691,-0.2280489601757809,37.667191082929996,0.33157068,poor,920.4042358398438
419692,-0.2280489601757809,37.67552441293,0.3342303,poor,834.2509155273438
419699,-0.2280489601757809,37.73385772293,0.44957042,poor,834.7882690429688
420121,-0.23638229017578016,34.20885913293,0.42573065,poor,1385.6202392578125
420125,-0.23638229017578016,34.24219245293,0.44620126,poor,812.2294921875
420202,-0.23638229017578016,34.88385886293,0.47163144,poor,1277.563232421875
420203,-0.23638229017578016,34.89219219293,0.47998357,poor,858.4290771484375
420301,-0.23638229017578016,35.70885853293,0.31181166,vulnerable,1618.96044921875
420302,-0.23638229017578016,35.71719186293,0.29319376,vulnerable,2863.939208984375
420303,-0.23638229017578016,35.72552519293,0.28399536,vulnerable,2292.394775390625
420304,-0.23638229017578016,35.73385852293,0.3064142,vulnerable,1292.6033935546875
420349,-0.23638229017578016,36.10885837293,0.28169397,vulnerable,1038.2479248046875
420350,-0.23638229017578016,36.11719170293,0.29383957,vulnerable,2823.71337890625
420351,-0.23638229017578016,36.12552503293,0.30026627,vulnerable,1372.5601806640625
420537,-0.23638229017578016,37.67552441293,0.32688218,vulnerable,932.6195068359375
420982,-0.2447156201757803,34.34219241293,0.42389765,poor,1098.7156982421875
421146,-0.2447156201757803,35.70885853293,0.30603087,vulnerable,947.4948120117188
421147,-0.2447156201757803,35.71719186293,0.29295775,vulnerable,2924.68408203125
421148,-0.2447156201757803,35.72552519293,0.26902914,vulnerable,5057.9423828125
421149,-0.2447156201757803,35.73385852293,0.27455732,vulnerable,3666.02783203125
421150,-0.2447156201757803,35.74219185293,0.29181656,vulnerable,2028.7784423828125
421193,-0.2447156201757803,36.10052504293,0.26127768,vulnerable,1208.503173828125
421194,-0.2447156201757803,36.10885837293,0.26098645,vulnerable,3150.54931640625
421195,-0.2447156201757803,36.11719170293,0.29381055,vulnerable,1556.0960693359375
421196,-0.2447156201757803,36.12552503293,0.29295608,vulnerable,1748.29638671875
421197,-0.2447156201757803,36.13385836293,0.29853526,vulnerable,869.9044799804688
421198,-0.2447156201757803,36.14219169293,0.29420418,vulnerable,1252.9002685546875
421203,-0.2447156201757803,36.18385834293,0.277278,vulnerable,870.163818359375
421963,-0.25304895017578044,35.47552529293,0.38762918,poor,1789.047607421875
421964,-0.25304895017578044,35.48385862293,0.41393983,poor,902.2542114257812
421992,-0.25304895017578044,35.71719186293,0.29811996,vulnerable,1121.23974609375
421993,-0.25304895017578044,35.72552519293,0.3022846,vulnerable,2305.385986328125
421994,-0.25304895017578044,35.73385852293,0.28403097,vulnerable,3628.838134765625
421995,-0.25304895017578044,35.74219185293,0.2823733,vulnerable,2209.8427734375
421996,-0.25304895017578044,35.75052518293,0.2993025,vulnerable,1066.2554931640625
422038,-0.25304895017578044,36.10052504293,0.2846194,vulnerable,1153.731201171875
422039,-0.25304895017578044,36.10885837293,0.27696505,vulnerable,2755.612548828125
422040,-0.25304895017578044,36.11719170293,0.29498348,vulnerable,1274.88037109375
422041,-0.25304895017578044,36.12552503293,0.28452376,vulnerable,908.1626586914062
422043,-0.25304895017578044,36.14219169293,0.2866427,vulnerable,898.8018798828125
422047,-0.25304895017578044,36.17552501293,0.27471018,vulnerable,843.8624877929688
422048,-0.25304895017578044,36.18385834293,0.26634875,vulnerable,1585.04296875
422049,-0.25304895017578044,36.19219167293,0.26122695,vulnerable,804.9502563476562
422054,-0.25304895017578044,36.23385832293,0.23930982,vulnerable,1104.644287109375
422070,-0.25304895017578044,36.36719160293,0.22513397,vulnerable,829.4031982421875
422223,-0.25304895017578044,37.64219109293,0.3207604,vulnerable,1144.7489013671875
422809,-0.2613822801757806,35.47552529293,0.4057918,poor,869.9954223632812
422840,-0.2613822801757806,35.73385852293,0.2947303,vulnerable,1484.3037109375
422841,-0.2613822801757806,35.74219185293,0.2869702,vulnerable,1476.7591552734375
422874,-0.2613822801757806,36.01719174293,0.29674324,vulnerable,914.9644775390625
422876,-0.2613822801757806,36.03385840293,0.2902564,vulnerable,890.8899536132812
422877,-0.2613822801757806,36.04219173293,0.3025896,vulnerable,1203.8966064453125
422878,-0.2613822801757806,36.05052506293,0.26396528,vulnerable,1853.135009765625
422879,-0.2613822801757806,36.05885839293,0.30544838,vulnerable,972.4401245117188
422884,-0.2613822801757806,36.10052504293,0.23642747,vulnerable,3111.9306640625
422885,-0.2613822801757806,36.10885837293,0.2581556,vulnerable,4988.93408203125
422886,-0.2613822801757806,36.11719170293,0.28250265,vulnerable,2131.80712890625
422887,-0.2613822801757806,36.12552503293,0.28138077,vulnerable,909.296875
422888,-0.2613822801757806,36.13385836293,0.2722388,vulnerable,1016.3111572265625
422891,-0.2613822801757806,36.15885835293,0.28845343,vulnerable,977.9590454101562
422892,-0.2613822801757806,36.167191682929996,0.27662805,vulnerable,825.0993041992188
422917,-0.2613822801757806,36.37552493293,0.22485054,vulnerable,853.6502685546875
423065,-0.2613822801757806,37.60885777293,0.41058233,poor,900.0676879882812
423075,-0.2613822801757806,37.69219107293,0.34239382,poor,903.7377319335938
423511,-0.2697156101757807,34.27552577293,0.41748154,poor,1053.7711181640625
423594,-0.2697156101757807,34.96719216293,0.40870517,poor,2307.519287109375
423595,-0.2697156101757807,34.97552549293,0.43575966,poor,1078.887939453125
423687,-0.2697156101757807,35.74219185293,0.26633623,vulnerable,973.2760620117188
423688,-0.2697156101757807,35.75052518293,0.26961625,vulnerable,1533.9293212890625
423701,-0.2697156101757807,35.85885847293,0.29422003,vulnerable,966.8621826171875
423720,-0.2697156101757807,36.01719174293,0.2859683,vulnerable,1150.44921875
423721,-0.2697156101757807,36.02552507293,0.27172345,vulnerable,1152.0418701171875
423722,-0.2697156101757807,36.03385840293,0.26212823,vulnerable,1245.544677734375
423723,-0.2697156101757807,36.04219173293,0.2794786,vulnerable,1622.7178955078125
423724,-0.2697156101757807,36.05052506293,0.23425867,vulnerable,5495.84130859375
423725,-0.2697156101757807,36.05885839293,0.24204357,vulnerable,1744.7840576171875
423729,-0.2697156101757807,36.09219171293,0.19979118,non-poor,1568.9031982421875
423730,-0.2697156101757807,36.10052504293,0.17098978,non-poor,2793.7578125
423731,-0.2697156101757807,36.10885837293,0.23802575,vulnerable,4946.75341796875
423732,-0.2697156101757807,36.11719170293,0.2766151,vulnerable,2944.824951171875
423733,-0.2697156101757807,36.12552503293,0.2762572,vulnerable,2489.740966796875
423734,-0.2697156101757807,36.13385836293,0.2718449,vulnerable,1265.9412841796875
423736,-0.2697156101757807,36.15052502293,0.27802938,vulnerable,961.13720703125
423737,-0.2697156101757807,36.15885835293,0.2712602,vulnerable,1981.585693359375
423738,-0.2697156101757807,36.167191682929996,0.27193913,vulnerable,1720.5401611328125
423739,-0.2697156101757807,36.17552501293,0.27011022,vulnerable,1049.1451416015625
423762,-0.2697156101757807,36.36719160293,0.2095483,vulnerable,1358.35986328125
423763,-0.2697156101757807,36.37552493293,0.22755075,vulnerable,2230.0830078125
423764,-0.2697156101757807,36.38385826293,0.2518687,vulnerable,928.2582397460938
423916,-0.2697156101757807,37.65052442293,0.319428,vulnerable,811.1276245117188
423917,-0.2697156101757807,37.65885775293,0.30761963,vulnerable,962.4550170898438
423918,-0.2697156101757807,37.667191082929996,0.3194547,vulnerable,947.260986328125
423919,-0.2697156101757807,37.67552441293,0.32250547,vulnerable,1096.843505859375
423920,-0.2697156101757807,37.68385774293,0.32655793,vulnerable,829.2188720703125
424472,-0.27804894017578086,35.23385872293,0.4746887,poor,866.5693969726562
424534,-0.27804894017578086,35.75052518293,0.27246073,vulnerable,839.7853393554688
424535,-0.27804894017578086,35.75885851293,0.26304927,vulnerable,1476.7847900390625
424569,-0.27804894017578086,36.04219173293,0.18157034,non-poor,1074.1903076171875
424570,-0.27804894017578086,36.05052506293,0.18160056,non-poor,1881.8056640625
424571,-0.27804894017578086,36.05885839293,0.14268233,non-poor,2461.47705078125
424572,-0.27804894017578086,36.06719172293,0.08780791,non-poor,1640.2586669921875
424573,-0.27804894017578086,36.07552505293,0.17813322,non-poor,1444.2747802734375
424574,-0.27804894017578086,36.083858382929996,0.18209337,non-poor,1104.7935791015625
424575,-0.27804894017578086,36.09219171293,0.1989468,non-poor,3005.584228515625
424576,-0.27804894017578086,36.10052504293,0.23937866,vulnerable,2504.132568359375
424577,-0.27804894017578086,36.10885837293,0.24329135,vulnerable,2728.929443359375
424578,-0.27804894017578086,36.11719170293,0.26048088,vulnerable,3902.93603515625
424579,-0.27804894017578086,36.12552503293,0.2650919,vulnerable,4791.00634765625
424580,-0.27804894017578086,36.13385836293,0.27645263,vulnerable,1493.56103515625
424581,-0.27804894017578086,36.14219169293,0.27391183,vulnerable,1621.68994140625
424582,-0.27804894017578086,36.15052502293,0.26537272,vulnerable,2409.740966796875
424583,-0.27804894017578086,36.15885835293,0.2705351,vulnerable,2106.778076171875
424584,-0.27804894017578086,36.167191682929996,0.2673133,vulnerable,1158.6973876953125
424609,-0.27804894017578086,36.37552493293,0.24085328,vulnerable,897.3422241210938
425385,-0.2863822701757801,35.79219183293,0.2664566,vulnerable,922.9747924804688
425386,-0.2863822701757801,35.80052516293,0.26366553,vulnerable,1021.04248046875
425387,-0.2863822701757801,35.80885849293,0.28329417,vulnerable,800.71826171875
425415,-0.2863822701757801,36.04219173293,0.18272203,non-poor,2982.647705078125
425416,-0.2863822701757801,36.05052506293,0.11747431,non-poor,4096.1884765625
425417,-0.2863822701757801,36.05885839293,0.11011619,non-poor,5369.6083984375
425418,-0.2863822701757801,36.06719172293,0.13012195,non-poor,5638.27783203125
425419,-0.2863822701757801,36.07552505293,0.15422067,non-poor,5552.92236328125
425420,-0.2863822701757801,36.083858382929996,0.19064713,non-poor,7184.9072265625
425421,-0.2863822701757801,36.09219171293,0.22878958,vulnerable,6201.10693359375
425422,-0.2863822701757801,36.10052504293,0.23499331,vulnerable,3796.1162109375
425423,-0.2863822701757801,36.10885837293,0.18018061,non-poor,3981.983154296875
425424,-0.2863822701757801,36.11719170293,0.21700996,vulnerable,5291.28759765625
425425,-0.2863822701757801,36.12552503293,0.2489724,vulnerable,3057.9296875
425426,-0.2863822701757801,36.13385836293,0.25768346,vulnerable,2262.421875
425427,-0.2863822701757801,36.14219169293,0.2682361,vulnerable,2114.059814453125
425428,-0.2863822701757801,36.15052502293,0.24848217,vulnerable,1672.053955078125
425429,-0.2863822701757801,36.15885835293,0.24261329,vulnerable,1506.8538818359375
425430,-0.2863822701757801,36.167191682929996,0.26683795,vulnerable,848.943603515625
426168,-0.29471560017578025,35.26719204293,0.49445975,poor,834.3801879882812
426169,-0.29471560017578025,35.27552537293,0.5089478,severely poor,940.2109375
426230,-0.29471560017578025,35.78385850293,0.25654313,vulnerable,813.44921875
426231,-0.29471560017578025,35.79219183293,0.18933588,non-poor,2282.88134765625
426232,-0.29471560017578025,35.80052516293,0.20049442,vulnerable,3364.572998046875
426233,-0.29471560017578025,35.80885849293,0.25211704,vulnerable,1827.1473388671875
426234,-0.29471560017578025,35.81719182293,0.26255724,vulnerable,1448.101806640625
426261,-0.29471560017578025,36.04219173293,0.17880963,non-poor,12620.2724609375
426262,-0.29471560017578025,36.05052506293,0.1835032,non-poor,12907.328125
426263,-0.29471560017578025,36.05885839293,0.18310663,non-poor,9594.970703125
426264,-0.29471560017578025,36.06719172293,0.14451765,non-poor,6710.0634765625
426265,-0.29471560017578025,36.07552505293,0.18317738,non-poor,9476.6337890625
426266,-0.29471560017578025,36.083858382929996,0.19341788,non-poor,10502.595703125
426267,-0.29471560017578025,36.09219171293,0.26664826,vulnerable,4959.8466796875
426270,-0.29471560017578025,36.11719170293,0.23405127,vulnerable,5435.4033203125
426271,-0.29471560017578025,36.12552503293,0.22007184,vulnerable,6515.599609375
426272,-0.29471560017578025,36.13385836293,0.23002578,vulnerable,3936.45947265625
426273,-0.29471560017578025,36.14219169293,0.26538372,vulnerable,2143.578369140625
426274,-0.29471560017578025,36.15052502293,0.26253915,vulnerable,1246.7484130859375
426275,-0.29471560017578025,36.15885835293,0.2737932,vulnerable,876.4555053710938
426456,-0.29471560017578025,37.667191082929996,0.3511604,poor,947.5982666015625
426956,-0.3030489301757804,34.78385890293,0.42984197,poor,841.0691528320312
426957,-0.3030489301757804,34.79219223293,0.46541014,poor,1211.530517578125
427077,-0.3030489301757804,35.79219183293,0.25298834,vulnerable,1576.95068359375
427078,-0.3030489301757804,35.80052516293,0.2191891,vulnerable,3379.27587890625
427079,-0.3030489301757804,35.80885849293,0.2257972,vulnerable,4327.4111328125
427080,-0.3030489301757804,35.81719182293,0.2603428,vulnerable,2021.339599609375
427105,-0.3030489301757804,36.02552507293,0.27446577,vulnerable,825.1903076171875
427106,-0.3030489301757804,36.03385840293,0.23958178,vulnerable,1927.877197265625
427107,-0.3030489301757804,36.04219173293,0.26414937,vulnerable,8783.7509765625
427108,-0.3030489301757804,36.05052506293,0.22244889,vulnerable,16171.154296875
427109,-0.3030489301757804,36.05885839293,0.19996782,non-poor,18919.232421875
427110,-0.3030489301757804,36.06719172293,0.1437705,non-poor,18791.12890625
427111,-0.3030489301757804,36.07552505293,0.15049617,non-poor,17833.51171875
427112,-0.3030489301757804,36.083858382929996,0.26109108,vulnerable,5825.92138671875
427117,-0.3030489301757804,36.12552503293,0.2648327,vulnerable,1138.6453857421875
427118,-0.3030489301757804,36.13385836293,0.25450292,vulnerable,3395.25927734375
427119,-0.3030489301757804,36.14219169293,0.25863302,vulnerable,1411.1407470703125
427301,-0.3030489301757804,37.65885775293,0.34718814,poor,807.8263549804688
427821,-0.3113822601757805,34.93385884293,0.5238142,severely poor,814.8330078125
427856,-0.3113822601757805,35.22552539293,0.38922384,poor,904.1436157226562
427869,-0.3113822601757805,35.33385868293,0.3991564,poor,855.1353149414062
427870,-0.3113822601757805,35.34219201293,0.41143128,poor,1032.2974853515625
427924,-0.3113822601757805,35.79219183293,0.29442152,vulnerable,1078.5445556640625
427925,-0.3113822601757805,35.80052516293,0.2769401,vulnerable,1177.4837646484375
427926,-0.3113822601757805,35.80885849293,0.27680036,vulnerable,1399.9530029296875
427953,-0.3113822601757805,36.03385840293,0.27246308,vulnerable,944.3262939453125
427954,-0.3113822601757805,36.04219173293,0.30231833,vulnerable,1179.6580810546875
427955,-0.3113822601757805,36.05052506293,0.27571294,vulnerable,7983.5849609375
427956,-0.3113822601757805,36.05885839293,0.22028856,vulnerable,18761.650390625
427957,-0.3113822601757805,36.06719172293,0.25497878,vulnerable,16361.4462890625
427958,-0.3113822601757805,36.07552505293,0.29507565,vulnerable,2143.765380859375
427965,-0.3113822601757805,36.13385836293,0.22685263,vulnerable,1756.8375244140625
427966,-0.3113822601757805,36.14219169293,0.249147,vulnerable,2114.0830078125
427967,-0.3113822601757805,36.15052502293,0.2646805,vulnerable,1440.9996337890625
428148,-0.3113822601757805,37.65885775293,0.3413694,poor,1054.096435546875
428661,-0.31971559017578066,34.87552553293,0.47902277,poor,1006.0772094726562
428662,-0.31971559017578066,34.88385886293,0.48812446,poor,1080.0628662109375
428663,-0.31971559017578066,34.89219219293,0.5004058,severely poor,928.0044555664062
428701,-0.31971559017578066,35.20885873293,0.36068383,poor,945.8753662109375
428702,-0.31971559017578066,35.21719206293,0.35012954,poor,2389.17431640625
428703,-0.31971559017578066,35.22552539293,0.36518344,poor,1317.4344482421875
428714,-0.31971559017578066,35.31719202293,0.39834234,poor,813.2068481445312
428715,-0.31971559017578066,35.32552535293,0.39887726,poor,933.637451171875
428787,-0.31971559017578066,35.925525112929996,0.2378354,vulnerable,962.9889526367188
428788,-0.31971559017578066,35.93385844293,0.23815554,vulnerable,1609.3070068359375
428789,-0.31971559017578066,35.94219177293,0.25524485,vulnerable,2288.543212890625
428802,-0.31971559017578066,36.05052506293,0.3027943,vulnerable,1909.426513671875
428803,-0.31971559017578066,36.05885839293,0.29130596,vulnerable,3114.22802734375
428804,-0.31971559017578066,36.06719172293,0.30358487,vulnerable,1386.2440185546875
428812,-0.31971559017578066,36.13385836293,0.19757737,non-poor,1152.2197265625
428813,-0.31971559017578066,36.14219169293,0.24067311,vulnerable,2380.373779296875
428814,-0.31971559017578066,36.15052502293,0.265302,vulnerable,1447.762451171875
428993,-0.31971559017578066,37.64219109293,0.31688118,vulnerable,947.0030517578125
428994,-0.31971559017578066,37.65052442293,0.3252969,vulnerable,1217.830078125
428995,-0.31971559017578066,37.65885775293,0.3336159,poor,1180.5311279296875
429467,-0.3280489201757808,34.53385900293,0.43638685,poor,1294.54052734375
429468,-0.3280489201757808,34.54219233293,0.41988093,poor,1203.4111328125
429505,-0.3280489201757808,34.85052554293,0.43651453,poor,1071.323486328125
429507,-0.3280489201757808,34.86719220293,0.47042477,poor,930.6620483398438
429508,-0.3280489201757808,34.87552553293,0.4942386,poor,813.1178588867188
429512,-0.3280489201757808,34.90885885293,0.53137404,severely poor,915.767333984375
429548,-0.3280489201757808,35.20885873293,0.3851801,poor,824.1773071289062
429561,-0.3280489201757808,35.31719202293,0.36272907,poor,1099.0445556640625
429562,-0.3280489201757808,35.32552535293,0.37723374,poor,1388.817626953125
429605,-0.3280489201757808,35.68385854293,0.2794911,vulnerable,1472.2440185546875
429635,-0.3280489201757808,35.93385844293,0.24490678,vulnerable,1937.154052734375
429636,-0.3280489201757808,35.94219177293,0.25021815,vulnerable,2789.806640625
429637,-0.3280489201757808,35.95052510293,0.26080585,vulnerable,1825.029296875
429638,-0.3280489201757808,35.95885843293,0.26161635,vulnerable,1017.5848388671875
429649,-0.3280489201757808,36.05052506293,0.314474,vulnerable,838.9684448242188
429650,-0.3280489201757808,36.05885839293,0.320029,vulnerable,809.8236083984375
429660,-0.3280489201757808,36.14219169293,0.2635955,vulnerable,1316.456787109375
429661,-0.3280489201757808,36.15052502293,0.26773986,vulnerable,1176.6875
429751,-0.3280489201757808,36.90052472293,0.24261153,vulnerable,1121.4102783203125
429838,-0.3280489201757808,37.62552443293,0.31345227,vulnerable,877.8892822265625
429839,-0.3280489201757808,37.63385776293,0.2725646,vulnerable,2030.75048828125
429840,-0.3280489201757808,37.64219109293,0.30159456,vulnerable,2451.0478515625
429841,-0.3280489201757808,37.65052442293,0.33633217,poor,2633.181396484375
429842,-0.3280489201757808,37.65885775293,0.34697866,poor,1085.1236572265625
430289,-0.33638225017578094,34.32552575293,0.4753559,poor,817.447021484375
430312,-0.33638225017578094,34.51719234293,0.42855334,poor,819.8876953125
430314,-0.33638225017578094,34.53385900293,0.42525932,poor,1037.434814453125
430408,-0.33638225017578094,35.31719202293,0.34822953,poor,1978.948486328125
430409,-0.33638225017578094,35.32552535293,0.3908464,poor,1251.259521484375
430482,-0.33638225017578094,35.93385844293,0.2549845,vulnerable,1174.361083984375
430483,-0.33638225017578094,35.94219177293,0.25959232,vulnerable,1658.2890625
430484,-0.33638225017578094,35.95052510293,0.26767012,vulnerable,2428.64208984375
430485,-0.33638225017578094,35.95885843293,0.27279472,vulnerable,1018.7616577148438
430510,-0.33638225017578094,36.167191682929996,0.26477718,vulnerable,810.5324096679688
430511,-0.33638225017578094,36.17552501293,0.2758792,vulnerable,899.5507202148438
430551,-0.33638225017578094,36.50885821293,0.26790118,vulnerable,1414.0911865234375
430552,-0.33638225017578094,36.51719154293,0.27281764,vulnerable,820.9674682617188
430598,-0.33638225017578094,36.90052472293,0.2563132,vulnerable,949.4992065429688
430686,-0.33638225017578094,37.63385776293,0.31607425,vulnerable,922.922607421875
430687,-0.33638225017578094,37.64219109293,0.32317775,vulnerable,1586.574462890625
430688,-0.33638225017578094,37.65052442293,0.3385782,poor,1711.685546875
430689,-0.33638225017578094,37.65885775293,0.34959775,poor,946.0678100585938
431191,-0.3447155801757802,34.78385890293,0.45876405,poor,915.588623046875
431192,-0.3447155801757802,34.79219223293,0.45747152,poor,1086.478271484375
431194,-0.3447155801757802,34.80885889293,0.36340913,poor,933.57080078125
431246,-0.3447155801757802,35.24219205293,0.35861984,poor,943.0134887695312
431249,-0.3447155801757802,35.26719204293,0.39325613,poor,882.7943115234375
431250,-0.3447155801757802,35.27552537293,0.36996138,poor,1471.8697509765625
431251,-0.3447155801757802,35.28385870293,0.38101578,poor,1119.96875
431254,-0.3447155801757802,35.30885869293,0.37144986,poor,901.6597900390625
431255,-0.3447155801757802,35.31719202293,0.36092877,poor,1609.1107177734375
431357,-0.3447155801757802,36.167191682929996,0.2834848,vulnerable,927.57470703125
431358,-0.3447155801757802,36.17552501293,0.2900497,vulnerable,980.4900512695312
431533,-0.3447155801757802,37.63385776293,0.32889712,vulnerable,820.5006713867188
431534,-0.3447155801757802,37.64219109293,0.34512907,poor,1077.00439453125
431536,-0.3447155801757802,37.65885775293,0.36315593,poor,810.1387329101562
431982,-0.35304891017578033,34.31719242293,0.46249118,poor,1017.2301635742188
431983,-0.35304891017578033,34.32552575293,0.45682335,poor,1021.7916259765625
432011,-0.35304891017578033,34.55885899293,0.44918457,poor,886.2392578125
432017,-0.35304891017578033,34.60885897293,0.39371735,poor,973.4868774414062
432022,-0.35304891017578033,34.65052562293,0.3920368,poor,953.3244018554688
432026,-0.35304891017578033,34.68385894293,0.40163466,poor,837.2066650390625
432028,-0.35304891017578033,34.70052560293,0.40464973,poor,1261.5283203125
432033,-0.35304891017578033,34.74219225293,0.404859,poor,1274.114501953125
432034,-0.35304891017578033,34.75052558293,0.4082844,poor,1318.2532958984375
432059,-0.35304891017578033,34.95885883293,0.4971807,poor,995.869140625
432060,-0.35304891017578033,34.96719216293,0.46802905,poor,927.155517578125
432085,-0.35304891017578033,35.17552541293,0.454278,poor,859.191650390625
432094,-0.35304891017578033,35.25052538293,0.35329172,poor,824.6370239257812
432095,-0.35304891017578033,35.25885871293,0.35132942,poor,1322.95947265625
432096,-0.35304891017578033,35.26719204293,0.3247273,vulnerable,3079.83447265625
432097,-0.35304891017578033,35.27552537293,0.31659314,vulnerable,3336.8720703125
432098,-0.35304891017578033,35.28385870293,0.327657,vulnerable,1427.397705078125
432099,-0.35304891017578033,35.29219203293,0.33779368,poor,1704.807861328125
432100,-0.35304891017578033,35.30052536293,0.3632908,poor,1053.5074462890625
432378,-0.35304891017578033,37.61719110293,0.32300577,vulnerable,807.287353515625
432383,-0.35304891017578033,37.65885775293,0.38745657,poor,809.2861938476562
432867,-0.36138224017578047,34.62552563293,0.39294353,poor,1074.8106689453125
432870,-0.36138224017578047,34.65052562293,0.37704018,poor,1683.764404296875
432871,-0.36138224017578047,34.65885895293,0.3968775,poor,848.7552490234375
432872,-0.36138224017578047,34.66719228293,0.39064342,poor,805.1871948242188
432881,-0.36138224017578047,34.74219225293,0.39621592,poor,1048.81884765625
432882,-0.36138224017578047,34.75052558293,0.4026065,poor,1099.47412109375
432933,-0.36138224017578047,35.17552541293,0.45654723,poor,961.7623291015625
432943,-0.36138224017578047,35.25885871293,0.3274055,vulnerable,1714.57470703125
432944,-0.36138224017578047,35.26719204293,0.2582641,vulnerable,4530.0419921875
432945,-0.36138224017578047,35.27552537293,0.20737888,vulnerable,4757.81982421875
432946,-0.36138224017578047,35.28385870293,0.23443803,vulnerable,4457.14013671875
432947,-0.36138224017578047,35.29219203293,0.31513643,vulnerable,2478.67822265625
432948,-0.36138224017578047,35.30052536293,0.35758206,poor,929.7032470703125
433023,-0.36138224017578047,35.925525112929996,0.21852931,vulnerable,1274.81298828125
433024,-0.36138224017578047,35.93385844293,0.2517867,vulnerable,840.7261962890625
433025,-0.36138224017578047,35.94219177293,0.2544487,vulnerable,1000.318359375
433152,-0.36138224017578047,37.00052468293,0.25684524,vulnerable,1155.7650146484375
433226,-0.36138224017578047,37.61719110293,0.3264302,vulnerable,864.4146118164062
433229,-0.36138224017578047,37.64219109293,0.35440224,poor,1001.5150146484375
433715,-0.3697155701757806,34.62552563293,0.391778,poor,1047.0654296875
433717,-0.3697155701757806,34.64219229293,0.35808787,poor,921.3381958007812
433718,-0.3697155701757806,34.65052562293,0.3680443,poor,1158.751220703125
433792,-0.3697155701757806,35.26719204293,0.2609655,vulnerable,2409.22216796875
433793,-0.3697155701757806,35.27552537293,0.16685376,non-poor,4416.15478515625
433794,-0.3697155701757806,35.28385870293,0.30495822,vulnerable,3776.369384765625
433795,-0.3697155701757806,35.29219203293,0.35083565,poor,1846.962646484375
433871,-0.3697155701757806,35.925525112929996,0.23284768,vulnerable,1258.7879638671875
433872,-0.3697155701757806,35.93385844293,0.24071352,vulnerable,1495.900390625
433873,-0.3697155701757806,35.94219177293,0.24736267,vulnerable,1395.3433837890625
434054,-0.3697155701757806,37.45052450293,0.495871,poor,862.9445190429688
434059,-0.3697155701757806,37.49219115293,0.39098924,poor,985.95751953125
434060,-0.3697155701757806,37.50052448293,0.38031742,poor,801.2061767578125
434063,-0.3697155701757806,37.52552447293,0.3127902,vulnerable,813.23583984375
434064,-0.3697155701757806,37.53385780293,0.28655618,vulnerable,869.4751586914062
434065,-0.3697155701757806,37.54219113293,0.28481254,vulnerable,1212.4561767578125
434066,-0.3697155701757806,37.55052446293,0.29905555,vulnerable,983.5760498046875
434068,-0.3697155701757806,37.56719112293,0.30346262,vulnerable,943.1796875
434073,-0.3697155701757806,37.60885777293,0.30812064,vulnerable,884.6126708984375
434074,-0.3697155701757806,37.61719110293,0.3184244,vulnerable,1139.406982421875
434075,-0.3697155701757806,37.62552443293,0.32747564,vulnerable,1178.138916015625
434078,-0.3697155701757806,37.65052442293,0.3940467,poor,1104.469482421875
434079,-0.3697155701757806,37.65885775293,0.411272,poor,844.3953247070312
434081,-0.3697155701757806,37.67552441293,0.43181264,poor,995.357421875
434082,-0.3697155701757806,37.68385774293,0.45181978,poor,854.6976318359375
434565,-0.37804890017578074,34.64219229293,0.37184978,poor,1433.7454833984375
434566,-0.37804890017578074,34.65052562293,0.36881813,poor,1071.1180419921875
434605,-0.37804890017578074,34.97552549293,0.43855265,poor,1413.0726318359375
434606,-0.37804890017578074,34.98385882293,0.42951778,poor,861.680908203125
434609,-0.37804890017578074,35.00885881293,0.4092643,poor,815.3275756835938
434625,-0.37804890017578074,35.14219209293,0.5088173,severely poor,995.8765258789062
434626,-0.37804890017578074,35.15052542293,0.49951243,poor,951.27587890625
434641,-0.37804890017578074,35.27552537293,0.3310574,poor,1614.6920166015625
434642,-0.37804890017578074,35.28385870293,0.33712515,poor,1527.1527099609375
434719,-0.37804890017578074,35.925525112929996,0.26160672,vulnerable,941.0200805664062
434720,-0.37804890017578074,35.93385844293,0.2505879,vulnerable,2029.3409423828125
434721,-0.37804890017578074,35.94219177293,0.25471735,vulnerable,1028.7783203125
434902,-0.37804890017578074,37.45052450293,0.5482148,severely poor,958.8245239257812
434903,-0.37804890017578074,37.45885783293,0.52969325,severely poor,1019.7802734375
434904,-0.37804890017578074,37.46719116293,0.50096595,severely poor,984.2737426757812
434910,-0.37804890017578074,37.51719114293,0.3456597,poor,997.0440063476562
434911,-0.37804890017578074,37.52552447293,0.32397574,vulnerable,957.7402954101562
434913,-0.37804890017578074,37.54219113293,0.339775,poor,1004.5225219726562
434914,-0.37804890017578074,37.55052446293,0.31281567,vulnerable,944.7495727539062
434923,-0.37804890017578074,37.62552443293,0.34267703,poor,862.58642578125
434924,-0.37804890017578074,37.63385776293,0.34935582,poor,811.9877319335938
435357,-0.3863822301757809,34.17552581293,0.46604452,poor,1025.526123046875
435361,-0.3863822301757809,34.20885913293,0.4675799,poor,829.74560546875
435411,-0.3863822301757809,34.62552563293,0.36846206,poor,803.5755615234375
435412,-0.3863822301757809,34.63385896293,0.38539258,poor,806.1554565429688
435413,-0.3863822301757809,34.64219229293,0.38871145,poor,923.8126831054688
435442,-0.3863822301757809,34.88385886293,0.4824233,poor,836.836669921875
435453,-0.3863822301757809,34.97552549293,0.44333333,poor,917.0887451171875
435456,-0.3863822301757809,35.00052548293,0.35756874,poor,1384.7584228515625
435457,-0.3863822301757809,35.00885881293,0.35033372,poor,4086.0380859375
435458,-0.3863822301757809,35.01719214293,0.41479704,poor,1257.83349609375
435472,-0.3863822301757809,35.13385876293,0.5347508,severely poor,952.8973999023438
435473,-0.3863822301757809,35.14219209293,0.5144102,severely poor,1384.3563232421875
435474,-0.3863822301757809,35.15052542293,0.49748465,poor,969.271728515625
435481,-0.3863822301757809,35.20885873293,0.36724243,poor,946.4328002929688
435484,-0.3863822301757809,35.23385872293,0.34154677,poor,937.2659301757812
435568,-0.3863822301757809,35.93385844293,0.26125214,vulnerable,886.6216430664062
435696,-0.3863822301757809,37.00052468293,0.26237184,vulnerable,900.54248046875
435705,-0.3863822301757809,37.07552465293,0.3202591,vulnerable,813.9480590820312
435751,-0.3863822301757809,37.45885783293,0.5300146,severely poor,848.9581298828125
435752,-0.3863822301757809,37.46719116293,0.51308066,severely poor,815.385498046875
435767,-0.3863822301757809,37.592191112929996,0.31496906,vulnerable,827.2093505859375
435768,-0.3863822301757809,37.60052444293,0.32235572,vulnerable,830.3511352539062
436206,-0.39471556017578013,34.18385914293,0.46588022,poor,1150.2130126953125
436209,-0.39471556017578013,34.20885913293,0.4627235,poor,1472.6640625
436259,-0.39471556017578013,34.62552563293,0.38832328,poor,1011.393798828125
436276,-0.39471556017578013,34.76719224293,0.41092032,poor,917.0819091796875
436290,-0.39471556017578013,34.88385886293,0.46699566,poor,811.9271240234375
436304,-0.39471556017578013,35.00052548293,0.38863882,poor,1017.1958618164062
436305,-0.39471556017578013,35.00885881293,0.40477002,poor,1622.9620361328125
436306,-0.39471556017578013,35.01719214293,0.4186839,poor,1150.3115234375
436309,-0.39471556017578013,35.04219213293,0.42875823,poor,802.6765747070312
436313,-0.39471556017578013,35.07552545293,0.50608635,severely poor,867.851806640625
436331,-0.39471556017578013,35.22552539293,0.34147012,poor,819.858642578125
436332,-0.39471556017578013,35.23385872293,0.35211593,poor,827.1607666015625
436482,-0.39471556017578013,36.483858222929996,0.25259456,vulnerable,936.5440063476562
436483,-0.39471556017578013,36.49219155293,0.26865268,vulnerable,1407.79296875
436544,-0.39471556017578013,37.00052468293,0.25085375,vulnerable,1117.318115234375
436563,-0.39471556017578013,37.15885795293,0.41472778,poor,985.66162109375
436598,-0.39471556017578013,37.45052450293,0.5102015,severely poor,805.8208618164062
436599,-0.39471556017578013,37.45885783293,0.5054846,severely poor,953.3737182617188
436600,-0.39471556017578013,37.46719116293,0.49546957,poor,1010.6897583007812
436603,-0.39471556017578013,37.49219115293,0.45184043,poor,827.356689453125
436604,-0.39471556017578013,37.50052448293,0.41682518,poor,1108.9744873046875
436611,-0.39471556017578013,37.55885779293,0.345585,poor,902.7265625
436616,-0.39471556017578013,37.60052444293,0.33261523,poor,910.9901123046875
437056,-0.40304889017578027,34.20052580293,0.45640525,poor,1031.271240234375
437057,-0.40304889017578027,34.20885913293,0.4669553,poor,1355.5947265625
437097,-0.40304889017578027,34.54219233293,0.47174996,poor,902.1653442382812
437178,-0.40304889017578027,35.21719206293,0.34180173,poor,824.621337890625
437179,-0.40304889017578027,35.22552539293,0.33623758,poor,1167.793701171875
437315,-0.40304889017578027,36.35885827293,0.24639088,vulnerable,820.381103515625
437331,-0.40304889017578027,36.49219155293,0.2705402,vulnerable,908.44873046875
437393,-0.40304889017578027,37.00885801293,0.25303677,vulnerable,810.0087890625
437446,-0.40304889017578027,37.45052450293,0.48072678,poor,967.0304565429688
437447,-0.40304889017578027,37.45885783293,0.48802397,poor,869.9639282226562
437448,-0.40304889017578027,37.46719116293,0.47159287,poor,1002.95556640625
437451,-0.40304889017578027,37.49219115293,0.45418227,poor,920.4635009765625
437452,-0.40304889017578027,37.50052448293,0.43859914,poor,1093.5413818359375
437453,-0.40304889017578027,37.508857812929996,0.42735276,poor,810.5520629882812
437465,-0.40304889017578027,37.60885777293,0.3418258,poor,810.5910034179688
437905,-0.4113822201757804,34.20052580293,0.44752967,poor,1511.02099609375
438190,-0.4113822201757804,36.57552485293,0.27936518,vulnerable,967.0839233398438
438191,-0.4113822201757804,36.58385818293,0.28173128,vulnerable,1424.2515869140625
438234,-0.4113822201757804,36.94219137293,0.16516146,non-poor,2080.2568359375
438235,-0.4113822201757804,36.95052470293,0.2000023,vulnerable,3562.5107421875
438236,-0.4113822201757804,36.958858032929996,0.22414038,vulnerable,2169.04052734375
438259,-0.4113822201757804,37.15052462293,0.35779116,poor,903.92333984375
438295,-0.4113822201757804,37.45052450293,0.4508498,poor,809.44677734375
438302,-0.4113822201757804,37.508857812929996,0.41561106,poor,837.5327758789062
438309,-0.4113822201757804,37.56719112293,0.30771548,vulnerable,971.3579711914062
438310,-0.4113822201757804,37.57552445293,0.316094,vulnerable,851.3123168945312
438311,-0.4113822201757804,37.58385778293,0.32772687,vulnerable,1102.7706298828125
438312,-0.4113822201757804,37.592191112929996,0.34220752,poor,826.192626953125
438317,-0.4113822201757804,37.63385776293,0.3310056,poor,839.8933715820312
438797,-0.41971555017578055,34.55885899293,0.46309534,poor,993.5626220703125
438851,-0.41971555017578055,35.00885881293,0.39387214,poor,806.6141967773438
438880,-0.41971555017578055,35.25052538293,0.35910982,poor,1544.3631591796875
438881,-0.41971555017578055,35.25885871293,0.38652465,poor,1480.014892578125
439080,-0.41971555017578055,36.91719138293,0.22711433,vulnerable,894.341552734375
439082,-0.41971555017578055,36.93385804293,0.17222258,non-poor,2658.74560546875
439083,-0.41971555017578055,36.94219137293,0.14416067,non-poor,4233.33251953125
439084,-0.41971555017578055,36.95052470293,0.14576557,non-poor,5650.03076171875
439085,-0.41971555017578055,36.958858032929996,0.20122284,vulnerable,2987.22998046875
439086,-0.41971555017578055,36.96719136293,0.23941353,vulnerable,928.715576171875
439120,-0.41971555017578055,37.25052458293,0.35136738,poor,839.7171020507812
439121,-0.41971555017578055,37.25885791293,0.35632122,poor,874.7883911132812
439122,-0.41971555017578055,37.26719124293,0.37999153,poor,940.1822509765625
439123,-0.41971555017578055,37.275524572929996,0.3922801,poor,949.8073120117188
439147,-0.41971555017578055,37.47552449293,0.40953293,poor,845.5609741210938
439148,-0.41971555017578055,37.48385782293,0.40397257,poor,1071.624755859375
439158,-0.41971555017578055,37.56719112293,0.30427966,vulnerable,1392.1807861328125
439159,-0.41971555017578055,37.57552445293,0.33350232,poor,1041.961669921875
439162,-0.41971555017578055,37.60052444293,0.38540065,poor,890.3114013671875
439166,-0.41971555017578055,37.63385776293,0.35620037,poor,851.6021118164062
439407,-0.41971555017578055,39.642190292929996,0.56705827,severely poor,1156.6005859375
439604,-0.4280488801757807,34.20885913293,0.48579758,poor,925.8515625
439638,-0.4280488801757807,34.49219235293,0.44155762,poor,862.1414794921875
439639,-0.4280488801757807,34.50052568293,0.44237444,poor,828.4214477539062
439645,-0.4280488801757807,34.55052566293,0.42998314,poor,1201.5054931640625
439648,-0.4280488801757807,34.57552565293,0.42455092,poor,868.959716796875
439695,-0.4280488801757807,34.96719216293,0.37318352,poor,814.4817504882812
439696,-0.4280488801757807,34.97552549293,0.37860066,poor,1056.425048828125
439700,-0.4280488801757807,35.00885881293,0.40803403,poor,830.512939453125
439782,-0.4280488801757807,35.69219187293,0.33952937,poor,993.885498046875
439815,-0.4280488801757807,35.96719176293,0.26163784,vulnerable,849.8377075195312
439889,-0.4280488801757807,36.58385818293,0.3719417,poor,845.5015258789062
439929,-0.4280488801757807,36.91719138293,0.2319388,vulnerable,1773.533447265625
439930,-0.4280488801757807,36.92552471293,0.21300185,vulnerable,2439.998291015625
439931,-0.4280488801757807,36.93385804293,0.21750222,vulnerable,3216.30810546875
439932,-0.4280488801757807,36.94219137293,0.21020631,vulnerable,3017.199951171875
439933,-0.4280488801757807,36.95052470293,0.17240523,non-poor,4350.43896484375
439934,-0.4280488801757807,36.958858032929996,0.19844176,non-poor,4310.84326171875
439935,-0.4280488801757807,36.96719136293,0.20810011,vulnerable,3901.6083984375
439936,-0.4280488801757807,36.97552469293,0.25523236,vulnerable,1684.70068359375
439976,-0.4280488801757807,37.30885789293,0.45677042,poor,1582.8143310546875
439996,-0.4280488801757807,37.47552449293,0.3834991,poor,906.0989990234375
439997,-0.4280488801757807,37.48385782293,0.3880663,poor,835.2825927734375
439998,-0.4280488801757807,37.49219115293,0.38513356,poor,992.5933227539062
439999,-0.4280488801757807,37.50052448293,0.39098185,poor,817.9071655273438
440006,-0.4280488801757807,37.55885779293,0.32140055,vulnerable,816.1067504882812
440007,-0.4280488801757807,37.56719112293,0.32473272,vulnerable,1296.037841796875
440008,-0.4280488801757807,37.57552445293,0.33649465,poor,995.6390380859375
440009,-0.4280488801757807,37.58385778293,0.36602858,poor,889.117431640625
440255,-0.4280488801757807,39.63385696293,0.5508092,severely poor,1617.3074951171875
440256,-0.4280488801757807,39.642190292929996,0.5362834,severely poor,2762.25341796875
440257,-0.4280488801757807,39.650523622929995,0.53011054,severely poor,2150.412109375
440258,-0.4280488801757807,39.65885695293,0.5483571,severely poor,1752.0245361328125
440259,-0.4280488801757807,39.66719028293,0.5423386,severely poor,1281.102783203125
440452,-0.4363822101757808,34.20052580293,0.46352223,poor,1302.490966796875
440453,-0.4363822101757808,34.20885913293,0.4700978,poor,1166.43359375
440549,-0.4363822101757808,35.00885881293,0.40125883,poor,1150.74658203125
440550,-0.4363822101757808,35.01719214293,0.4236728,poor,831.0596923828125
440551,-0.4363822101757808,35.02552547293,0.42413965,poor,819.6259765625
440571,-0.4363822101757808,35.19219207293,0.35738084,poor,811.02490234375
440664,-0.4363822101757808,35.96719176293,0.26074457,vulnerable,933.708984375
440777,-0.4363822101757808,36.90885805293,0.22029464,vulnerable,1001.1445922851562
440779,-0.4363822101757808,36.92552471293,0.24003749,vulnerable,877.6737670898438
440780,-0.4363822101757808,36.93385804293,0.24413504,vulnerable,1614.30810546875
440781,-0.4363822101757808,36.94219137293,0.22819525,vulnerable,2287.844970703125
440782,-0.4363822101757808,36.95052470293,0.20613468,vulnerable,3506.5087890625
440783,-0.4363822101757808,36.958858032929996,0.2143366,vulnerable,4761.8466796875
440784,-0.4363822101757808,36.96719136293,0.22202615,vulnerable,4367.7490234375
440785,-0.4363822101757808,36.97552469293,0.24511114,vulnerable,2076.154052734375
440814,-0.4363822101757808,37.21719126293,0.31859666,vulnerable,802.4613647460938
440816,-0.4363822101757808,37.23385792293,0.3038454,vulnerable,866.9596557617188
440825,-0.4363822101757808,37.30885789293,0.44353893,poor,1030.9329833984375
440828,-0.4363822101757808,37.33385788293,0.5030215,severely poor,852.2550659179688
440829,-0.4363822101757808,37.34219121293,0.53623414,severely poor,964.5428466796875
440831,-0.4363822101757808,37.35885787293,0.5816045,severely poor,904.0751342773438
440832,-0.4363822101757808,37.36719120293,0.58155084,severely poor,878.3934326171875
440833,-0.4363822101757808,37.37552453293,0.5469505,severely poor,843.3001708984375
440840,-0.4363822101757808,37.433857842929996,0.42410585,poor,845.8253784179688
440845,-0.4363822101757808,37.47552449293,0.35604498,poor,1001.6509399414062
440851,-0.4363822101757808,37.52552447293,0.37911084,poor,807.6954345703125
440855,-0.4363822101757808,37.55885779293,0.3328933,poor,1099.7218017578125
440856,-0.4363822101757808,37.56719112293,0.34734926,poor,901.9119873046875
440857,-0.4363822101757808,37.57552445293,0.34822866,poor,818.3165893554688
440858,-0.4363822101757808,37.58385778293,0.37990543,poor,900.100341796875
441103,-0.4363822101757808,39.62552363293,0.5902049,severely poor,816.751220703125
441104,-0.4363822101757808,39.63385696293,0.45720968,poor,3064.807861328125
441105,-0.4363822101757808,39.642190292929996,0.44684684,poor,5838.5390625
441106,-0.4363822101757808,39.650523622929995,0.49768737,poor,3948.844482421875
441107,-0.4363822101757808,39.65885695293,0.5226766,severely poor,2694.66357421875
441108,-0.4363822101757808,39.66719028293,0.55044276,severely poor,1293.141845703125
441339,-0.44471554017578097,34.51719234293,0.44801843,poor,1063.7403564453125
441346,-0.44471554017578097,34.57552565293,0.4317274,poor,1004.1737670898438
441383,-0.44471554017578097,34.88385886293,0.40410587,poor,1232.53076171875
441384,-0.44471554017578097,34.89219219293,0.4032297,poor,1626.3594970703125
441392,-0.44471554017578097,34.95885883293,0.39804313,poor,907.0952758789062
441395,-0.44471554017578097,34.98385882293,0.39685008,poor,818.2437744140625
441398,-0.44471554017578097,35.00885881293,0.41269743,poor,940.6671752929688
441405,-0.44471554017578097,35.06719212293,0.4577192,poor,971.0926513671875
441406,-0.44471554017578097,35.07552545293,0.45070288,poor,1075.5714111328125
441518,-0.44471554017578097,36.008858412929996,0.32833564,vulnerable,1143.416015625
441624,-0.44471554017578097,36.89219139293,0.21733315,vulnerable,911.6127319335938
441630,-0.44471554017578097,36.94219137293,0.2499523,vulnerable,896.1702880859375
441631,-0.44471554017578097,36.95052470293,0.24174789,vulnerable,1270.7264404296875
441632,-0.44471554017578097,36.958858032929996,0.25167114,vulnerable,2082.792236328125
441633,-0.44471554017578097,36.96719136293,0.25016835,vulnerable,1370.8436279296875
441634,-0.44471554017578097,36.97552469293,0.24176767,vulnerable,1033.2496337890625
441654,-0.44471554017578097,37.14219129293,0.29285538,vulnerable,1032.6805419921875
441667,-0.44471554017578097,37.25052458293,0.29049036,vulnerable,851.5108032226562
441668,-0.44471554017578097,37.25885791293,0.29912025,vulnerable,805.052978515625
441677,-0.44471554017578097,37.33385788293,0.49579385,poor,832.750732421875
441678,-0.44471554017578097,37.34219121293,0.5069472,severely poor,830.5240478515625
441683,-0.44471554017578097,37.38385786293,0.51221746,severely poor,882.712646484375
441688,-0.44471554017578097,37.42552451293,0.44682124,poor,960.6444091796875
441689,-0.44471554017578097,37.433857842929996,0.40662423,poor,1009.3157348632812
441693,-0.44471554017578097,37.46719116293,0.34749085,poor,1021.626953125
441694,-0.44471554017578097,37.47552449293,0.34506467,poor,1015.9971923828125
441703,-0.44471554017578097,37.55052446293,0.3345343,poor,1004.938232421875
441704,-0.44471554017578097,37.55885779293,0.33695504,poor,1074.017822265625
441705,-0.44471554017578097,37.56719112293,0.3527964,poor,904.7061767578125
441950,-0.44471554017578097,39.60885697293,0.6072385,severely poor,1356.87451171875
441951,-0.44471554017578097,39.61719030293,0.5907735,severely poor,882.9417724609375
441952,-0.44471554017578097,39.62552363293,0.5808456,severely poor,1165.1888427734375
441953,-0.44471554017578097,39.63385696293,0.41514245,poor,5672.640625
441954,-0.44471554017578097,39.642190292929996,0.4051759,poor,10059.8916015625
441955,-0.44471554017578097,39.650523622929995,0.49409992,poor,5735.46142578125
441956,-0.44471554017578097,39.65885695293,0.5305863,severely poor,2493.267822265625
441957,-0.44471554017578097,39.66719028293,0.549092,severely poor,1228.264404296875
442124,-0.4530488701757802,33.98385922293,0.5371452,severely poor,942.03173828125
442132,-0.4530488701757802,34.05052586293,0.5265898,severely poor,1112.2799072265625
442232,-0.4530488701757802,34.88385886293,0.4060934,poor,833.212158203125
442241,-0.4530488701757802,34.95885883293,0.41499454,poor,894.8489379882812
442243,-0.4530488701757802,34.97552549293,0.40199727,poor,905.724609375
442244,-0.4530488701757802,34.98385882293,0.4063944,poor,1021.779296875
442363,-0.4530488701757802,35.97552509293,0.2638568,vulnerable,894.1510620117188
442483,-0.4530488701757802,36.97552469293,0.26616308,vulnerable,940.4725341796875
442501,-0.4530488701757802,37.12552463293,0.26072368,vulnerable,994.6897583007812
442512,-0.4530488701757802,37.21719126293,0.2932949,vulnerable,1247.6807861328125
442515,-0.4530488701757802,37.24219125293,0.26252434,vulnerable,1050.28564453125
442516,-0.4530488701757802,37.25052458293,0.27262807,vulnerable,818.1095581054688
442517,-0.4530488701757802,37.25885791293,0.302007,vulnerable,1024.604736328125
442518,-0.4530488701757802,37.26719124293,0.3102944,vulnerable,938.40478515625
442519,-0.4530488701757802,37.275524572929996,0.33559018,poor,818.961669921875
442523,-0.4530488701757802,37.30885789293,0.41618505,poor,967.5205078125
442530,-0.4530488701757802,37.36719120293,0.55063045,severely poor,934.3282470703125
442552,-0.4530488701757802,37.55052446293,0.3469412,poor,1111.4237060546875
442553,-0.4530488701757802,37.55885779293,0.34240612,poor,996.2926025390625
442801,-0.4530488701757802,39.62552363293,0.57239586,severely poor,1213.278076171875
442802,-0.4530488701757802,39.63385696293,0.37794128,poor,7906.1181640625
442803,-0.4530488701757802,39.642190292929996,0.46606672,poor,8095.96533203125
442804,-0.4530488701757802,39.650523622929995,0.53350866,severely poor,2424.4189453125
442805,-0.4530488701757802,39.65885695293,0.553086,severely poor,996.5648193359375
442982,-0.46138220017578035,34.05885919293,0.5218151,severely poor,1358.88525390625
443089,-0.46138220017578035,34.95052550293,0.42020962,poor,899.0846557617188
443093,-0.46138220017578035,34.98385882293,0.41915387,poor,1010.9779663085938
443094,-0.46138220017578035,34.99219215293,0.42677024,poor,862.8568725585938
443097,-0.46138220017578035,35.01719214293,0.44704202,poor,867.710693359375
443098,-0.46138220017578035,35.02552547293,0.44151625,poor,929.4227294921875
443327,-0.46138220017578035,36.93385804293,0.27795517,vulnerable,841.044677734375
443328,-0.46138220017578035,36.94219137293,0.2794457,vulnerable,1153.8753662109375
443350,-0.46138220017578035,37.12552463293,0.26335746,vulnerable,1422.003662109375
443351,-0.46138220017578035,37.13385796293,0.26934797,vulnerable,1108.73974609375
443352,-0.46138220017578035,37.14219129293,0.27452087,vulnerable,917.5208740234375
443363,-0.46138220017578035,37.23385792293,0.2579535,vulnerable,1109.411376953125
443364,-0.46138220017578035,37.24219125293,0.25721493,vulnerable,1181.520263671875
443365,-0.46138220017578035,37.25052458293,0.2747012,vulnerable,841.9024658203125
443369,-0.46138220017578035,37.28385790293,0.33134365,poor,873.6575317382812
443370,-0.46138220017578035,37.29219123293,0.3628942,poor,840.5621337890625
443375,-0.46138220017578035,37.33385788293,0.46892217,poor,827.0479736328125
443391,-0.46138220017578035,37.46719116293,0.33193332,poor,857.5122680664062
443398,-0.46138220017578035,37.52552447293,0.34057665,poor,803.498291015625
443650,-0.46138220017578035,39.62552363293,0.5844999,severely poor,1994.219970703125
443651,-0.46138220017578035,39.63385696293,0.498543,poor,5984.5830078125
443652,-0.46138220017578035,39.642190292929996,0.46146318,poor,3517.69384765625
443653,-0.46138220017578035,39.650523622929995,0.52484727,severely poor,2344.819091796875
443654,-0.46138220017578035,39.65885695293,0.5354437,severely poor,2060.93359375
443927,-0.4697155301757805,34.85052554293,0.37312594,poor,1425.9613037109375
443937,-0.4697155301757805,34.93385884293,0.41385183,poor,944.3931274414062
443939,-0.4697155301757805,34.95052550293,0.41787723,poor,879.9593505859375
443943,-0.4697155301757805,34.98385882293,0.41771266,poor,910.2469482421875
443944,-0.4697155301757805,34.99219215293,0.42666426,poor,951.549072265625
443945,-0.4697155301757805,35.00052548293,0.4282905,poor,984.7649536132812
443947,-0.4697155301757805,35.01719214293,0.44077742,poor,936.5099487304688
444095,-0.4697155301757805,36.25052498293,0.29785615,vulnerable,911.4798583984375
444099,-0.4697155301757805,36.28385830293,0.24119641,vulnerable,954.966552734375
444100,-0.4697155301757805,36.29219163293,0.23598802,vulnerable,1206.74267578125
444103,-0.4697155301757805,36.31719162293,0.26364255,vulnerable,865.35302734375
444178,-0.4697155301757805,36.94219137293,0.27811384,vulnerable,868.4942626953125
444180,-0.4697155301757805,36.958858032929996,0.276096,vulnerable,950.3135375976562
444183,-0.4697155301757805,36.98385802293,0.26474386,vulnerable,953.7218627929688
444195,-0.4697155301757805,37.08385798293,0.2731167,vulnerable,938.0238647460938
444199,-0.4697155301757805,37.117191302929996,0.2652855,vulnerable,1008.3932495117188
444200,-0.4697155301757805,37.12552463293,0.25086987,vulnerable,2654.0751953125
444201,-0.4697155301757805,37.13385796293,0.27189788,vulnerable,1609.2791748046875
444202,-0.4697155301757805,37.14219129293,0.2771084,vulnerable,824.5548706054688
444212,-0.4697155301757805,37.22552459293,0.23503253,vulnerable,911.6279296875
444213,-0.4697155301757805,37.23385792293,0.23370418,vulnerable,2768.49951171875
444214,-0.4697155301757805,37.24219125293,0.26020363,vulnerable,1336.4222412109375
444215,-0.4697155301757805,37.25052458293,0.27863064,vulnerable,1123.0108642578125
444216,-0.4697155301757805,37.25885791293,0.28878632,vulnerable,981.9147338867188
444218,-0.4697155301757805,37.275524572929996,0.3211552,vulnerable,811.2216796875
444219,-0.4697155301757805,37.28385790293,0.33331907,poor,1132.7403564453125
444225,-0.4697155301757805,37.33385788293,0.47629923,poor,1028.4730224609375
444226,-0.4697155301757805,37.34219121293,0.51194066,severely poor,868.9091186523438
444240,-0.4697155301757805,37.45885783293,0.3591827,poor,870.3096313476562
444241,-0.4697155301757805,37.46719116293,0.33256516,poor,833.0069580078125
444251,-0.4697155301757805,37.55052446293,0.34136218,poor,908.3004760742188
444501,-0.4697155301757805,39.63385696293,0.56418484,severely poor,1904.1395263671875
444502,-0.4697155301757805,39.642190292929996,0.47980264,poor,2672.07666015625
444503,-0.4697155301757805,39.650523622929995,0.5135524,severely poor,1767.6588134765625
444504,-0.4697155301757805,39.65885695293,0.54537344,severely poor,1982.806396484375
444681,-0.47804886017578063,34.05052586293,0.5044148,severely poor,1097.7716064453125
444682,-0.47804886017578063,34.05885919293,0.5143847,severely poor,1825.987548828125
444737,-0.47804886017578063,34.51719234293,0.4075829,poor,906.5936279296875
444793,-0.47804886017578063,34.98385882293,0.43396133,poor,973.790283203125
444797,-0.47804886017578063,35.01719214293,0.44724202,poor,1045.7384033203125
444802,-0.47804886017578063,35.05885879293,0.41720098,poor,896.2806396484375
444946,-0.47804886017578063,36.25885831293,0.29065222,vulnerable,903.2755126953125
444949,-0.47804886017578063,36.28385830293,0.2600981,vulnerable,957.9630126953125
444950,-0.47804886017578063,36.29219163293,0.2621554,vulnerable,1451.10302734375
444953,-0.47804886017578063,36.31719162293,0.25124976,vulnerable,1384.4857177734375
445045,-0.47804886017578063,37.08385798293,0.2637681,vulnerable,880.3704833984375
445046,-0.47804886017578063,37.09219131293,0.2676744,vulnerable,904.9391479492188
445048,-0.47804886017578063,37.10885797293,0.23919626,vulnerable,879.9879760742188
445049,-0.47804886017578063,37.117191302929996,0.21291563,vulnerable,2317.84228515625
445050,-0.47804886017578063,37.12552463293,0.2222818,vulnerable,6291.255859375
445051,-0.47804886017578063,37.13385796293,0.24988297,vulnerable,1659.8515625
445052,-0.47804886017578063,37.14219129293,0.26124555,vulnerable,1054.8819580078125
445056,-0.47804886017578063,37.17552461293,0.25233456,vulnerable,1356.3155517578125
445063,-0.47804886017578063,37.23385792293,0.24861284,vulnerable,2178.51953125
445064,-0.47804886017578063,37.24219125293,0.26459977,vulnerable,1047.651611328125
445065,-0.47804886017578063,37.25052458293,0.2659509,vulnerable,888.52490234375
445066,-0.47804886017578063,37.25885791293,0.28132007,vulnerable,1332.94580078125
445067,-0.47804886017578063,37.26719124293,0.29061854,vulnerable,1021.3883666992188
445068,-0.47804886017578063,37.275524572929996,0.2973884,vulnerable,831.1785278320312
445089,-0.47804886017578063,37.45052450293,0.35846332,poor,855.7359008789062
445091,-0.47804886017578063,37.46719116293,0.33035076,poor,917.6201171875
445092,-0.47804886017578063,37.47552449293,0.31884155,vulnerable,801.2453002929688
445101,-0.47804886017578063,37.55052446293,0.3682268,poor,825.249267578125
445351,-0.47804886017578063,39.63385696293,0.59521925,severely poor,834.808349609375
445352,-0.47804886017578063,39.642190292929996,0.52963674,severely poor,2601.125
445353,-0.47804886017578063,39.650523622929995,0.51189715,severely poor,2469.28076171875
445354,-0.47804886017578063,39.65885695293,0.55248433,severely poor,2125.605712890625
445548,-0.48638219017578077,34.19219247293,0.53043383,severely poor,889.2571411132812
445610,-0.48638219017578077,34.70885893293,0.3862714,poor,807.3565673828125
445622,-0.48638219017578077,34.80885889293,0.38043165,poor,847.8838500976562
445633,-0.48638219017578077,34.90052552293,0.43416327,poor,871.2191772460938
445634,-0.48638219017578077,34.90885885293,0.43110463,poor,803.9380493164062
445639,-0.48638219017578077,34.95052550293,0.41927412,poor,801.4158325195312
445641,-0.48638219017578077,34.96719216293,0.40431982,poor,906.5413208007812
445642,-0.48638219017578077,34.97552549293,0.4102785,poor,831.9092407226562
445647,-0.48638219017578077,35.01719214293,0.42893988,poor,997.9638671875
445660,-0.48638219017578077,35.12552543293,0.3523719,poor,854.6710815429688
445783,-0.48638219017578077,36.15052502293,0.29040447,vulnerable,1158.9945068359375
445802,-0.48638219017578077,36.30885829293,0.22738531,vulnerable,1490.7467041015625
445803,-0.48638219017578077,36.31719162293,0.23222587,vulnerable,1106.24609375
445804,-0.48638219017578077,36.325524952929996,0.23711756,vulnerable,1802.3271484375
445805,-0.48638219017578077,36.33385828293,0.24724145,vulnerable,999.3832397460938
445871,-0.48638219017578077,36.88385806293,0.28142655,vulnerable,924.67919921875
445886,-0.48638219017578077,37.00885801293,0.32144064,vulnerable,942.0152587890625
445894,-0.48638219017578077,37.07552465293,0.26888785,vulnerable,903.2228393554688
445896,-0.48638219017578077,37.09219131293,0.27882838,vulnerable,816.9230346679688
445899,-0.48638219017578077,37.117191302929996,0.27257553,vulnerable,1011.676025390625
445900,-0.48638219017578077,37.12552463293,0.245151,vulnerable,2200.829345703125
445901,-0.48638219017578077,37.13385796293,0.2538643,vulnerable,2018.0113525390625
445902,-0.48638219017578077,37.14219129293,0.25904095,vulnerable,1654.8909912109375
445903,-0.48638219017578077,37.15052462293,0.2608079,vulnerable,966.1854858398438
445915,-0.48638219017578077,37.25052458293,0.260996,vulnerable,978.8594360351562
445916,-0.48638219017578077,37.25885791293,0.25731868,vulnerable,1672.475830078125
445917,-0.48638219017578077,37.26719124293,0.26416552,vulnerable,1906.9259033203125
445918,-0.48638219017578077,37.275524572929996,0.28888133,vulnerable,1424.264892578125
445919,-0.48638219017578077,37.28385790293,0.30164054,vulnerable,825.614990234375
445923,-0.48638219017578077,37.31719122293,0.41883314,poor,988.5125122070312
445940,-0.48638219017578077,37.45885783293,0.33989674,poor,902.8104858398438
445942,-0.48638219017578077,37.47552449293,0.33719137,poor,827.0831298828125
445944,-0.48638219017578077,37.49219115293,0.35177192,poor,965.3795776367188
446202,-0.48638219017578077,39.642190292929996,0.6098956,severely poor,896.881591796875
446203,-0.48638219017578077,39.650523622929995,0.58335733,severely poor,1328.6839599609375
446204,-0.48638219017578077,39.65885695293,0.58184254,severely poor,1124.5269775390625
446436,-0.4947155201757809,34.50885901293,0.39834118,poor,822.6011962890625
446462,-0.4947155201757809,34.72552559293,0.3676539,poor,1152.595458984375
446463,-0.4947155201757809,34.73385892293,0.34642786,poor,1325.1776123046875
446464,-0.4947155201757809,34.74219225293,0.37940627,poor,1440.06298828125
446480,-0.4947155201757809,34.87552553293,0.402256,poor,1107.2354736328125
446481,-0.4947155201757809,34.88385886293,0.40931562,poor,867.598876953125
446495,-0.4947155201757809,35.00052548293,0.41185793,poor,819.7849731445312
446506,-0.4947155201757809,35.09219211293,0.3588788,poor,1131.8380126953125
446652,-0.4947155201757809,36.30885829293,0.18777005,non-poor,1045.3936767578125
446653,-0.4947155201757809,36.31719162293,0.18387544,non-poor,3351.9560546875
446654,-0.4947155201757809,36.325524952929996,0.2119186,vulnerable,3539.109130859375
446655,-0.4947155201757809,36.33385828293,0.23970571,vulnerable,1468.74853515625
446656,-0.4947155201757809,36.34219161293,0.25126615,vulnerable,1039.54248046875
446658,-0.4947155201757809,36.35885827293,0.25368932,vulnerable,883.59912109375
446724,-0.4947155201757809,36.90885805293,0.33948362,poor,844.66015625
446726,-0.4947155201757809,36.92552471293,0.34650412,poor,804.8409423828125
446734,-0.4947155201757809,36.99219135293,0.32331586,vulnerable,822.5333862304688
446749,-0.4947155201757809,37.117191302929996,0.2772386,vulnerable,933.7680053710938
446750,-0.4947155201757809,37.12552463293,0.26467746,vulnerable,948.7859497070312
446765,-0.4947155201757809,37.25052458293,0.28601217,vulnerable,864.7446899414062
446766,-0.4947155201757809,37.25885791293,0.27843863,vulnerable,935.076171875
446767,-0.4947155201757809,37.26719124293,0.24753484,vulnerable,2939.12548828125
446768,-0.4947155201757809,37.275524572929996,0.22636972,vulnerable,3310.028076171875
446769,-0.4947155201757809,37.28385790293,0.28966194,vulnerable,1223.1939697265625
446771,-0.4947155201757809,37.30052456293,0.34423608,poor,838.1407470703125
446772,-0.4947155201757809,37.30885789293,0.37424263,poor,845.0474853515625
446773,-0.4947155201757809,37.31719122293,0.4061349,poor,839.70361328125
446774,-0.4947155201757809,37.32552455293,0.40340057,poor,857.9629516601562
446777,-0.4947155201757809,37.350524542929996,0.43662682,poor,1451.634765625
446790,-0.4947155201757809,37.45885783293,0.32047755,vulnerable,967.3189086914062
447298,-0.5030488501757802,34.60885897293,0.4382007,poor,801.3848876953125
447311,-0.5030488501757802,34.71719226293,0.37391117,poor,823.6377563476562
447312,-0.5030488501757802,34.72552559293,0.34542048,poor,1988.6585693359375
447313,-0.5030488501757802,34.73385892293,0.34282762,poor,3462.673583984375
447314,-0.5030488501757802,34.74219225293,0.39282256,poor,1478.4993896484375
447330,-0.5030488501757802,34.87552553293,0.38722193,poor,903.2276000976562
447331,-0.5030488501757802,34.88385886293,0.38008684,poor,1064.4564208984375
447332,-0.5030488501757802,34.89219219293,0.37594858,poor,875.6065063476562
447345,-0.5030488501757802,35.00052548293,0.3833135,poor,820.9732055664062
447502,-0.5030488501757802,36.30885829293,0.24010417,vulnerable,930.0863037109375
447503,-0.5030488501757802,36.31719162293,0.20494977,vulnerable,3858.984619140625
447504,-0.5030488501757802,36.325524952929996,0.20374332,vulnerable,4514.15625
447505,-0.5030488501757802,36.33385828293,0.23848826,vulnerable,1418.8284912109375
447509,-0.5030488501757802,36.36719160293,0.25060958,vulnerable,1350.260009765625
447582,-0.5030488501757802,36.97552469293,0.36396378,poor,871.2095947265625
447590,-0.5030488501757802,37.04219133293,0.2886965,vulnerable,839.1099243164062
447598,-0.5030488501757802,37.10885797293,0.28230143,vulnerable,921.7039184570312
447599,-0.5030488501757802,37.117191302929996,0.28637022,vulnerable,1143.497314453125
447600,-0.5030488501757802,37.12552463293,0.277485,vulnerable,1102.7579345703125
447614,-0.5030488501757802,37.24219125293,0.31757924,vulnerable,856.0221557617188
447615,-0.5030488501757802,37.25052458293,0.3070873,vulnerable,1001.6694946289062
447617,-0.5030488501757802,37.26719124293,0.27239257,vulnerable,1626.580078125
447618,-0.5030488501757802,37.275524572929996,0.24099511,vulnerable,4052.998779296875
447619,-0.5030488501757802,37.28385790293,0.27901787,vulnerable,1761.8221435546875
447623,-0.5030488501757802,37.31719122293,0.38500294,poor,947.965087890625
447627,-0.5030488501757802,37.350524542929996,0.43287134,poor,873.9841918945312
447640,-0.5030488501757802,37.45885783293,0.3244484,vulnerable,1227.71826171875
448132,-0.5113821801757803,34.47552569293,0.41243145,poor,858.4798583984375
448161,-0.5113821801757803,34.71719226293,0.36842695,poor,808.38671875
448162,-0.5113821801757803,34.72552559293,0.3636488,poor,2868.235107421875
448163,-0.5113821801757803,34.73385892293,0.36254683,poor,3716.17236328125
448164,-0.5113821801757803,34.74219225293,0.38241756,poor,1435.607421875
448165,-0.5113821801757803,34.75052558293,0.380347,poor,866.4281616210938
448175,-0.5113821801757803,34.83385888293,0.41839412,poor,824.189697265625
448176,-0.5113821801757803,34.84219221293,0.42697072,poor,869.4432983398438
448178,-0.5113821801757803,34.85885887293,0.4073587,poor,928.6397094726562
448179,-0.5113821801757803,34.86719220293,0.38192236,poor,828.2010498046875
448180,-0.5113821801757803,34.87552553293,0.37620032,poor,1038.0035400390625
448181,-0.5113821801757803,34.88385886293,0.34550706,poor,1416.4398193359375
448182,-0.5113821801757803,34.89219219293,0.3410033,poor,1191.8931884765625
448185,-0.5113821801757803,34.91719218293,0.34634075,poor,820.9613037109375
448186,-0.5113821801757803,34.92552551293,0.34749818,poor,907.642578125
448187,-0.5113821801757803,34.93385884293,0.34708965,poor,872.7517700195312
448215,-0.5113821801757803,35.16719208293,0.335727,poor,895.7747802734375
448353,-0.5113821801757803,36.31719162293,0.26346424,vulnerable,1395.457763671875
448354,-0.5113821801757803,36.325524952929996,0.25675875,vulnerable,1756.3026123046875
448355,-0.5113821801757803,36.33385828293,0.24736424,vulnerable,976.90576171875
448424,-0.5113821801757803,36.90885805293,0.3407138,poor,855.7803344726562
448448,-0.5113821801757803,37.10885797293,0.2855391,vulnerable,821.8177490234375
448464,-0.5113821801757803,37.24219125293,0.34803823,poor,806.117431640625
448467,-0.5113821801757803,37.26719124293,0.29400963,vulnerable,800.0675659179688
448468,-0.5113821801757803,37.275524572929996,0.2930495,vulnerable,1619.7037353515625
448469,-0.5113821801757803,37.28385790293,0.28651837,vulnerable,1652.716064453125
448470,-0.5113821801757803,37.29219123293,0.30974331,vulnerable,808.1575317382812
448473,-0.5113821801757803,37.31719122293,0.36244607,poor,993.5618286132812
448474,-0.5113821801757803,37.32552455293,0.37047148,poor,867.2470092773438
448490,-0.5113821801757803,37.45885783293,0.334593,poor,1130.320556640625
448497,-0.5113821801757803,37.51719114293,0.3977911,poor,1025.385498046875
448979,-0.5197155101757804,34.45052570293,0.32783297,vulnerable,1596.55859375
448980,-0.5197155101757804,34.45885903293,0.3115309,vulnerable,2248.332763671875
448981,-0.5197155101757804,34.46719236293,0.3584382,poor,2919.111572265625
448982,-0.5197155101757804,34.47552569293,0.38500676,poor,2213.08935546875
448988,-0.5197155101757804,34.52552567293,0.4101903,poor,809.0669555664062
448998,-0.5197155101757804,34.60885897293,0.43803504,poor,832.6110229492188
449012,-0.5197155101757804,34.72552559293,0.3768558,poor,1640.51904296875
449013,-0.5197155101757804,34.73385892293,0.3920154,poor,1463.0828857421875
449014,-0.5197155101757804,34.74219225293,0.38676193,poor,1039.8143310546875
449023,-0.5197155101757804,34.81719222293,0.4220697,poor,911.481201171875
449024,-0.5197155101757804,34.82552555293,0.42051154,poor,1139.0362548828125
449025,-0.5197155101757804,34.83385888293,0.42659467,poor,871.2439575195312
449028,-0.5197155101757804,34.85885887293,0.3976898,poor,903.1923217773438
449029,-0.5197155101757804,34.86719220293,0.36689633,poor,905.5408325195312
449030,-0.5197155101757804,34.87552553293,0.34548634,poor,1270.3453369140625
449031,-0.5197155101757804,34.88385886293,0.34595415,poor,1237.1126708984375
449032,-0.5197155101757804,34.89219219293,0.34653255,poor,1058.482666015625
449033,-0.5197155101757804,34.90052552293,0.32990122,vulnerable,957.4672241210938
449034,-0.5197155101757804,34.90885885293,0.32379735,vulnerable,920.5780639648438
449035,-0.5197155101757804,34.91719218293,0.3212356,vulnerable,920.3732299804688
449036,-0.5197155101757804,34.92552551293,0.31832838,vulnerable,1045.1241455078125
449037,-0.5197155101757804,34.93385884293,0.32283255,vulnerable,1065.0401611328125
449038,-0.5197155101757804,34.94219217293,0.32884592,vulnerable,996.8333740234375
449042,-0.5197155101757804,34.97552549293,0.33274612,poor,823.464599609375
449044,-0.5197155101757804,34.99219215293,0.33899707,poor,881.138916015625
449047,-0.5197155101757804,35.01719214293,0.36391136,poor,844.2955322265625
449048,-0.5197155101757804,35.02552547293,0.36355588,poor,1153.2303466796875
449278,-0.5197155101757804,36.94219137293,0.30337048,vulnerable,800.1040649414062
449310,-0.5197155101757804,37.20885793293,0.34030777,poor,842.5708618164062
449316,-0.5197155101757804,37.25885791293,0.32976437,vulnerable,831.6614379882812
449317,-0.5197155101757804,37.26719124293,0.3258787,vulnerable,968.252685546875
449320,-0.5197155101757804,37.29219123293,0.29208553,vulnerable,991.766845703125
449339,-0.5197155101757804,37.45052450293,0.3060851,vulnerable,1263.6448974609375
449340,-0.5197155101757804,37.45885783293,0.33005148,poor,1956.612060546875
449341,-0.5197155101757804,37.46719116293,0.3451126,poor,883.96923828125
449828,-0.5280488401757806,34.44219237293,0.35943392,poor,1257.938720703125
449829,-0.5280488401757806,34.45052570293,0.29364744,vulnerable,5502.556640625
449830,-0.5280488401757806,34.45885903293,0.3505679,poor,3270.93896484375
449831,-0.5280488401757806,34.46719236293,0.3855542,poor,2106.49072265625
449832,-0.5280488401757806,34.47552569293,0.41663378,poor,1873.886474609375
449862,-0.5280488401757806,34.72552559293,0.37999862,poor,813.2294311523438
449863,-0.5280488401757806,34.73385892293,0.3944914,poor,900.3838500976562
449874,-0.5280488401757806,34.82552555293,0.41303137,poor,836.5777587890625
449876,-0.5280488401757806,34.84219221293,0.41876587,poor,1024.976318359375
449877,-0.5280488401757806,34.85052554293,0.4022208,poor,1020.1002807617188
449878,-0.5280488401757806,34.85885887293,0.3857987,poor,887.1058349609375
449880,-0.5280488401757806,34.87552553293,0.33007511,poor,895.0932006835938
449881,-0.5280488401757806,34.88385886293,0.34638885,poor,1187.691162109375
449882,-0.5280488401757806,34.89219219293,0.3453105,poor,964.7437744140625
449883,-0.5280488401757806,34.90052552293,0.3172045,vulnerable,826.6306762695312
449884,-0.5280488401757806,34.90885885293,0.31918848,vulnerable,910.8441162109375
449886,-0.5280488401757806,34.92552551293,0.31841245,vulnerable,1105.0703125
449887,-0.5280488401757806,34.93385884293,0.31617388,vulnerable,964.5988159179688
449888,-0.5280488401757806,34.94219217293,0.32335472,vulnerable,805.1990966796875
449893,-0.5280488401757806,34.98385882293,0.30440313,vulnerable,910.4313354492188
449894,-0.5280488401757806,34.99219215293,0.32144254,vulnerable,1136.32177734375
449896,-0.5280488401757806,35.00885881293,0.3386045,poor,1031.224609375
449897,-0.5280488401757806,35.01719214293,0.3403011,poor,1216.9794921875
449898,-0.5280488401757806,35.02552547293,0.33564946,poor,2112.921630859375
450127,-0.5280488401757806,36.93385804293,0.27077022,vulnerable,843.1235961914062
450171,-0.5280488401757806,37.30052456293,0.3004462,vulnerable,838.1663208007812
450177,-0.5280488401757806,37.350524542929996,0.3586362,poor,840.7612915039062
450188,-0.5280488401757806,37.44219117293,0.25187403,vulnerable,1057.401611328125
450189,-0.5280488401757806,37.45052450293,0.288299,vulnerable,3867.4208984375
450190,-0.5280488401757806,37.45885783293,0.3156994,vulnerable,3345.02392578125
450191,-0.5280488401757806,37.46719116293,0.3432889,poor,1606.74072265625
450644,-0.5363821701757807,34.15885915293,0.51161444,severely poor,1082.1082763671875
450645,-0.5363821701757807,34.16719248293,0.49553707,poor,2243.33740234375
450646,-0.5363821701757807,34.17552581293,0.49214742,poor,1182.510986328125
450677,-0.5363821701757807,34.43385904293,0.40240154,poor,935.8945922851562
450678,-0.5363821701757807,34.44219237293,0.3435744,poor,1019.532958984375
450679,-0.5363821701757807,34.45052570293,0.33120382,poor,3615.349609375
450680,-0.5363821701757807,34.45885903293,0.4053687,poor,2902.91943359375
450681,-0.5363821701757807,34.46719236293,0.4138141,poor,997.5810546875
450719,-0.5363821701757807,34.78385890293,0.36829197,poor,852.2650756835938
450720,-0.5363821701757807,34.79219223293,0.36432913,poor,943.9256591796875
450721,-0.5363821701757807,34.80052556293,0.37866795,poor,994.3973388671875
450722,-0.5363821701757807,34.80885889293,0.38565546,poor,870.7154541015625
450725,-0.5363821701757807,34.83385888293,0.39551336,poor,1152.0186767578125
450726,-0.5363821701757807,34.84219221293,0.37959963,poor,1020.0482788085938
450728,-0.5363821701757807,34.85885887293,0.3555474,poor,999.34033203125
450729,-0.5363821701757807,34.86719220293,0.34235725,poor,813.36328125
450731,-0.5363821701757807,34.88385886293,0.33239847,poor,804.660888671875
450733,-0.5363821701757807,34.90052552293,0.342005,poor,854.9666748046875
450734,-0.5363821701757807,34.90885885293,0.32895967,vulnerable,1269.7745361328125
450735,-0.5363821701757807,34.91719218293,0.3156765,vulnerable,953.0779418945312
450736,-0.5363821701757807,34.92552551293,0.32479715,vulnerable,1105.3614501953125
450737,-0.5363821701757807,34.93385884293,0.3279579,vulnerable,883.2721557617188
450744,-0.5363821701757807,34.99219215293,0.34106123,poor,800.0321044921875
450746,-0.5363821701757807,35.00885881293,0.35413235,poor,943.5120239257812
450747,-0.5363821701757807,35.01719214293,0.35090083,poor,1122.1602783203125
450748,-0.5363821701757807,35.02552547293,0.3631409,poor,1623.143798828125
450770,-0.5363821701757807,35.20885873293,0.38719812,poor,809.9244384765625
450775,-0.5363821701757807,35.25052538293,0.41153598,poor,892.84375
450861,-0.5363821701757807,35.96719176293,0.2485722,vulnerable,963.8819580078125
450932,-0.5363821701757807,36.558858192929996,0.20495278,vulnerable,1322.0169677734375
450933,-0.5363821701757807,36.56719152293,0.211703,vulnerable,893.0809326171875
450978,-0.5363821701757807,36.94219137293,0.24644542,vulnerable,844.8709716796875
451010,-0.5363821701757807,37.20885793293,0.33349645,poor,812.3463745117188
451019,-0.5363821701757807,37.28385790293,0.31063282,vulnerable,865.9468383789062
451037,-0.5363821701757807,37.433857842929996,0.3185035,vulnerable,826.1106567382812
451038,-0.5363821701757807,37.44219117293,0.16429497,non-poor,1459.24951171875
451039,-0.5363821701757807,37.45052450293,0.24325946,vulnerable,7830.30810546875
451040,-0.5363821701757807,37.45885783293,0.3022869,vulnerable,5394.5517578125
451041,-0.5363821701757807,37.46719116293,0.32916594,vulnerable,2513.157958984375
451042,-0.5363821701757807,37.47552449293,0.34881142,poor,955.9507446289062
451494,-0.5447155001757809,34.15885915293,0.53433853,severely poor,809.2471923828125
451495,-0.5447155001757809,34.16719248293,0.53017455,severely poor,1333.86767578125
451496,-0.5447155001757809,34.17552581293,0.5183897,severely poor,830.4057006835938
451516,-0.5447155001757809,34.34219241293,0.46432456,poor,821.3065185546875
451529,-0.5447155001757809,34.45052570293,0.3875774,poor,2028.6177978515625
451530,-0.5447155001757809,34.45885903293,0.39973745,poor,1574.16357421875
451568,-0.5447155001757809,34.77552557293,0.36058226,poor,1102.8145751953125
451569,-0.5447155001757809,34.78385890293,0.37054724,poor,1268.2789306640625
451570,-0.5447155001757809,34.79219223293,0.37389573,poor,890.8682250976562
451571,-0.5447155001757809,34.80052556293,0.37658435,poor,988.2656860351562
451572,-0.5447155001757809,34.80885889293,0.3780107,poor,1022.1361083984375
451573,-0.5447155001757809,34.81719222293,0.39624006,poor,807.1871948242188
451574,-0.5447155001757809,34.82552555293,0.40893546,poor,984.69384765625
451575,-0.5447155001757809,34.83385888293,0.3798614,poor,1382.47021484375
451576,-0.5447155001757809,34.84219221293,0.35643736,poor,1952.826904296875
451577,-0.5447155001757809,34.85052554293,0.34943742,poor,880.6763916015625
451578,-0.5447155001757809,34.85885887293,0.34403023,poor,805.2438354492188
451583,-0.5447155001757809,34.90052552293,0.34034604,poor,940.105224609375
451584,-0.5447155001757809,34.90885885293,0.3351181,poor,977.9161987304688
451585,-0.5447155001757809,34.91719218293,0.32556167,vulnerable,1541.795166015625
451586,-0.5447155001757809,34.92552551293,0.33187243,poor,1228.4814453125
451589,-0.5447155001757809,34.95052550293,0.34345213,poor,932.6148071289062
451590,-0.5447155001757809,34.95885883293,0.33597976,poor,938.5111083984375
451591,-0.5447155001757809,34.96719216293,0.32770845,vulnerable,1111.43798828125
451598,-0.5447155001757809,35.02552547293,0.36964023,poor,1228.168701171875
451625,-0.5447155001757809,35.25052538293,0.4005718,poor,831.361572265625
451781,-0.5447155001757809,36.55052486293,0.19671509,non-poor,989.5634155273438
451782,-0.5447155001757809,36.558858192929996,0.2019018,vulnerable,2784.233154296875
451783,-0.5447155001757809,36.56719152293,0.20885372,vulnerable,1089.83154296875
451824,-0.5447155001757809,36.90885805293,0.26297572,vulnerable,817.1151123046875
451827,-0.5447155001757809,36.93385804293,0.21453999,vulnerable,1331.5335693359375
451828,-0.5447155001757809,36.94219137293,0.2269317,vulnerable,2511.9169921875
451829,-0.5447155001757809,36.95052470293,0.23402023,vulnerable,904.9891967773438
451838,-0.5447155001757809,37.02552467293,0.266722,vulnerable,901.891357421875
451839,-0.5447155001757809,37.033858002929996,0.28748474,vulnerable,866.403076171875
451860,-0.5447155001757809,37.20885793293,0.3218039,vulnerable,824.1598510742188
451888,-0.5447155001757809,37.44219117293,0.2869692,vulnerable,1040.050537109375
451889,-0.5447155001757809,37.45052450293,0.27793655,vulnerable,4306.646484375
451890,-0.5447155001757809,37.45885783293,0.31014577,vulnerable,4591.78759765625
451891,-0.5447155001757809,37.46719116293,0.3372479,poor,2498.589111328125
451892,-0.5447155001757809,37.47552449293,0.34899202,poor,1031.9168701171875
452379,-0.5530488301757801,34.45052570293,0.4128329,poor,1405.9820556640625
452411,-0.5530488301757801,34.71719226293,0.38785225,poor,810.96142578125
452418,-0.5530488301757801,34.77552557293,0.3747085,poor,1093.90185546875
452419,-0.5530488301757801,34.78385890293,0.37048656,poor,1460.9136962890625
452420,-0.5530488301757801,34.79219223293,0.36639923,poor,1242.7860107421875
452421,-0.5530488301757801,34.80052556293,0.36487988,poor,851.7230834960938
452423,-0.5530488301757801,34.81719222293,0.39184058,poor,901.9771118164062
452424,-0.5530488301757801,34.82552555293,0.39765397,poor,1134.99609375
452425,-0.5530488301757801,34.83385888293,0.3678084,poor,1385.392333984375
452426,-0.5530488301757801,34.84219221293,0.3468488,poor,1121.8175048828125
452427,-0.5530488301757801,34.85052554293,0.34219256,poor,880.442138671875
452428,-0.5530488301757801,34.85885887293,0.32708928,vulnerable,930.7955322265625
452429,-0.5530488301757801,34.86719220293,0.30105227,vulnerable,822.3738403320312
452431,-0.5530488301757801,34.88385886293,0.31078017,vulnerable,840.301513671875
452433,-0.5530488301757801,34.90052552293,0.33475396,poor,935.2071533203125
452434,-0.5530488301757801,34.90885885293,0.31769717,vulnerable,1203.560791015625
452435,-0.5530488301757801,34.91719218293,0.32430783,vulnerable,1155.694091796875
452436,-0.5530488301757801,34.92552551293,0.31140232,vulnerable,2592.0390625
452437,-0.5530488301757801,34.93385884293,0.33693284,poor,1384.15234375
452438,-0.5530488301757801,34.94219217293,0.3432775,poor,1008.5370483398438
452439,-0.5530488301757801,34.95052550293,0.34287518,poor,1114.127197265625
452440,-0.5530488301757801,34.95885883293,0.3350599,poor,1092.510009765625
452441,-0.5530488301757801,34.96719216293,0.33283854,poor,1536.0518798828125
452442,-0.5530488301757801,34.97552549293,0.33855936,poor,1392.212158203125
452443,-0.5530488301757801,34.98385882293,0.34721386,poor,1406.028076171875
452445,-0.5530488301757801,35.00052548293,0.37179464,poor,931.4009399414062
452447,-0.5530488301757801,35.01719214293,0.3854685,poor,920.7940673828125
452448,-0.5530488301757801,35.02552547293,0.3840459,poor,839.58837890625
452631,-0.5530488301757801,36.55052486293,0.20876847,vulnerable,983.4065551757812
452632,-0.5530488301757801,36.558858192929996,0.20468092,vulnerable,901.3004150390625
452677,-0.5530488301757801,36.93385804293,0.22232175,vulnerable,1183.55126953125
452678,-0.5530488301757801,36.94219137293,0.21791273,vulnerable,1827.2027587890625
452679,-0.5530488301757801,36.95052470293,0.22875702,vulnerable,974.715087890625
452680,-0.5530488301757801,36.958858032929996,0.23668443,vulnerable,804.7803955078125
452689,-0.5530488301757801,37.033858002929996,0.26875576,vulnerable,951.1781005859375
452690,-0.5530488301757801,37.04219133293,0.29654995,vulnerable,905.8937377929688
452691,-0.5530488301757801,37.05052466293,0.30344677,vulnerable,1227.379150390625
452712,-0.5530488301757801,37.22552459293,0.37087473,poor,846.8983764648438
452713,-0.5530488301757801,37.23385792293,0.40239292,poor,1067.470703125
452714,-0.5530488301757801,37.24219125293,0.38324326,poor,842.828125
452729,-0.5530488301757801,37.36719120293,0.33190355,poor,948.4672241210938
452730,-0.5530488301757801,37.37552453293,0.3447329,poor,899.0799560546875
452733,-0.5530488301757801,37.40052452293,0.34723434,poor,807.0421142578125
452740,-0.5530488301757801,37.45885783293,0.35510817,poor,891.5684204101562
452741,-0.5530488301757801,37.46719116293,0.35660365,poor,1801.2677001953125
452742,-0.5530488301757801,37.47552449293,0.35768405,poor,1006.262451171875
453264,-0.5613821601757802,34.74219225293,0.38629666,poor,1028.7353515625
453265,-0.5613821601757802,34.75052558293,0.40763217,poor,822.1528930664062
453268,-0.5613821601757802,34.77552557293,0.38783684,poor,861.0015869140625
453269,-0.5613821601757802,34.78385890293,0.3682256,poor,1250.863525390625
453270,-0.5613821601757802,34.79219223293,0.36044422,poor,1098.580810546875
453271,-0.5613821601757802,34.80052556293,0.37011296,poor,985.2462768554688
453272,-0.5613821601757802,34.80885889293,0.37164894,poor,1024.364990234375
453273,-0.5613821601757802,34.81719222293,0.38533732,poor,1056.5133056640625
453274,-0.5613821601757802,34.82552555293,0.38378552,poor,978.2255249023438
453275,-0.5613821601757802,34.83385888293,0.36312425,poor,966.869873046875
453276,-0.5613821601757802,34.84219221293,0.3351227,poor,949.6856079101562
453277,-0.5613821601757802,34.85052554293,0.32278612,vulnerable,1007.6047973632812
453282,-0.5613821601757802,34.89219219293,0.31676495,vulnerable,998.3564453125
453283,-0.5613821601757802,34.90052552293,0.3289379,vulnerable,918.590087890625
453284,-0.5613821601757802,34.90885885293,0.31766033,vulnerable,1151.870849609375
453285,-0.5613821601757802,34.91719218293,0.3342338,poor,938.0921020507812
453286,-0.5613821601757802,34.92552551293,0.32257244,vulnerable,2158.952392578125
453287,-0.5613821601757802,34.93385884293,0.32616425,vulnerable,3210.809814453125
453288,-0.5613821601757802,34.94219217293,0.35391435,poor,1404.5115966796875
453289,-0.5613821601757802,34.95052550293,0.36574906,poor,1133.35595703125
453290,-0.5613821601757802,34.95885883293,0.35533148,poor,1364.2305908203125
453291,-0.5613821601757802,34.96719216293,0.33666617,poor,1924.38818359375
453292,-0.5613821601757802,34.97552549293,0.3384578,poor,2042.1875
453293,-0.5613821601757802,34.98385882293,0.36665878,poor,1127.9293212890625
453295,-0.5613821601757802,35.00052548293,0.3729862,poor,877.3434448242188
453296,-0.5613821601757802,35.00885881293,0.38662544,poor,830.2337646484375
453297,-0.5613821601757802,35.01719214293,0.39967892,poor,883.0477905273438
453298,-0.5613821601757802,35.02552547293,0.39763585,poor,912.7013549804688
453429,-0.5613821601757802,36.11719170293,0.35507783,poor,922.1282958984375
453528,-0.5613821601757802,36.94219137293,0.22770086,vulnerable,951.3521728515625
453529,-0.5613821601757802,36.95052470293,0.23473734,vulnerable,920.4014282226562
453540,-0.5613821601757802,37.04219133293,0.30199134,vulnerable,1309.688720703125
453541,-0.5613821601757802,37.05052466293,0.32830188,vulnerable,1650.3421630859375
453557,-0.5613821601757802,37.18385794293,0.27989405,vulnerable,931.8035278320312
453566,-0.5613821601757802,37.25885791293,0.34006515,poor,923.5255126953125
453568,-0.5613821601757802,37.275524572929996,0.31379342,vulnerable,941.9654541015625
453573,-0.5613821601757802,37.31719122293,0.32493111,vulnerable,1061.998291015625
453574,-0.5613821601757802,37.32552455293,0.3248633,vulnerable,1383.0711669921875
454102,-0.5697154901757804,34.64219229293,0.40513757,poor,904.6398315429688
454113,-0.5697154901757804,34.73385892293,0.39868724,poor,1004.6642456054688
454115,-0.5697154901757804,34.75052558293,0.41858265,poor,1015.3009033203125
454116,-0.5697154901757804,34.75885891293,0.42334718,poor,970.0144653320312
454117,-0.5697154901757804,34.76719224293,0.40328062,poor,890.8622436523438
454119,-0.5697154901757804,34.78385890293,0.36635903,poor,834.58837890625
454120,-0.5697154901757804,34.79219223293,0.3636296,poor,1129.8671875
454121,-0.5697154901757804,34.80052556293,0.3580692,poor,965.685302734375
454122,-0.5697154901757804,34.80885889293,0.37012243,poor,927.241455078125
454123,-0.5697154901757804,34.81719222293,0.37783304,poor,875.1383056640625
454125,-0.5697154901757804,34.83385888293,0.3336639,poor,1111.4927978515625
454126,-0.5697154901757804,34.84219221293,0.33408958,poor,993.6015625
454132,-0.5697154901757804,34.89219219293,0.32395515,vulnerable,815.7716674804688
454134,-0.5697154901757804,34.90885885293,0.32320425,vulnerable,908.0576782226562
454136,-0.5697154901757804,34.92552551293,0.34540412,poor,1058.6766357421875
454137,-0.5697154901757804,34.93385884293,0.34819117,poor,2084.424072265625
454138,-0.5697154901757804,34.94219217293,0.3706529,poor,1397.1287841796875
454139,-0.5697154901757804,34.95052550293,0.3840224,poor,831.8383178710938
454140,-0.5697154901757804,34.95885883293,0.36754462,poor,802.6947631835938
454141,-0.5697154901757804,34.96719216293,0.36369663,poor,1197.6744384765625
454142,-0.5697154901757804,34.97552549293,0.36924818,poor,1679.614501953125
454143,-0.5697154901757804,34.98385882293,0.37449104,poor,986.0463256835938
454145,-0.5697154901757804,35.00052548293,0.39227992,poor,971.9541015625
454146,-0.5697154901757804,35.00885881293,0.4046961,poor,1014.8402709960938
454148,-0.5697154901757804,35.02552547293,0.4192205,poor,825.273681640625
454168,-0.5697154901757804,35.19219207293,0.33504936,poor,894.6065063476562
454218,-0.5697154901757804,35.60885857293,0.52087915,severely poor,809.7816772460938
454423,-0.5697154901757804,37.31719122293,0.33187854,poor,1467.7984619140625
454424,-0.5697154901757804,37.32552455293,0.32598194,vulnerable,2590.364990234375
454962,-0.5780488201757805,34.72552559293,0.38333848,poor,814.3302001953125
454963,-0.5780488201757805,34.73385892293,0.4021543,poor,1633.947021484375
454964,-0.5780488201757805,34.74219225293,0.41053692,poor,953.7529296875
454965,-0.5780488201757805,34.75052558293,0.43030062,poor,861.7984008789062
454968,-0.5780488201757805,34.77552557293,0.3976807,poor,806.6989135742188
454969,-0.5780488201757805,34.78385890293,0.36047497,poor,1064.7607421875
454970,-0.5780488201757805,34.79219223293,0.35937133,poor,1299.8919677734375
454971,-0.5780488201757805,34.80052556293,0.35567608,poor,1803.302734375
454972,-0.5780488201757805,34.80885889293,0.3732845,poor,1005.9033813476562
454973,-0.5780488201757805,34.81719222293,0.36687654,poor,1161.0006103515625
454974,-0.5780488201757805,34.82552555293,0.35531762,poor,867.4979248046875
454981,-0.5780488201757805,34.88385886293,0.31378198,vulnerable,854.7246704101562
454982,-0.5780488201757805,34.89219219293,0.32560354,vulnerable,813.8944091796875
454983,-0.5780488201757805,34.90052552293,0.32985932,vulnerable,840.8674926757812
454985,-0.5780488201757805,34.91719218293,0.3332465,poor,974.2508544921875
454986,-0.5780488201757805,34.92552551293,0.34635457,poor,1142.276611328125
454987,-0.5780488201757805,34.93385884293,0.3586392,poor,1536.1866455078125
454988,-0.5780488201757805,34.94219217293,0.37261373,poor,1154.4339599609375
454991,-0.5780488201757805,34.96719216293,0.35549977,poor,814.7952880859375
454992,-0.5780488201757805,34.97552549293,0.35521182,poor,1460.9090576171875
454993,-0.5780488201757805,34.98385882293,0.3749541,poor,999.4915771484375
454996,-0.5780488201757805,35.00885881293,0.39147538,poor,982.6767578125
454997,-0.5780488201757805,35.01719214293,0.41175717,poor,866.7081298828125
454998,-0.5780488201757805,35.02552547293,0.42618883,poor,841.2177124023438
455017,-0.5780488201757805,35.18385874293,0.2668106,vulnerable,2722.194580078125
455018,-0.5780488201757805,35.19219207293,0.32140332,vulnerable,1748.344482421875
455241,-0.5780488201757805,37.05052466293,0.3351318,poor,831.6128540039062
455258,-0.5780488201757805,37.192191272929996,0.29034966,vulnerable,863.2168579101562
455273,-0.5780488201757805,37.31719122293,0.34246615,poor,905.96435546875
455274,-0.5780488201757805,37.32552455293,0.33784428,poor,1229.3260498046875
455812,-0.5863821501757807,34.72552559293,0.37901497,poor,1178.3623046875
455813,-0.5863821501757807,34.73385892293,0.38179782,poor,1387.0394287109375
455818,-0.5863821501757807,34.77552557293,0.39086026,poor,1045.9547119140625
455819,-0.5863821501757807,34.78385890293,0.37651366,poor,1256.513671875
455820,-0.5863821501757807,34.79219223293,0.3724281,poor,1004.8318481445312
455821,-0.5863821501757807,34.80052556293,0.36769158,poor,1073.6114501953125
455822,-0.5863821501757807,34.80885889293,0.36133528,poor,956.2764282226562
455823,-0.5863821501757807,34.81719222293,0.36223683,poor,1054.8687744140625
455837,-0.5863821501757807,34.93385884293,0.3820424,poor,979.8868408203125
455838,-0.5863821501757807,34.94219217293,0.37948665,poor,1321.82470703125
455839,-0.5863821501757807,34.95052550293,0.39553398,poor,1017.5936889648438
455840,-0.5863821501757807,34.95885883293,0.38744393,poor,980.818115234375
455841,-0.5863821501757807,34.96719216293,0.3848127,poor,854.8687744140625
455842,-0.5863821501757807,34.97552549293,0.37642252,poor,884.4636840820312
455846,-0.5863821501757807,35.00885881293,0.4094839,poor,980.6448364257812
455847,-0.5863821501757807,35.01719214293,0.4233398,poor,1307.6722412109375
455848,-0.5863821501757807,35.02552547293,0.43581712,poor,1053.5833740234375
455866,-0.5863821501757807,35.17552541293,0.3282954,vulnerable,893.3723754882812
455867,-0.5863821501757807,35.18385874293,0.30955592,vulnerable,1809.1864013671875
455868,-0.5863821501757807,35.19219207293,0.3264694,vulnerable,1622.2418212890625
456023,-0.5863821501757807,36.483858222929996,0.24326241,vulnerable,1070.184326171875
456024,-0.5863821501757807,36.49219155293,0.23891182,vulnerable,1529.803466796875
456645,-0.5947154801757808,34.58385898293,0.42880556,poor,1158.3349609375
456661,-0.5947154801757808,34.71719226293,0.40553707,poor,806.9896240234375
456662,-0.5947154801757808,34.72552559293,0.3896649,poor,1001.4627685546875
456663,-0.5947154801757808,34.73385892293,0.36951894,poor,1774.16357421875
456664,-0.5947154801757808,34.74219225293,0.37044477,poor,1386.866943359375
456665,-0.5947154801757808,34.75052558293,0.41427258,poor,871.1307373046875
456667,-0.5947154801757808,34.76719224293,0.4181185,poor,1086.0224609375
456668,-0.5947154801757808,34.77552557293,0.4004648,poor,1005.125244140625
456669,-0.5947154801757808,34.78385890293,0.37847412,poor,998.7386474609375
456670,-0.5947154801757808,34.79219223293,0.37557352,poor,1041.9652099609375
456671,-0.5947154801757808,34.80052556293,0.36662048,poor,800.761962890625
456672,-0.5947154801757808,34.80885889293,0.35523987,poor,974.9179077148438
456673,-0.5947154801757808,34.81719222293,0.34168914,poor,823.661865234375
456676,-0.5947154801757808,34.84219221293,0.3028072,vulnerable,820.7484741210938
456681,-0.5947154801757808,34.88385886293,0.32584894,vulnerable,907.16357421875
456683,-0.5947154801757808,34.90052552293,0.35115126,poor,806.482666015625
456685,-0.5947154801757808,34.91719218293,0.36425012,poor,1190.4471435546875
456686,-0.5947154801757808,34.92552551293,0.37050122,poor,912.1107177734375
456687,-0.5947154801757808,34.93385884293,0.3937324,poor,978.8663330078125
456689,-0.5947154801757808,34.95052550293,0.39022607,poor,1196.151123046875
456690,-0.5947154801757808,34.95885883293,0.39913747,poor,1797.68701171875
456691,-0.5947154801757808,34.96719216293,0.40258655,poor,1676.691162109375
456692,-0.5947154801757808,34.97552549293,0.40429282,poor,872.6030883789062
456697,-0.5947154801757808,35.01719214293,0.44333765,poor,845.9281616210938
456698,-0.5947154801757808,35.02552547293,0.45540935,poor,814.4824829101562
456723,-0.5947154801757808,35.23385872293,0.33627155,poor,815.8834228515625
456816,-0.5947154801757808,36.008858412929996,0.24030337,vulnerable,885.4658203125
456884,-0.5947154801757808,36.57552485293,0.19100784,non-poor,956.488525390625
456885,-0.5947154801757808,36.58385818293,0.19766814,non-poor,854.97216796875
456928,-0.5947154801757808,36.94219137293,0.21439774,vulnerable,875.4796752929688
456929,-0.5947154801757808,36.95052470293,0.23677292,vulnerable,877.936767578125
457481,-0.6030488101757809,34.46719236293,0.42261466,poor,802.8232421875
457494,-0.6030488101757809,34.57552565293,0.43420732,poor,962.1991577148438
457495,-0.6030488101757809,34.58385898293,0.43592954,poor,1152.279052734375
457511,-0.6030488101757809,34.71719226293,0.41658273,poor,1021.4198608398438
457512,-0.6030488101757809,34.72552559293,0.40848866,poor,880.5189208984375
457513,-0.6030488101757809,34.73385892293,0.4043656,poor,1106.0775146484375
457514,-0.6030488101757809,34.74219225293,0.3844225,poor,1263.2406005859375
457515,-0.6030488101757809,34.75052558293,0.39786863,poor,1190.09423828125
457516,-0.6030488101757809,34.75885891293,0.4026858,poor,844.9488525390625
457517,-0.6030488101757809,34.76719224293,0.41415456,poor,1053.0999755859375
457518,-0.6030488101757809,34.77552557293,0.40118432,poor,1021.1979370117188
457519,-0.6030488101757809,34.78385890293,0.38636637,poor,851.36279296875
457520,-0.6030488101757809,34.79219223293,0.38441128,poor,814.9491577148438
457521,-0.6030488101757809,34.80052556293,0.3671551,poor,807.5991821289062
457522,-0.6030488101757809,34.80885889293,0.36248323,poor,900.75244140625
457523,-0.6030488101757809,34.81719222293,0.3522562,poor,963.2092895507812
457525,-0.6030488101757809,34.83385888293,0.3065697,vulnerable,821.1761474609375
457526,-0.6030488101757809,34.84219221293,0.30427483,vulnerable,893.9314575195312
457527,-0.6030488101757809,34.85052554293,0.3094768,vulnerable,868.7711181640625
457530,-0.6030488101757809,34.87552553293,0.3330554,poor,800.5557861328125
457531,-0.6030488101757809,34.88385886293,0.34342244,poor,909.836181640625
457532,-0.6030488101757809,34.89219219293,0.35233608,poor,1099.4012451171875
457533,-0.6030488101757809,34.90052552293,0.37343052,poor,812.606201171875
457535,-0.6030488101757809,34.91719218293,0.3856427,poor,965.0620727539062
457536,-0.6030488101757809,34.92552551293,0.3966112,poor,1078.3062744140625
457539,-0.6030488101757809,34.95052550293,0.38780367,poor,1661.9169921875
457540,-0.6030488101757809,34.95885883293,0.38529116,poor,2642.510498046875
457541,-0.6030488101757809,34.96719216293,0.40184787,poor,1753.70751953125
457542,-0.6030488101757809,34.97552549293,0.40593916,poor,1322.706787109375
457543,-0.6030488101757809,34.98385882293,0.4040078,poor,1236.1065673828125
457544,-0.6030488101757809,34.99219215293,0.3993772,poor,861.5233764648438
457666,-0.6030488101757809,36.008858412929996,0.23837723,vulnerable,1521.8970947265625
457667,-0.6030488101757809,36.01719174293,0.252568,vulnerable,987.01953125
457733,-0.6030488101757809,36.56719152293,0.17582922,non-poor,915.395751953125
457734,-0.6030488101757809,36.57552485293,0.18612939,non-poor,2221.728759765625
457735,-0.6030488101757809,36.58385818293,0.19988915,non-poor,1128.1165771484375
457778,-0.6030488101757809,36.94219137293,0.21686833,vulnerable,868.5467529296875
457779,-0.6030488101757809,36.95052470293,0.23106836,vulnerable,1672.2529296875
457780,-0.6030488101757809,36.958858032929996,0.25670514,vulnerable,1192.9420166015625
458336,-0.6113821401757802,34.50885901293,0.4244259,poor,1001.709716796875
458361,-0.6113821401757802,34.71719226293,0.41789827,poor,938.89453125
458364,-0.6113821401757802,34.74219225293,0.38418987,poor,920.7545166015625
458365,-0.6113821401757802,34.75052558293,0.3804433,poor,1203.15869140625
458366,-0.6113821401757802,34.75885891293,0.39442697,poor,1204.027587890625
458367,-0.6113821401757802,34.76719224293,0.41795152,poor,903.2482299804688
458368,-0.6113821401757802,34.77552557293,0.41746002,poor,841.2661743164062
458371,-0.6113821401757802,34.80052556293,0.37855408,poor,955.3646240234375
458372,-0.6113821401757802,34.80885889293,0.35633674,poor,1048.1177978515625
458375,-0.6113821401757802,34.83385888293,0.30438772,vulnerable,960.122802734375
458376,-0.6113821401757802,34.84219221293,0.31125805,vulnerable,816.2640991210938
458378,-0.6113821401757802,34.85885887293,0.32887968,vulnerable,824.938232421875
458380,-0.6113821401757802,34.87552553293,0.34303865,poor,825.1007690429688
458381,-0.6113821401757802,34.88385886293,0.35659096,poor,1347.2362060546875
458382,-0.6113821401757802,34.89219219293,0.36881295,poor,1102.0526123046875
458386,-0.6113821401757802,34.92552551293,0.40196383,poor,921.6926879882812
458389,-0.6113821401757802,34.95052550293,0.3937681,poor,957.38671875
458390,-0.6113821401757802,34.95885883293,0.39461875,poor,871.1941528320312
458391,-0.6113821401757802,34.96719216293,0.39629328,poor,928.683349609375
458392,-0.6113821401757802,34.97552549293,0.39844257,poor,1096.7208251953125
458393,-0.6113821401757802,34.98385882293,0.39923024,poor,1003.870361328125
458397,-0.6113821401757802,35.01719214293,0.44061258,poor,1053.4249267578125
458398,-0.6113821401757802,35.02552547293,0.44111562,poor,1445.561279296875
458516,-0.6113821401757802,36.008858412929996,0.24005897,vulnerable,1033.16357421875
458517,-0.6113821401757802,36.01719174293,0.25258723,vulnerable,1161.2706298828125
458584,-0.6113821401757802,36.57552485293,0.19151327,non-poor,998.2708129882812
458585,-0.6113821401757802,36.58385818293,0.19060668,non-poor,1019.06298828125
458678,-0.6113821401757802,37.35885787293,0.349462,poor,917.7689208984375
458679,-0.6113821401757802,37.36719120293,0.35514757,poor,841.97509765625
459184,-0.6197154701757803,34.49219235293,0.3983689,poor,995.1710815429688
459185,-0.6197154701757803,34.50052568293,0.3920295,poor,2251.8759765625
459186,-0.6197154701757803,34.50885901293,0.42634377,poor,1161.2935791015625
459198,-0.6197154701757803,34.60885897293,0.44956386,poor,914.2494506835938
459199,-0.6197154701757803,34.61719230293,0.47069147,poor,1216.9864501953125
459209,-0.6197154701757803,34.70052560293,0.46826008,poor,851.3869018554688
459210,-0.6197154701757803,34.70885893293,0.44984433,poor,802.0545654296875
459215,-0.6197154701757803,34.75052558293,0.3403177,poor,2145.3798828125
459216,-0.6197154701757803,34.75885891293,0.37483478,poor,1363.738525390625
459217,-0.6197154701757803,34.76719224293,0.40420526,poor,912.4168090820312
459220,-0.6197154701757803,34.79219223293,0.39421675,poor,934.6640014648438
459221,-0.6197154701757803,34.80052556293,0.3783575,poor,907.0272216796875
459222,-0.6197154701757803,34.80885889293,0.34921443,poor,928.1024780273438
459225,-0.6197154701757803,34.83385888293,0.31166273,vulnerable,851.44775390625
459229,-0.6197154701757803,34.86719220293,0.3519696,poor,921.1189575195312
459230,-0.6197154701757803,34.87552553293,0.36321366,poor,849.3596801757812
459232,-0.6197154701757803,34.89219219293,0.3898531,poor,823.4295654296875
459233,-0.6197154701757803,34.90052552293,0.40234095,poor,886.318359375
459234,-0.6197154701757803,34.90885885293,0.4035456,poor,861.8760375976562
459237,-0.6197154701757803,34.93385884293,0.3912364,poor,812.7344970703125
459239,-0.6197154701757803,34.95052550293,0.3870065,poor,914.2665405273438
459242,-0.6197154701757803,34.97552549293,0.38954017,poor,971.0639038085938
459243,-0.6197154701757803,34.98385882293,0.39364585,poor,1061.9833984375
459244,-0.6197154701757803,34.99219215293,0.39328882,poor,866.0005493164062
459248,-0.6197154701757803,35.02552547293,0.4171668,poor,913.2835693359375
459277,-0.6197154701757803,35.26719204293,0.34697273,poor,939.3198852539062
459278,-0.6197154701757803,35.27552537293,0.34266904,poor,924.3357543945312
459515,-0.6197154701757803,37.25052458293,0.26675346,vulnerable,2644.80078125
459516,-0.6197154701757803,37.25885791293,0.292621,vulnerable,1149.8843994140625
459520,-0.6197154701757803,37.29219123293,0.38795766,poor,1033.6361083984375
459521,-0.6197154701757803,37.30052456293,0.4051051,poor,879.7352294921875
459528,-0.6197154701757803,37.35885787293,0.3431265,poor,1955.62353515625
459529,-0.6197154701757803,37.36719120293,0.35031673,poor,1794.515625
460034,-0.6280488001757805,34.49219235293,0.41957837,poor,1035.31640625
460035,-0.6280488001757805,34.50052568293,0.40924916,poor,1954.84375
460036,-0.6280488001757805,34.50885901293,0.4185753,poor,885.2356567382812
460055,-0.6280488001757805,34.66719228293,0.49113637,poor,1082.4609375
460059,-0.6280488001757805,34.70052560293,0.44006273,poor,996.9224853515625
460061,-0.6280488001757805,34.71719226293,0.41225055,poor,1026.54345703125
460065,-0.6280488001757805,34.75052558293,0.34768564,poor,1327.4302978515625
460066,-0.6280488001757805,34.75885891293,0.37162977,poor,1228.6612548828125
460069,-0.6280488001757805,34.78385890293,0.36903563,poor,965.1000366210938
460070,-0.6280488001757805,34.79219223293,0.37477842,poor,1196.2061767578125
460071,-0.6280488001757805,34.80052556293,0.35618165,poor,1094.0155029296875
460080,-0.6280488001757805,34.87552553293,0.37523842,poor,924.4588623046875
460081,-0.6280488001757805,34.88385886293,0.39818782,poor,992.4647827148438
460084,-0.6280488001757805,34.90885885293,0.41591442,poor,1045.3802490234375
460085,-0.6280488001757805,34.91719218293,0.39340886,poor,998.688232421875
460087,-0.6280488001757805,34.93385884293,0.37055892,poor,970.4946899414062
460088,-0.6280488001757805,34.94219217293,0.38438448,poor,1002.0440063476562
460089,-0.6280488001757805,34.95052550293,0.38163805,poor,835.2783813476562
460093,-0.6280488001757805,34.98385882293,0.377388,poor,986.9533081054688
460094,-0.6280488001757805,34.99219215293,0.3793547,poor,1044.49755859375
460095,-0.6280488001757805,35.00052548293,0.37600783,poor,865.0195922851562
460118,-0.6280488001757805,35.19219207293,0.30504003,vulnerable,1473.0499267578125
460127,-0.6280488001757805,35.26719204293,0.35865974,poor,963.7713012695312
460128,-0.6280488001757805,35.27552537293,0.36719078,poor,947.97216796875
460214,-0.6280488001757805,35.99219175293,0.23674493,vulnerable,812.0241088867188
460334,-0.6280488001757805,36.99219135293,0.31632614,vulnerable,822.8509521484375
460335,-0.6280488001757805,37.00052468293,0.34158856,poor,801.56591796875
460341,-0.6280488001757805,37.05052466293,0.4703051,poor,835.3565673828125
460365,-0.6280488001757805,37.25052458293,0.28969312,vulnerable,2367.357177734375
460366,-0.6280488001757805,37.25885791293,0.30799067,vulnerable,874.3311767578125
460907,-0.6363821301757806,34.68385894293,0.4518777,poor,916.658935546875
460908,-0.6363821301757806,34.69219227293,0.43265915,poor,874.0650024414062
460909,-0.6363821301757806,34.70052560293,0.4148348,poor,888.5377197265625
460910,-0.6363821301757806,34.70885893293,0.41581762,poor,984.0963134765625
460911,-0.6363821301757806,34.71719226293,0.40002915,poor,1121.0146484375
460912,-0.6363821301757806,34.72552559293,0.39101148,poor,1026.7564697265625
460913,-0.6363821301757806,34.73385892293,0.35278425,poor,1229.72998046875
460914,-0.6363821301757806,34.74219225293,0.33219138,poor,1225.5274658203125
460915,-0.6363821301757806,34.75052558293,0.3355887,poor,1487.9888916015625
460916,-0.6363821301757806,34.75885891293,0.3514897,poor,1193.746826171875
460917,-0.6363821301757806,34.76719224293,0.34417853,poor,1168.9683837890625
460918,-0.6363821301757806,34.77552557293,0.34474555,poor,1044.96826171875
460919,-0.6363821301757806,34.78385890293,0.346617,poor,1222.5517578125
460920,-0.6363821301757806,34.79219223293,0.3361853,poor,1472.7279052734375
460921,-0.6363821301757806,34.80052556293,0.34148613,poor,943.1099243164062
460922,-0.6363821301757806,34.80885889293,0.32947922,vulnerable,802.70654296875
460934,-0.6363821301757806,34.90885885293,0.40531105,poor,870.2724609375
460935,-0.6363821301757806,34.91719218293,0.40576938,poor,990.9107055664062
460936,-0.6363821301757806,34.92552551293,0.38187778,poor,803.6341552734375
460937,-0.6363821301757806,34.93385884293,0.37960845,poor,975.3765869140625
460938,-0.6363821301757806,34.94219217293,0.3731569,poor,1106.3963623046875
460939,-0.6363821301757806,34.95052550293,0.3652351,poor,1169.0133056640625
460941,-0.6363821301757806,34.96719216293,0.37716752,poor,889.1632690429688
460968,-0.6363821301757806,35.19219207293,0.3397907,poor,825.1559448242188
461176,-0.6363821301757806,36.92552471293,0.26563781,vulnerable,1015.4260864257812
461179,-0.6363821301757806,36.95052470293,0.23598108,vulnerable,911.656494140625
461223,-0.6363821301757806,37.31719122293,0.39719766,poor,1366.6671142578125
461224,-0.6363821301757806,37.32552455293,0.39625308,poor,883.7127075195312
461228,-0.6363821301757806,37.35885787293,0.34695002,poor,1232.350830078125
461759,-0.6447154601757807,34.70052560293,0.4117034,poor,1185.6514892578125
461760,-0.6447154601757807,34.70885893293,0.38262054,poor,1358.777099609375
461761,-0.6447154601757807,34.71719226293,0.3622042,poor,1032.01171875
461762,-0.6447154601757807,34.72552559293,0.35968098,poor,1148.8402099609375
461763,-0.6447154601757807,34.73385892293,0.3452307,poor,1174.0501708984375
461764,-0.6447154601757807,34.74219225293,0.30741194,vulnerable,2254.279052734375
461765,-0.6447154601757807,34.75052558293,0.30282447,vulnerable,2838.9443359375
461766,-0.6447154601757807,34.75885891293,0.31951624,vulnerable,1883.8623046875
461767,-0.6447154601757807,34.76719224293,0.33495522,poor,1418.6268310546875
461768,-0.6447154601757807,34.77552557293,0.34720427,poor,1411.111083984375
461769,-0.6447154601757807,34.78385890293,0.3511339,poor,1641.55908203125
461770,-0.6447154601757807,34.79219223293,0.3337686,poor,1441.1068115234375
461771,-0.6447154601757807,34.80052556293,0.33325052,poor,857.1437377929688
461772,-0.6447154601757807,34.80885889293,0.3155305,vulnerable,925.426025390625
461773,-0.6447154601757807,34.81719222293,0.31626517,vulnerable,996.3399658203125
461774,-0.6447154601757807,34.82552555293,0.3348929,poor,804.1220703125
461779,-0.6447154601757807,34.86719220293,0.4011917,poor,855.6998901367188
461780,-0.6447154601757807,34.87552553293,0.41987666,poor,801.2664184570312
461785,-0.6447154601757807,34.91719218293,0.39271793,poor,1038.9228515625
461786,-0.6447154601757807,34.92552551293,0.38870275,poor,1118.679931640625
461787,-0.6447154601757807,34.93385884293,0.3750774,poor,929.0554809570312
461788,-0.6447154601757807,34.94219217293,0.36939526,poor,865.2756958007812
461789,-0.6447154601757807,34.95052550293,0.36210328,poor,1132.8193359375
461790,-0.6447154601757807,34.95885883293,0.35473153,poor,817.505859375
461791,-0.6447154601757807,34.96719216293,0.36343592,poor,1110.42333984375
461792,-0.6447154601757807,34.97552549293,0.35107613,poor,1177.1878662109375
462073,-0.6447154601757807,37.31719122293,0.38809964,poor,1534.1634521484375
462081,-0.6447154601757807,37.38385786293,0.39774248,poor,812.689697265625
462110,-0.6447154601757807,37.62552443293,0.39534846,poor,837.1865844726562
462604,-0.6530487901757809,34.65885895293,0.4451747,poor,806.9296875
462605,-0.6530487901757809,34.66719228293,0.4443673,poor,927.824462890625
462610,-0.6530487901757809,34.70885893293,0.38913646,poor,879.7896118164062
462611,-0.6530487901757809,34.71719226293,0.36701295,poor,998.4013061523438
462612,-0.6530487901757809,34.72552559293,0.3570761,poor,1065.6556396484375
462613,-0.6530487901757809,34.73385892293,0.32614654,vulnerable,1391.954345703125
462614,-0.6530487901757809,34.74219225293,0.291791,vulnerable,1994.568603515625
462615,-0.6530487901757809,34.75052558293,0.31329146,vulnerable,3174.638916015625
462616,-0.6530487901757809,34.75885891293,0.30799374,vulnerable,2720.59033203125
462617,-0.6530487901757809,34.76719224293,0.31559354,vulnerable,1958.448974609375
462618,-0.6530487901757809,34.77552557293,0.32363495,vulnerable,1698.58740234375
462619,-0.6530487901757809,34.78385890293,0.33474907,poor,1561.1824951171875
462620,-0.6530487901757809,34.79219223293,0.33253247,poor,1569.78173828125
462621,-0.6530487901757809,34.80052556293,0.31938103,vulnerable,1179.4212646484375
462626,-0.6530487901757809,34.84219221293,0.36263418,poor,903.9970703125
462627,-0.6530487901757809,34.85052554293,0.38286656,poor,1058.2557373046875
462629,-0.6530487901757809,34.86719220293,0.38586643,poor,877.5677490234375
462630,-0.6530487901757809,34.87552553293,0.38911703,poor,1008.7232666015625
462631,-0.6530487901757809,34.88385886293,0.40824896,poor,882.0783081054688
462635,-0.6530487901757809,34.91719218293,0.39236107,poor,895.0388793945312
462636,-0.6530487901757809,34.92552551293,0.3789391,poor,866.5541381835938
462637,-0.6530487901757809,34.93385884293,0.37836233,poor,830.62255859375
462638,-0.6530487901757809,34.94219217293,0.3598719,poor,988.1910400390625
462639,-0.6530487901757809,34.95052550293,0.3523197,poor,1097.595947265625
462641,-0.6530487901757809,34.96719216293,0.3494786,poor,941.2664184570312
462642,-0.6530487901757809,34.97552549293,0.35285527,poor,1149.52294921875
462644,-0.6530487901757809,34.99219215293,0.35736445,poor,944.0508422851562
462645,-0.6530487901757809,35.00052548293,0.34159276,poor,951.2180786132812
462928,-0.6530487901757809,37.35885787293,0.3563318,poor,863.37109375
463453,-0.6613821201757801,34.65052562293,0.44992048,poor,819.4937133789062
463455,-0.6613821201757801,34.66719228293,0.43503827,poor,1017.37353515625
463456,-0.6613821201757801,34.67552561293,0.4300775,poor,829.3386840820312
463458,-0.6613821201757801,34.69219227293,0.3958534,poor,904.878662109375
463459,-0.6613821201757801,34.70052560293,0.38344198,poor,943.660400390625
463460,-0.6613821201757801,34.70885893293,0.36994386,poor,1172.9520263671875
463461,-0.6613821201757801,34.71719226293,0.3497646,poor,1331.9862060546875
463462,-0.6613821201757801,34.72552559293,0.35280436,poor,1415.6556396484375
463463,-0.6613821201757801,34.73385892293,0.32456023,vulnerable,1516.8741455078125
463464,-0.6613821201757801,34.74219225293,0.29615644,vulnerable,2188.762451171875
463465,-0.6613821201757801,34.75052558293,0.25830135,vulnerable,4031.91064453125
463466,-0.6613821201757801,34.75885891293,0.24665926,vulnerable,4949.0166015625
463467,-0.6613821201757801,34.76719224293,0.28085098,vulnerable,4067.752197265625
463468,-0.6613821201757801,34.77552557293,0.30571985,vulnerable,2815.763427734375
463469,-0.6613821201757801,34.78385890293,0.32105103,vulnerable,2325.901611328125
463470,-0.6613821201757801,34.79219223293,0.31616384,vulnerable,1740.9820556640625
463471,-0.6613821201757801,34.80052556293,0.33033887,poor,1489.0958251953125
463472,-0.6613821201757801,34.80885889293,0.3263184,vulnerable,1028.7305908203125
463476,-0.6613821201757801,34.84219221293,0.36277205,poor,1158.556396484375
463477,-0.6613821201757801,34.85052554293,0.3774909,poor,1096.955078125
463479,-0.6613821201757801,34.86719220293,0.38419378,poor,886.9164428710938
463480,-0.6613821201757801,34.87552553293,0.38577303,poor,1052.74267578125
463484,-0.6613821201757801,34.90885885293,0.389239,poor,854.4373168945312
463485,-0.6613821201757801,34.91719218293,0.38120702,poor,911.2866821289062
463486,-0.6613821201757801,34.92552551293,0.36911806,poor,948.9750366210938
463488,-0.6613821201757801,34.94219217293,0.3562846,poor,973.3536987304688
463489,-0.6613821201757801,34.95052550293,0.35267866,poor,877.0060424804688
463490,-0.6613821201757801,34.95885883293,0.34787413,poor,965.1305541992188
463491,-0.6613821201757801,34.96719216293,0.36040276,poor,962.2542724609375
463492,-0.6613821201757801,34.97552549293,0.36167035,poor,1098.2694091796875
463494,-0.6613821201757801,34.99219215293,0.35654816,poor,1016.001220703125
463495,-0.6613821201757801,35.00052548293,0.3535879,poor,853.4638061523438
463496,-0.6613821201757801,35.00885881293,0.34346348,poor,1091.8729248046875
463760,-0.6613821201757801,37.20885793293,0.28797278,vulnerable,1228.395751953125
463770,-0.6613821201757801,37.29219123293,0.39766666,poor,968.741943359375
463773,-0.6613821201757801,37.31719122293,0.37309992,poor,1200.8656005859375
463774,-0.6613821201757801,37.32552455293,0.36463112,poor,894.1378784179688
463775,-0.6613821201757801,37.33385788293,0.35846356,poor,942.7206420898438
463776,-0.6613821201757801,37.34219121293,0.35265225,poor,1287.555419921875
463777,-0.6613821201757801,37.350524542929996,0.34173918,poor,1091.2674560546875
463778,-0.6613821201757801,37.35885787293,0.3590962,poor,817.0023193359375
463782,-0.6613821201757801,37.39219119293,0.4194756,poor,899.803955078125
463783,-0.6613821201757801,37.40052452293,0.44458804,poor,1160.67529296875
464307,-0.6697154501757803,34.68385894293,0.39959785,poor,980.24658203125
464308,-0.6697154501757803,34.69219227293,0.35994825,poor,1247.4425048828125
464309,-0.6697154501757803,34.70052560293,0.3510344,poor,1883.34619140625
464310,-0.6697154501757803,34.70885893293,0.35540035,poor,2063.785400390625
464311,-0.6697154501757803,34.71719226293,0.36675775,poor,2081.1533203125
464312,-0.6697154501757803,34.72552559293,0.36650646,poor,1513.2427978515625
464313,-0.6697154501757803,34.73385892293,0.35055423,poor,1549.938720703125
464314,-0.6697154501757803,34.74219225293,0.32728127,vulnerable,1271.0291748046875
464315,-0.6697154501757803,34.75052558293,0.30775207,vulnerable,2747.767822265625
464316,-0.6697154501757803,34.75885891293,0.16038625,non-poor,4518.2470703125
464317,-0.6697154501757803,34.76719224293,0.16582285,non-poor,6606.8427734375
464318,-0.6697154501757803,34.77552557293,0.284607,vulnerable,5050.76513671875
464319,-0.6697154501757803,34.78385890293,0.30682003,vulnerable,3110.86279296875
464320,-0.6697154501757803,34.79219223293,0.31569633,vulnerable,2159.254638671875
464321,-0.6697154501757803,34.80052556293,0.3161046,vulnerable,1456.8662109375
464322,-0.6697154501757803,34.80885889293,0.31256407,vulnerable,1809.0225830078125
464323,-0.6697154501757803,34.81719222293,0.32715204,vulnerable,1139.82666015625
464324,-0.6697154501757803,34.82552555293,0.3371289,poor,826.5833740234375
464326,-0.6697154501757803,34.84219221293,0.3747936,poor,1066.9178466796875
464327,-0.6697154501757803,34.85052554293,0.37033454,poor,866.6712646484375
464328,-0.6697154501757803,34.85885887293,0.3766516,poor,825.220458984375
464329,-0.6697154501757803,34.86719220293,0.37065005,poor,1335.5343017578125
464330,-0.6697154501757803,34.87552553293,0.3725769,poor,924.5787353515625
464334,-0.6697154501757803,34.90885885293,0.367881,poor,1127.33251953125
464335,-0.6697154501757803,34.91719218293,0.3721932,poor,849.310791015625
464341,-0.6697154501757803,34.96719216293,0.328726,vulnerable,1084.866943359375
464342,-0.6697154501757803,34.97552549293,0.37236255,poor,1263.5703125
464343,-0.6697154501757803,34.98385882293,0.37031174,poor,1142.241943359375
464344,-0.6697154501757803,34.99219215293,0.3730144,poor,1114.04443359375
464345,-0.6697154501757803,35.00052548293,0.3537433,poor,904.8990478515625
464346,-0.6697154501757803,35.00885881293,0.35015404,poor,1016.2570190429688
464361,-0.6697154501757803,35.13385876293,0.3221369,vulnerable,1200.7667236328125
464362,-0.6697154501757803,35.14219209293,0.34748206,poor,823.0460205078125
464383,-0.6697154501757803,35.31719202293,0.34655914,poor,883.96826171875
464511,-0.6697154501757803,36.38385826293,0.2358805,vulnerable,1616.255859375
464531,-0.6697154501757803,36.55052486293,0.27387115,vulnerable,821.817138671875
464582,-0.6697154501757803,36.97552469293,0.26180187,vulnerable,967.9364013671875
464609,-0.6697154501757803,37.20052460293,0.29008877,vulnerable,1059.3968505859375
464610,-0.6697154501757803,37.20885793293,0.29040718,vulnerable,1424.8831787109375
464614,-0.6697154501757803,37.24219125293,0.3065677,vulnerable,1070.2489013671875
464625,-0.6697154501757803,37.33385788293,0.35672092,poor,977.2557373046875
464626,-0.6697154501757803,37.34219121293,0.33776417,poor,1878.2103271484375
464627,-0.6697154501757803,37.350524542929996,0.33866426,poor,1366.7076416015625
464628,-0.6697154501757803,37.35885787293,0.35899213,poor,1434.652587890625
464630,-0.6697154501757803,37.37552453293,0.39304358,poor,1031.7030029296875
464631,-0.6697154501757803,37.38385786293,0.41110504,poor,827.33740234375
464635,-0.6697154501757803,37.41719118293,0.46814907,poor,877.4749145507812
465155,-0.6780487801757804,34.66719228293,0.4266958,poor,1168.1983642578125
465156,-0.6780487801757804,34.67552561293,0.41796455,poor,1184.598388671875
465157,-0.6780487801757804,34.68385894293,0.40956917,poor,967.1742553710938
465158,-0.6780487801757804,34.69219227293,0.37473547,poor,1089.28662109375
465159,-0.6780487801757804,34.70052560293,0.34239578,poor,3277.291015625
465160,-0.6780487801757804,34.70885893293,0.31913835,vulnerable,3897.06396484375
465161,-0.6780487801757804,34.71719226293,0.3589122,poor,2390.223388671875
465162,-0.6780487801757804,34.72552559293,0.37437415,poor,1693.8070068359375
465163,-0.6780487801757804,34.73385892293,0.34911364,poor,1162.0877685546875
465164,-0.6780487801757804,34.74219225293,0.32195956,vulnerable,979.5216674804688
465165,-0.6780487801757804,34.75052558293,0.30691427,vulnerable,1733.845703125
465166,-0.6780487801757804,34.75885891293,0.27885857,vulnerable,2687.5771484375
465167,-0.6780487801757804,34.76719224293,0.2282388,vulnerable,3223.04150390625
465168,-0.6780487801757804,34.77552557293,0.23666508,vulnerable,5013.927734375
465169,-0.6780487801757804,34.78385890293,0.28647223,vulnerable,3144.843505859375
465170,-0.6780487801757804,34.79219223293,0.30794382,vulnerable,1810.2156982421875
465171,-0.6780487801757804,34.80052556293,0.3070816,vulnerable,1044.86083984375
465172,-0.6780487801757804,34.80885889293,0.31407568,vulnerable,1243.77001953125
465173,-0.6780487801757804,34.81719222293,0.31570125,vulnerable,1788.98779296875
465174,-0.6780487801757804,34.82552555293,0.3405067,poor,1261.39208984375
465176,-0.6780487801757804,34.84219221293,0.3710187,poor,1038.2918701171875
465177,-0.6780487801757804,34.85052554293,0.37742352,poor,985.9959716796875
465178,-0.6780487801757804,34.85885887293,0.37708423,poor,812.5116577148438
465179,-0.6780487801757804,34.86719220293,0.36764076,poor,850.8914184570312
465180,-0.6780487801757804,34.87552553293,0.37434417,poor,854.1572265625
465183,-0.6780487801757804,34.90052552293,0.3798655,poor,830.8433227539062
465184,-0.6780487801757804,34.90885885293,0.37431514,poor,953.262451171875
465185,-0.6780487801757804,34.91719218293,0.37393877,poor,837.3312377929688
465188,-0.6780487801757804,34.94219217293,0.35672173,poor,824.0186157226562
465189,-0.6780487801757804,34.95052550293,0.35561368,poor,807.11181640625
465194,-0.6780487801757804,34.99219215293,0.37357527,poor,1326.4556884765625
465195,-0.6780487801757804,35.00052548293,0.35285747,poor,870.4495239257812
465196,-0.6780487801757804,35.00885881293,0.35420316,poor,850.3392333984375
465208,-0.6780487801757804,35.10885877293,0.3380308,poor,950.0420532226562
465211,-0.6780487801757804,35.13385876293,0.32437962,vulnerable,1519.0810546875
465212,-0.6780487801757804,35.14219209293,0.34431875,poor,920.715087890625
465367,-0.6780487801757804,36.43385824293,0.18998927,non-poor,1119.490966796875
465429,-0.6780487801757804,36.95052470293,0.2419504,vulnerable,923.09619140625
465430,-0.6780487801757804,36.958858032929996,0.24766286,vulnerable,1246.4422607421875
465431,-0.6780487801757804,36.96719136293,0.25335026,vulnerable,807.364990234375
465475,-0.6780487801757804,37.33385788293,0.34770426,poor,863.62109375
465476,-0.6780487801757804,37.34219121293,0.30949903,vulnerable,1414.5921630859375
465477,-0.6780487801757804,37.350524542929996,0.29214555,vulnerable,5370.009765625
465478,-0.6780487801757804,37.35885787293,0.3225456,vulnerable,3503.9794921875
465480,-0.6780487801757804,37.37552453293,0.3913465,poor,936.3470458984375
465481,-0.6780487801757804,37.38385786293,0.41057718,poor,973.759521484375
465938,-0.6863821101757805,34.10885917293,0.5926614,severely poor,887.7520141601562
466005,-0.6863821101757805,34.66719228293,0.42094922,poor,865.8470458984375
466007,-0.6863821101757805,34.68385894293,0.40531337,poor,998.698486328125
466008,-0.6863821101757805,34.69219227293,0.38864994,poor,1158.891357421875
466009,-0.6863821101757805,34.70052560293,0.3960808,poor,1621.3592529296875
466010,-0.6863821101757805,34.70885893293,0.3871523,poor,1448.1387939453125
466011,-0.6863821101757805,34.71719226293,0.3729623,poor,1493.5146484375
466012,-0.6863821101757805,34.72552559293,0.37291884,poor,1608.9183349609375
466013,-0.6863821101757805,34.73385892293,0.3596201,poor,1139.4215087890625
466014,-0.6863821101757805,34.74219225293,0.34550563,poor,1156.241943359375
466015,-0.6863821101757805,34.75052558293,0.32256895,vulnerable,1236.8826904296875
466016,-0.6863821101757805,34.75885891293,0.30280435,vulnerable,1199.586181640625
466017,-0.6863821101757805,34.76719224293,0.2707159,vulnerable,4001.58154296875
466018,-0.6863821101757805,34.77552557293,0.2368017,vulnerable,6462.5458984375
466019,-0.6863821101757805,34.78385890293,0.28597382,vulnerable,2384.8154296875
466020,-0.6863821101757805,34.79219223293,0.297436,vulnerable,1134.6597900390625
466021,-0.6863821101757805,34.80052556293,0.3090792,vulnerable,1190.1343994140625
466022,-0.6863821101757805,34.80885889293,0.3188954,vulnerable,1094.279052734375
466023,-0.6863821101757805,34.81719222293,0.33188418,poor,1030.40380859375
466024,-0.6863821101757805,34.82552555293,0.34194526,poor,850.1630859375
466026,-0.6863821101757805,34.84219221293,0.36200905,poor,923.261962890625
466027,-0.6863821101757805,34.85052554293,0.35976613,poor,922.6444702148438
466029,-0.6863821101757805,34.86719220293,0.3584126,poor,813.607421875
466035,-0.6863821101757805,34.91719218293,0.36676255,poor,990.8792114257812
466044,-0.6863821101757805,34.99219215293,0.39481682,poor,1255.780029296875
466053,-0.6863821101757805,35.06719212293,0.34013057,poor,875.3554077148438
466057,-0.6863821101757805,35.10052544293,0.31439337,vulnerable,991.1656494140625
466058,-0.6863821101757805,35.10885877293,0.2996493,vulnerable,2626.301025390625
466059,-0.6863821101757805,35.11719210293,0.34145766,poor,898.5879516601562
466215,-0.6863821101757805,36.41719158293,0.19150901,non-poor,811.7838745117188
466239,-0.6863821101757805,36.61719150293,0.17963482,non-poor,839.2076416015625
466280,-0.6863821101757805,36.958858032929996,0.2452082,vulnerable,1609.1319580078125
466281,-0.6863821101757805,36.96719136293,0.24286991,vulnerable,1727.9429931640625
466282,-0.6863821101757805,36.97552469293,0.24801421,vulnerable,1100.299072265625
466325,-0.6863821101757805,37.33385788293,0.3427523,poor,935.96826171875
466326,-0.6863821101757805,37.34219121293,0.31823507,vulnerable,2141.576171875
466327,-0.6863821101757805,37.350524542929996,0.3343637,poor,3565.95947265625
466328,-0.6863821101757805,37.35885787293,0.33626094,poor,4013.59619140625
466329,-0.6863821101757805,37.36719120293,0.3796387,poor,1412.4410400390625
466841,-0.6947154401757807,34.55052566293,0.4373241,poor,970.4832153320312
466857,-0.6947154401757807,34.68385894293,0.41362,poor,1327.595703125
466858,-0.6947154401757807,34.69219227293,0.4115855,poor,1105.256591796875
466859,-0.6947154401757807,34.70052560293,0.39811566,poor,1046.69970703125
466860,-0.6947154401757807,34.70885893293,0.40505782,poor,1361.5208740234375
466861,-0.6947154401757807,34.71719226293,0.39914855,poor,1040.4393310546875
466862,-0.6947154401757807,34.72552559293,0.3854979,poor,1190.3277587890625
466863,-0.6947154401757807,34.73385892293,0.3808776,poor,1295.886474609375
466864,-0.6947154401757807,34.74219225293,0.35122597,poor,1117.0838623046875
466866,-0.6947154401757807,34.75885891293,0.31054673,vulnerable,906.8777465820312
466867,-0.6947154401757807,34.76719224293,0.2956412,vulnerable,3322.55224609375
466868,-0.6947154401757807,34.77552557293,0.28651577,vulnerable,3682.985107421875
466869,-0.6947154401757807,34.78385890293,0.31699085,vulnerable,1580.875
466870,-0.6947154401757807,34.79219223293,0.29610705,vulnerable,918.3253784179688
466871,-0.6947154401757807,34.80052556293,0.29968065,vulnerable,876.5326538085938
466872,-0.6947154401757807,34.80885889293,0.3265414,vulnerable,833.7572631835938
466873,-0.6947154401757807,34.81719222293,0.32279947,vulnerable,1018.9398803710938
466882,-0.6947154401757807,34.89219219293,0.35915723,poor,884.1807250976562
466883,-0.6947154401757807,34.90052552293,0.3546478,poor,1042.822265625
466884,-0.6947154401757807,34.90885885293,0.3631087,poor,1097.521240234375
466885,-0.6947154401757807,34.91719218293,0.3534637,poor,1186.6239013671875
466890,-0.6947154401757807,34.95885883293,0.39071688,poor,815.3978881835938
466891,-0.6947154401757807,34.96719216293,0.3942403,poor,906.6458740234375
466894,-0.6947154401757807,34.99219215293,0.40374258,poor,892.35400390625
466903,-0.6947154401757807,35.06719212293,0.3502973,poor,896.9814453125
466907,-0.6947154401757807,35.10052544293,0.35450655,poor,883.3412475585938
466908,-0.6947154401757807,35.10885877293,0.3446487,poor,1473.5482177734375
467065,-0.6947154401757807,36.41719158293,0.14073648,non-poor,1215.8427734375
467066,-0.6947154401757807,36.42552491293,0.122915015,non-poor,989.5504150390625
467132,-0.6947154401757807,36.97552469293,0.26287684,vulnerable,1014.7268676757812
467133,-0.6947154401757807,36.98385802293,0.26761454,vulnerable,867.1511840820312
467175,-0.6947154401757807,37.33385788293,0.35067263,poor,917.5228271484375
467176,-0.6947154401757807,37.34219121293,0.3549769,poor,1319.0885009765625
467179,-0.6947154401757807,37.36719120293,0.3975295,poor,813.650390625
467633,-0.7030487701757808,34.06719252293,0.59842813,severely poor,832.0133056640625
467691,-0.7030487701757808,34.55052566293,0.43697962,poor,816.0384521484375
467707,-0.7030487701757808,34.68385894293,0.41952142,poor,900.24072265625
467710,-0.7030487701757808,34.70885893293,0.4247213,poor,838.10205078125
467713,-0.7030487701757808,34.73385892293,0.37102488,poor,1079.4735107421875
467714,-0.7030487701757808,34.74219225293,0.35784632,poor,1147.941162109375
467716,-0.7030487701757808,34.75885891293,0.3220149,vulnerable,1041.9388427734375
467717,-0.7030487701757808,34.76719224293,0.31399968,vulnerable,2252.54052734375
467718,-0.7030487701757808,34.77552557293,0.31586322,vulnerable,2087.255615234375
467719,-0.7030487701757808,34.78385890293,0.31636256,vulnerable,1122.0576171875
467720,-0.7030487701757808,34.79219223293,0.3068991,vulnerable,950.76513671875
467721,-0.7030487701757808,34.80052556293,0.3055412,vulnerable,900.4434204101562
467722,-0.7030487701757808,34.80885889293,0.31285575,vulnerable,1042.114990234375
467723,-0.7030487701757808,34.81719222293,0.3094546,vulnerable,1015.7720947265625
467726,-0.7030487701757808,34.84219221293,0.34722483,poor,819.7590942382812
467729,-0.7030487701757808,34.86719220293,0.34125778,poor,831.9188232421875
467732,-0.7030487701757808,34.89219219293,0.35669157,poor,822.2120971679688
467733,-0.7030487701757808,34.90052552293,0.35668147,poor,1142.19287109375
467734,-0.7030487701757808,34.90885885293,0.36356637,poor,1241.0745849609375
467735,-0.7030487701757808,34.91719218293,0.35934567,poor,1049.9443359375
467736,-0.7030487701757808,34.92552551293,0.36773077,poor,846.4653930664062
467744,-0.7030487701757808,34.99219215293,0.3909521,poor,943.689453125
467788,-0.7030487701757808,35.35885867293,0.36960235,poor,894.4285888671875
467914,-0.7030487701757808,36.40885825293,0.23130259,vulnerable,1126.7235107421875
467915,-0.7030487701757808,36.41719158293,0.19728279,non-poor,908.9396362304688
467916,-0.7030487701757808,36.42552491293,0.17710508,non-poor,3053.479248046875
467917,-0.7030487701757808,36.43385824293,0.1464045,non-poor,2050.675537109375
467918,-0.7030487701757808,36.44219157293,0.1811001,non-poor,1536.0604248046875
467922,-0.7030487701757808,36.47552489293,0.21343032,vulnerable,1178.2213134765625
467923,-0.7030487701757808,36.483858222929996,0.20614348,vulnerable,919.0914306640625
467981,-0.7030487701757808,36.96719136293,0.2457713,vulnerable,805.3326416015625
468554,-0.7113821001757801,34.65885895293,0.42354372,poor,1052.989990234375
468555,-0.7113821001757801,34.66719228293,0.4336818,poor,931.990966796875
468556,-0.7113821001757801,34.67552561293,0.426147,poor,988.0001831054688
468557,-0.7113821001757801,34.68385894293,0.43238768,poor,876.5191040039062
468561,-0.7113821001757801,34.71719226293,0.41635406,poor,936.7329711914062
468562,-0.7113821001757801,34.72552559293,0.4059782,poor,952.58203125
468563,-0.7113821001757801,34.73385892293,0.37404993,poor,1064.443115234375
468564,-0.7113821001757801,34.74219225293,0.36480266,poor,827.5521240234375
468567,-0.7113821001757801,34.76719224293,0.32124,vulnerable,903.6353759765625
468568,-0.7113821001757801,34.77552557293,0.3150094,vulnerable,893.5187377929688
468569,-0.7113821001757801,34.78385890293,0.30316788,vulnerable,865.4480590820312
468570,-0.7113821001757801,34.79219223293,0.30488327,vulnerable,812.708740234375
468576,-0.7113821001757801,34.84219221293,0.33810776,poor,1033.2266845703125
468577,-0.7113821001757801,34.85052554293,0.33140197,poor,896.9788818359375
468579,-0.7113821001757801,34.86719220293,0.352353,poor,971.6593017578125
468580,-0.7113821001757801,34.87552553293,0.35810006,poor,895.5631103515625
468593,-0.7113821001757801,34.98385882293,0.3998541,poor,913.6095581054688
468594,-0.7113821001757801,34.99219215293,0.37580955,poor,944.953369140625
468595,-0.7113821001757801,35.00052548293,0.35966763,poor,979.0040283203125
468764,-0.7113821001757801,36.40885825293,0.23182769,vulnerable,810.4129028320312
468765,-0.7113821001757801,36.41719158293,0.19884455,non-poor,823.0657348632812
468766,-0.7113821001757801,36.42552491293,0.12883194,non-poor,3196.468994140625
468767,-0.7113821001757801,36.43385824293,0.17383914,non-poor,5039.74267578125
468768,-0.7113821001757801,36.44219157293,0.20552188,vulnerable,1931.9683837890625
468832,-0.7113821001757801,36.97552469293,0.2516463,vulnerable,834.823486328125
468833,-0.7113821001757801,36.98385802293,0.257462,vulnerable,895.4448852539062
468834,-0.7113821001757801,36.99219135293,0.25676557,vulnerable,836.1874389648438
468840,-0.7113821001757801,37.04219133293,0.25045693,vulnerable,963.6512451171875
468852,-0.7113821001757801,37.14219129293,0.2328079,vulnerable,930.756103515625
468853,-0.7113821001757801,37.15052462293,0.24346823,vulnerable,1521.351806640625
468854,-0.7113821001757801,37.15885795293,0.27145052,vulnerable,1029.15380859375
469332,-0.7197154301757802,34.05885919293,0.5959193,severely poor,1612.076416015625
469403,-0.7197154301757802,34.65052562293,0.42134714,poor,1152.8643798828125
469404,-0.7197154301757802,34.65885895293,0.41214967,poor,932.6304931640625
469405,-0.7197154301757802,34.66719228293,0.4332859,poor,859.9306030273438
469406,-0.7197154301757802,34.67552561293,0.4281491,poor,879.8348388671875
469407,-0.7197154301757802,34.68385894293,0.43925905,poor,1017.4581909179688
469411,-0.7197154301757802,34.71719226293,0.4513537,poor,824.0137939453125
469412,-0.7197154301757802,34.72552559293,0.4180961,poor,997.6502075195312
469415,-0.7197154301757802,34.75052558293,0.36005688,poor,895.0399169921875
469418,-0.7197154301757802,34.77552557293,0.3036795,vulnerable,919.7653198242188
469419,-0.7197154301757802,34.78385890293,0.30469647,vulnerable,976.0855712890625
469422,-0.7197154301757802,34.80885889293,0.3278058,vulnerable,846.60107421875
469423,-0.7197154301757802,34.81719222293,0.33538383,poor,945.5863037109375
469424,-0.7197154301757802,34.82552555293,0.34131223,poor,1030.4686279296875
469425,-0.7197154301757802,34.83385888293,0.33308515,poor,1309.099609375
469426,-0.7197154301757802,34.84219221293,0.34092852,poor,1155.53759765625
469427,-0.7197154301757802,34.85052554293,0.34834182,poor,1256.7442626953125
469428,-0.7197154301757802,34.85885887293,0.3495415,poor,1016.3008422851562
469430,-0.7197154301757802,34.87552553293,0.3544507,poor,825.4801025390625
469431,-0.7197154301757802,34.88385886293,0.36022937,poor,842.9722290039062
469436,-0.7197154301757802,34.92552551293,0.39841235,poor,918.0316162109375
469616,-0.7197154301757802,36.42552491293,0.17587881,non-poor,2170.9140625
469617,-0.7197154301757802,36.43385824293,0.17024317,non-poor,3574.413818359375
469618,-0.7197154301757802,36.44219157293,0.18113664,non-poor,4327.5498046875
469619,-0.7197154301757802,36.45052490293,0.21796794,vulnerable,1184.156494140625
469621,-0.7197154301757802,36.46719156293,0.20535477,vulnerable,1049.4984130859375
469622,-0.7197154301757802,36.47552489293,0.21758877,vulnerable,978.927734375
469623,-0.7197154301757802,36.483858222929996,0.22822626,vulnerable,1104.902099609375
469643,-0.7197154301757802,36.65052482293,0.17832421,non-poor,953.7142944335938
469644,-0.7197154301757802,36.65885815293,0.17955425,non-poor,1730.1744384765625
469681,-0.7197154301757802,36.96719136293,0.28417712,vulnerable,847.474365234375
469694,-0.7197154301757802,37.07552465293,0.27991536,vulnerable,871.2449951171875
469700,-0.7197154301757802,37.12552463293,0.26077202,vulnerable,1025.7379150390625
469701,-0.7197154301757802,37.13385796293,0.2459647,vulnerable,920.7088012695312
469702,-0.7197154301757802,37.14219129293,0.23718722,vulnerable,1559.232177734375
469703,-0.7197154301757802,37.15052462293,0.24834454,vulnerable,2802.9599609375
469704,-0.7197154301757802,37.15885795293,0.25181842,vulnerable,4291.90869140625
469705,-0.7197154301757802,37.16719128293,0.29993707,vulnerable,1581.787353515625
469706,-0.7197154301757802,37.17552461293,0.3281298,vulnerable,867.547119140625
470218,-0.7280487601757804,34.35885907293,0.49719474,poor,1288.3358154296875
470219,-0.7280487601757804,34.36719240293,0.50786793,severely poor,1644.5836181640625
470254,-0.7280487601757804,34.65885895293,0.42300123,poor,813.6072998046875
470255,-0.7280487601757804,34.66719228293,0.43306053,poor,1023.61181640625
470256,-0.7280487601757804,34.67552561293,0.42786622,poor,1060.5888671875
470257,-0.7280487601757804,34.68385894293,0.44665614,poor,888.4859619140625
470258,-0.7280487601757804,34.69219227293,0.4636935,poor,976.0856323242188
470262,-0.7280487601757804,34.72552559293,0.43952936,poor,801.0447998046875
470263,-0.7280487601757804,34.73385892293,0.4069214,poor,945.3654174804688
470265,-0.7280487601757804,34.75052558293,0.36008105,poor,849.3024291992188
470268,-0.7280487601757804,34.77552557293,0.31764233,vulnerable,876.3916015625
470269,-0.7280487601757804,34.78385890293,0.3243608,vulnerable,804.99365234375
470272,-0.7280487601757804,34.80885889293,0.33802032,poor,871.2088012695312
470275,-0.7280487601757804,34.83385888293,0.33757004,poor,909.4256591796875
470276,-0.7280487601757804,34.84219221293,0.32840326,vulnerable,1846.713134765625
470277,-0.7280487601757804,34.85052554293,0.3322081,poor,1187.5723876953125
470278,-0.7280487601757804,34.85885887293,0.33817926,poor,1302.0244140625
470279,-0.7280487601757804,34.86719220293,0.3473187,poor,1034.3214111328125
470280,-0.7280487601757804,34.87552553293,0.35227486,poor,1149.5494384765625
470281,-0.7280487601757804,34.88385886293,0.35531232,poor,1260.108154296875
470282,-0.7280487601757804,34.89219219293,0.36895263,poor,880.2172241210938
470286,-0.7280487601757804,34.92552551293,0.4095933,poor,852.528564453125
470288,-0.7280487601757804,34.94219217293,0.42808598,poor,964.8339233398438
470336,-0.7280487601757804,35.34219201293,0.32512835,vulnerable,953.9444580078125
470337,-0.7280487601757804,35.35052534293,0.34953496,poor,857.8470458984375
470465,-0.7280487601757804,36.41719158293,0.22722079,vulnerable,1105.9560546875
470466,-0.7280487601757804,36.42552491293,0.19625361,non-poor,3160.881103515625
470467,-0.7280487601757804,36.43385824293,0.18599649,non-poor,1833.3406982421875
470468,-0.7280487601757804,36.44219157293,0.18154576,non-poor,3134.903076171875
470469,-0.7280487601757804,36.45052490293,0.2150346,vulnerable,2251.546142578125
470471,-0.7280487601757804,36.46719156293,0.213353,vulnerable,831.0206298828125
470493,-0.7280487601757804,36.65052482293,0.17598465,non-poor,1069.9190673828125
470494,-0.7280487601757804,36.65885815293,0.18737197,non-poor,1397.587158203125
470526,-0.7280487601757804,36.92552471293,0.31352377,vulnerable,1244.671875
470535,-0.7280487601757804,37.00052468293,0.3130478,vulnerable,862.503662109375
470552,-0.7280487601757804,37.14219129293,0.2508543,vulnerable,1431.2725830078125
470553,-0.7280487601757804,37.15052462293,0.25513467,vulnerable,3346.139404296875
470554,-0.7280487601757804,37.15885795293,0.28969136,vulnerable,2857.193603515625
470555,-0.7280487601757804,37.16719128293,0.31733122,vulnerable,1864.5540771484375
470556,-0.7280487601757804,37.17552461293,0.33591628,poor,1074.3656005859375
470574,-0.7280487601757804,37.32552455293,0.35835165,poor,1091.7664794921875
470575,-0.7280487601757804,37.33385788293,0.37880462,poor,1108.658447265625
471096,-0.7363820901757805,34.59219231293,0.41652998,poor,1316.7010498046875
471097,-0.7363820901757805,34.60052564293,0.42184997,poor,1022.7521362304688
471100,-0.7363820901757805,34.62552563293,0.41135195,poor,871.4907836914062
471103,-0.7363820901757805,34.65052562293,0.39470172,poor,1105.2291259765625
471104,-0.7363820901757805,34.65885895293,0.38648012,poor,1011.1942138671875
471105,-0.7363820901757805,34.66719228293,0.4005434,poor,1195.294921875
471106,-0.7363820901757805,34.67552561293,0.41656822,poor,1173.0159912109375
471107,-0.7363820901757805,34.68385894293,0.42881662,poor,1307.0361328125
471108,-0.7363820901757805,34.69219227293,0.44600603,poor,1021.12890625
471113,-0.7363820901757805,34.73385892293,0.40985325,poor,915.7498779296875
471116,-0.7363820901757805,34.75885891293,0.35093072,poor,819.5806274414062
471117,-0.7363820901757805,34.76719224293,0.32712603,vulnerable,990.71826171875
471118,-0.7363820901757805,34.77552557293,0.32715914,vulnerable,1057.2916259765625
471119,-0.7363820901757805,34.78385890293,0.33681375,poor,995.9461669921875
471120,-0.7363820901757805,34.79219223293,0.34118402,poor,968.4160766601562
471121,-0.7363820901757805,34.80052556293,0.34532347,poor,878.8684692382812
471125,-0.7363820901757805,34.83385888293,0.3490066,poor,830.6857299804688
471126,-0.7363820901757805,34.84219221293,0.3369801,poor,1685.656982421875
471127,-0.7363820901757805,34.85052554293,0.35174453,poor,1423.5911865234375
471128,-0.7363820901757805,34.85885887293,0.34674528,poor,1337.6898193359375
471129,-0.7363820901757805,34.86719220293,0.34320426,poor,939.2103271484375
471131,-0.7363820901757805,34.88385886293,0.35536364,poor,933.9828491210938
471132,-0.7363820901757805,34.89219219293,0.3613341,poor,1105.54296875
471133,-0.7363820901757805,34.90052552293,0.37234637,poor,1013.5989990234375
471134,-0.7363820901757805,34.90885885293,0.3679579,poor,864.5869750976562
471135,-0.7363820901757805,34.91719218293,0.37756807,poor,844.0003051757812
471137,-0.7363820901757805,34.93385884293,0.40703967,poor,956.445068359375
471138,-0.7363820901757805,34.94219217293,0.41316065,poor,1009.19775390625
471188,-0.7363820901757805,35.35885867293,0.37709793,poor,895.7959594726562
471316,-0.7363820901757805,36.42552491293,0.23064938,vulnerable,902.2763671875
471317,-0.7363820901757805,36.43385824293,0.22330655,vulnerable,1099.5406494140625
471318,-0.7363820901757805,36.44219157293,0.21752994,vulnerable,1595.0419921875
471319,-0.7363820901757805,36.45052490293,0.21565886,vulnerable,1642.3935546875
471320,-0.7363820901757805,36.45885823293,0.2202647,vulnerable,818.3303833007812
471402,-0.7363820901757805,37.14219129293,0.28551346,vulnerable,1056.20556640625
471403,-0.7363820901757805,37.15052462293,0.284248,vulnerable,1542.1549072265625
471404,-0.7363820901757805,37.15885795293,0.30058512,vulnerable,1488.7264404296875
471405,-0.7363820901757805,37.16719128293,0.31069294,vulnerable,918.7484741210938
471424,-0.7363820901757805,37.32552455293,0.3662192,poor,962.7280883789062
471425,-0.7363820901757805,37.33385788293,0.38675767,poor,1100.652099609375
471946,-0.7447154201757806,34.59219231293,0.39999315,poor,2206.988525390625
471947,-0.7447154201757806,34.60052564293,0.3960179,poor,1900.1123046875
471948,-0.7447154201757806,34.60885897293,0.41368702,poor,1500.5377197265625
471950,-0.7447154201757806,34.62552563293,0.41789642,poor,916.7967529296875
471951,-0.7447154201757806,34.63385896293,0.40387815,poor,1010.0206909179688
471952,-0.7447154201757806,34.64219229293,0.39263648,poor,949.325927734375
471953,-0.7447154201757806,34.65052562293,0.38453996,poor,812.2422485351562
471954,-0.7447154201757806,34.65885895293,0.35159242,poor,1321.2686767578125
471955,-0.7447154201757806,34.66719228293,0.3752866,poor,1933.3187255859375
471956,-0.7447154201757806,34.67552561293,0.40174967,poor,1160.1280517578125
471957,-0.7447154201757806,34.68385894293,0.408887,poor,1209.145751953125
471958,-0.7447154201757806,34.69219227293,0.43216112,poor,909.96533203125
471959,-0.7447154201757806,34.70052560293,0.43591896,poor,901.5052490234375
471963,-0.7447154201757806,34.73385892293,0.40733513,poor,898.1488037109375
471967,-0.7447154201757806,34.76719224293,0.3356537,poor,1019.7154541015625
471968,-0.7447154201757806,34.77552557293,0.3388877,poor,1336.8453369140625
471969,-0.7447154201757806,34.78385890293,0.3404614,poor,1018.3535766601562
471978,-0.7447154201757806,34.85885887293,0.3617932,poor,835.7450561523438
471981,-0.7447154201757806,34.88385886293,0.3583103,poor,1128.4063720703125
471982,-0.7447154201757806,34.89219219293,0.35687152,poor,931.1290893554688
471984,-0.7447154201757806,34.90885885293,0.36319515,poor,947.178466796875
471985,-0.7447154201757806,34.91719218293,0.36559287,poor,885.2154541015625
471987,-0.7447154201757806,34.93385884293,0.3822419,poor,913.5107421875
471988,-0.7447154201757806,34.94219217293,0.3882591,poor,842.5667724609375
471989,-0.7447154201757806,34.95052550293,0.4045308,poor,834.7669677734375
471990,-0.7447154201757806,34.95885883293,0.40174332,poor,802.8374633789062
471991,-0.7447154201757806,34.96719216293,0.37374827,poor,926.9480590820312
472038,-0.7447154201757806,35.35885867293,0.37251344,poor,1565.92919921875
472168,-0.7447154201757806,36.44219157293,0.22435431,vulnerable,895.1824340820312
472170,-0.7447154201757806,36.45885823293,0.21571392,vulnerable,906.9702758789062
472232,-0.7447154201757806,36.97552469293,0.34157294,poor,804.7612915039062
472235,-0.7447154201757806,37.00052468293,0.35462946,poor,1089.385498046875
472236,-0.7447154201757806,37.00885801293,0.35868374,poor,938.8141479492188
472255,-0.7447154201757806,37.16719128293,0.30891818,vulnerable,1069.843017578125
472281,-0.7447154201757806,37.38385786293,0.46924675,poor,967.7449951171875
472796,-0.7530487501757808,34.59219231293,0.34803954,poor,3185.1328125
472797,-0.7530487501757808,34.60052564293,0.37972412,poor,3556.90185546875
472798,-0.7530487501757808,34.60885897293,0.41410097,poor,1791.3914794921875
472801,-0.7530487501757808,34.63385896293,0.40662605,poor,1017.9507446289062
472802,-0.7530487501757808,34.64219229293,0.4112993,poor,1105.1075439453125
472803,-0.7530487501757808,34.65052562293,0.40862042,poor,1219.4786376953125
472804,-0.7530487501757808,34.65885895293,0.38562822,poor,1592.844482421875
472805,-0.7530487501757808,34.66719228293,0.38660765,poor,1405.6717529296875
472806,-0.7530487501757808,34.67552561293,0.396889,poor,1093.1148681640625
472807,-0.7530487501757808,34.68385894293,0.39999095,poor,1108.216796875
472808,-0.7530487501757808,34.69219227293,0.40859923,poor,856.15380859375
472809,-0.7530487501757808,34.70052560293,0.40729567,poor,964.2640380859375
472810,-0.7530487501757808,34.70885893293,0.42455527,poor,806.4816284179688
472811,-0.7530487501757808,34.71719226293,0.41902238,poor,860.0440673828125
472814,-0.7530487501757808,34.74219225293,0.37372822,poor,840.1396484375
472815,-0.7530487501757808,34.75052558293,0.3704609,poor,873.9847412109375
472816,-0.7530487501757808,34.75885891293,0.3523495,poor,1009.5333251953125
472817,-0.7530487501757808,34.76719224293,0.3431938,poor,1117.0032958984375
472818,-0.7530487501757808,34.77552557293,0.33347473,poor,1935.5123291015625
472819,-0.7530487501757808,34.78385890293,0.3650948,poor,1036.2108154296875
472829,-0.7530487501757808,34.86719220293,0.39010257,poor,872.8867797851562
472830,-0.7530487501757808,34.87552553293,0.38243032,poor,1054.976318359375
472831,-0.7530487501757808,34.88385886293,0.37595442,poor,1200.9522705078125
472834,-0.7530487501757808,34.90885885293,0.3430458,poor,1177.81591796875
472835,-0.7530487501757808,34.91719218293,0.36079025,poor,939.7537841796875
472836,-0.7530487501757808,34.92552551293,0.37576795,poor,920.2401123046875
472837,-0.7530487501757808,34.93385884293,0.37093955,poor,915.2389526367188
472838,-0.7530487501757808,34.94219217293,0.38061142,poor,941.1727905273438
472839,-0.7530487501757808,34.95052550293,0.38218024,poor,891.756103515625
472840,-0.7530487501757808,34.95885883293,0.38059014,poor,849.3119506835938
473017,-0.7530487501757808,36.43385824293,0.20716538,vulnerable,1070.401123046875
473118,-0.7530487501757808,37.275524572929996,0.31401682,vulnerable,2329.44482421875
473119,-0.7530487501757808,37.28385790293,0.3514018,poor,842.6387329101562
473585,-0.7613820801757809,34.08385918293,0.60002327,severely poor,966.7589111328125
473618,-0.7613820801757809,34.35885907293,0.5211708,severely poor,975.6072387695312
473645,-0.7613820801757809,34.58385898293,0.43753734,poor,888.7163696289062
473646,-0.7613820801757809,34.59219231293,0.40947348,poor,1283.4896240234375
473647,-0.7613820801757809,34.60052564293,0.41332373,poor,1425.93994140625
473648,-0.7613820801757809,34.60885897293,0.406855,poor,816.5059814453125
473651,-0.7613820801757809,34.63385896293,0.42134514,poor,1398.833740234375
473652,-0.7613820801757809,34.64219229293,0.41863492,poor,1431.4554443359375
473653,-0.7613820801757809,34.65052562293,0.42081764,poor,1389.0428466796875
473654,-0.7613820801757809,34.65885895293,0.41183358,poor,906.3522338867188
473656,-0.7613820801757809,34.67552561293,0.3956669,poor,885.1702880859375
473657,-0.7613820801757809,34.68385894293,0.3850256,poor,1198.898193359375
473658,-0.7613820801757809,34.69219227293,0.38946688,poor,906.8101806640625
473659,-0.7613820801757809,34.70052560293,0.39639327,poor,927.68603515625
473660,-0.7613820801757809,34.70885893293,0.40940455,poor,981.2681274414062
473661,-0.7613820801757809,34.71719226293,0.40171486,poor,1161.2991943359375
473662,-0.7613820801757809,34.72552559293,0.39635193,poor,820.1687622070312
473665,-0.7613820801757809,34.75052558293,0.36062762,poor,988.99609375
473666,-0.7613820801757809,34.75885891293,0.35780334,poor,1388.4666748046875
473667,-0.7613820801757809,34.76719224293,0.35338876,poor,1105.210693359375
473668,-0.7613820801757809,34.77552557293,0.3569214,poor,1296.107177734375
473669,-0.7613820801757809,34.78385890293,0.36992362,poor,907.0863037109375
473670,-0.7613820801757809,34.79219223293,0.36909294,poor,838.1775512695312
473671,-0.7613820801757809,34.80052556293,0.36009353,poor,848.6958618164062
473678,-0.7613820801757809,34.85885887293,0.40463987,poor,800.16650390625
473679,-0.7613820801757809,34.86719220293,0.40457943,poor,1068.0196533203125
473680,-0.7613820801757809,34.87552553293,0.40073258,poor,952.7393798828125
473681,-0.7613820801757809,34.88385886293,0.39888793,poor,1033.3787841796875
473682,-0.7613820801757809,34.89219219293,0.3811127,poor,923.4058227539062
473684,-0.7613820801757809,34.90885885293,0.37623093,poor,1077.5042724609375
473685,-0.7613820801757809,34.91719218293,0.37646562,poor,1019.1688232421875
473686,-0.7613820801757809,34.92552551293,0.37758788,poor,1287.567626953125
473687,-0.7613820801757809,34.93385884293,0.36250535,poor,1561.6475830078125
473688,-0.7613820801757809,34.94219217293,0.36042047,poor,2016.84033203125
473689,-0.7613820801757809,34.95052550293,0.36699253,poor,1394.41015625
473690,-0.7613820801757809,34.95885883293,0.35850525,poor,1323.1871337890625
473691,-0.7613820801757809,34.96719216293,0.35802662,poor,1109.2127685546875
473696,-0.7613820801757809,35.00885881293,0.33921632,poor,1001.693115234375
473866,-0.7613820801757809,36.42552491293,0.19389552,non-poor,2037.08642578125
473867,-0.7613820801757809,36.43385824293,0.19534548,non-poor,1714.893310546875
473868,-0.7613820801757809,36.44219157293,0.2228215,vulnerable,1217.4117431640625
473968,-0.7613820801757809,37.275524572929996,0.34605157,poor,1595.442138671875
474500,-0.7697154101757802,34.62552563293,0.41769218,poor,871.6322631835938
474501,-0.7697154101757802,34.63385896293,0.41789865,poor,1008.58056640625
474502,-0.7697154101757802,34.64219229293,0.4401141,poor,1028.255615234375
474503,-0.7697154101757802,34.65052562293,0.43172398,poor,960.7095947265625
474505,-0.7697154101757802,34.66719228293,0.40628368,poor,811.3587646484375
474506,-0.7697154101757802,34.67552561293,0.40128046,poor,931.1284790039062
474507,-0.7697154101757802,34.68385894293,0.38297865,poor,1073.087158203125
474509,-0.7697154101757802,34.70052560293,0.39137527,poor,950.4368286132812
474510,-0.7697154101757802,34.70885893293,0.3930328,poor,1052.1109619140625
474511,-0.7697154101757802,34.71719226293,0.3826482,poor,1018.1116943359375
474512,-0.7697154101757802,34.72552559293,0.3982453,poor,829.6561889648438
474515,-0.7697154101757802,34.75052558293,0.3771375,poor,859.5635986328125
474516,-0.7697154101757802,34.75885891293,0.3732191,poor,1118.9852294921875
474517,-0.7697154101757802,34.76719224293,0.3610726,poor,1029.951904296875
474518,-0.7697154101757802,34.77552557293,0.37839115,poor,814.785888671875
474519,-0.7697154101757802,34.78385890293,0.36536536,poor,1021.4230346679688
474520,-0.7697154101757802,34.79219223293,0.3663283,poor,952.8552856445312
474527,-0.7697154101757802,34.85052554293,0.43825966,poor,808.44287109375
474529,-0.7697154101757802,34.86719220293,0.42838508,poor,815.6354370117188
474530,-0.7697154101757802,34.87552553293,0.41794592,poor,955.6698608398438
474531,-0.7697154101757802,34.88385886293,0.41003394,poor,1038.9276123046875
474532,-0.7697154101757802,34.89219219293,0.40448996,poor,831.045166015625
474533,-0.7697154101757802,34.90052552293,0.39853027,poor,892.2800903320312
474534,-0.7697154101757802,34.90885885293,0.39866158,poor,834.2073974609375
474535,-0.7697154101757802,34.91719218293,0.3912649,poor,971.0108642578125
474536,-0.7697154101757802,34.92552551293,0.38259676,poor,1159.707763671875
474537,-0.7697154101757802,34.93385884293,0.34661168,poor,1369.8876953125
474538,-0.7697154101757802,34.94219217293,0.32810256,vulnerable,3124.885498046875
474539,-0.7697154101757802,34.95052550293,0.3556157,poor,2234.412109375
474540,-0.7697154101757802,34.95885883293,0.3600424,poor,1980.4400634765625
474541,-0.7697154101757802,34.96719216293,0.3566793,poor,1593.243408203125
474585,-0.7697154101757802,35.33385868293,0.33143067,poor,1136.8265380859375
474586,-0.7697154101757802,35.34219201293,0.34940684,poor,1109.78662109375
474715,-0.7697154101757802,36.41719158293,0.16899,non-poor,1090.9583740234375
474716,-0.7697154101757802,36.42552491293,0.02127647,non-poor,3790.352783203125
474717,-0.7697154101757802,36.43385824293,0.010319458,non-poor,2410.956298828125
474718,-0.7697154101757802,36.44219157293,0.13924797,non-poor,975.994873046875
475351,-0.7780487401757803,34.64219229293,0.44920066,poor,948.1828002929688
475352,-0.7780487401757803,34.65052562293,0.45294127,poor,971.35205078125
475358,-0.7780487401757803,34.70052560293,0.39194036,poor,945.1702270507812
475359,-0.7780487401757803,34.70885893293,0.3960208,poor,943.3671264648438
475360,-0.7780487401757803,34.71719226293,0.398097,poor,970.7218627929688
475361,-0.7780487401757803,34.72552559293,0.38910475,poor,1110.0430908203125
475362,-0.7780487401757803,34.73385892293,0.38502985,poor,894.693603515625
475363,-0.7780487401757803,34.74219225293,0.3812402,poor,832.0030517578125
475364,-0.7780487401757803,34.75052558293,0.37318343,poor,810.6742553710938
475365,-0.7780487401757803,34.75885891293,0.38874745,poor,915.5997314453125
475366,-0.7780487401757803,34.76719224293,0.3879318,poor,934.5187377929688
475367,-0.7780487401757803,34.77552557293,0.37239993,poor,891.0020751953125
475368,-0.7780487401757803,34.78385890293,0.37922433,poor,871.5208740234375
475372,-0.7780487401757803,34.81719222293,0.37537327,poor,807.8114013671875
475373,-0.7780487401757803,34.82552555293,0.38548136,poor,938.5902099609375
475379,-0.7780487401757803,34.87552553293,0.42691144,poor,1037.80078125
475381,-0.7780487401757803,34.89219219293,0.41263267,poor,834.49169921875
475384,-0.7780487401757803,34.91719218293,0.4008398,poor,812.264404296875
475385,-0.7780487401757803,34.92552551293,0.38679993,poor,814.4803466796875
475386,-0.7780487401757803,34.93385884293,0.36867633,poor,881.7344360351562
475387,-0.7780487401757803,34.94219217293,0.3448075,poor,2111.710693359375
475388,-0.7780487401757803,34.95052550293,0.3591763,poor,2128.138916015625
475389,-0.7780487401757803,34.95885883293,0.35953602,poor,972.6626586914062
475434,-0.7780487401757803,35.33385868293,0.2670164,vulnerable,2314.59912109375
475435,-0.7780487401757803,35.34219201293,0.32210648,vulnerable,2613.09375
475436,-0.7780487401757803,35.35052534293,0.3569123,poor,844.0978393554688
475564,-0.7780487401757803,36.41719158293,0.23540288,vulnerable,1265.7454833984375
475565,-0.7780487401757803,36.42552491293,0.22295956,vulnerable,3270.3720703125
475566,-0.7780487401757803,36.43385824293,0.20769514,vulnerable,4469.2080078125
475567,-0.7780487401757803,36.44219157293,0.20345704,vulnerable,2322.480224609375
475589,-0.7780487401757803,36.62552483293,0.23337,vulnerable,1338.38330078125
475590,-0.7780487401757803,36.63385816293,0.23225632,vulnerable,1128.391357421875
475616,-0.7780487401757803,36.85052474293,0.23236984,vulnerable,807.7337646484375
475618,-0.7780487401757803,36.86719140293,0.23404002,vulnerable,1227.9451904296875
475619,-0.7780487401757803,36.875524732929996,0.24155912,vulnerable,978.5843505859375
475629,-0.7780487401757803,36.958858032929996,0.4087851,poor,825.1029052734375
476199,-0.7863820701757804,34.63385896293,0.44972196,poor,862.395263671875
476200,-0.7863820701757804,34.64219229293,0.45463762,poor,816.6414794921875
476202,-0.7863820701757804,34.65885895293,0.43622988,poor,888.3117065429688
476203,-0.7863820701757804,34.66719228293,0.42769346,poor,1044.568115234375
476204,-0.7863820701757804,34.67552561293,0.4264548,poor,892.1046752929688
476207,-0.7863820701757804,34.70052560293,0.4102351,poor,958.42919921875
476208,-0.7863820701757804,34.70885893293,0.39467865,poor,963.6437377929688
476209,-0.7863820701757804,34.71719226293,0.3894066,poor,983.4885864257812
476210,-0.7863820701757804,34.72552559293,0.37931037,poor,1251.135009765625
476211,-0.7863820701757804,34.73385892293,0.3726561,poor,1236.697998046875
476212,-0.7863820701757804,34.74219225293,0.39180905,poor,1030.1458740234375
476216,-0.7863820701757804,34.77552557293,0.3939725,poor,810.4564208984375
476217,-0.7863820701757804,34.78385890293,0.3853446,poor,845.0414428710938
476219,-0.7863820701757804,34.80052556293,0.35918126,poor,880.75
476220,-0.7863820701757804,34.80885889293,0.37707403,poor,876.9523315429688
476221,-0.7863820701757804,34.81719222293,0.38124886,poor,1005.5420532226562
476226,-0.7863820701757804,34.85885887293,0.45420754,poor,886.1942749023438
476233,-0.7863820701757804,34.91719218293,0.40193582,poor,1020.1679077148438
476234,-0.7863820701757804,34.92552551293,0.38861936,poor,848.8560180664062
476235,-0.7863820701757804,34.93385884293,0.36431855,poor,1056.1116943359375
476236,-0.7863820701757804,34.94219217293,0.35813352,poor,1048.081787109375
476283,-0.7863820701757804,35.33385868293,0.32771838,vulnerable,1292.9906005859375
476284,-0.7863820701757804,35.34219201293,0.35121533,poor,1735.419677734375
476293,-0.7863820701757804,35.41719198293,0.4688363,poor,804.7743530273438
476294,-0.7863820701757804,35.42552531293,0.4897292,poor,873.3204345703125
476414,-0.7863820701757804,36.42552491293,0.24632026,vulnerable,1393.50830078125
476415,-0.7863820701757804,36.43385824293,0.24069913,vulnerable,2737.336181640625
476416,-0.7863820701757804,36.44219157293,0.23776509,vulnerable,1881.1884765625
476438,-0.7863820701757804,36.62552483293,0.23380591,vulnerable,1258.5606689453125
476439,-0.7863820701757804,36.63385816293,0.23294082,vulnerable,1167.1400146484375
476466,-0.7863820701757804,36.85885807293,0.23858134,vulnerable,964.737060546875
476467,-0.7863820701757804,36.86719140293,0.24895932,vulnerable,1628.7633056640625
476468,-0.7863820701757804,36.875524732929996,0.2516093,vulnerable,851.2702026367188
476470,-0.7863820701757804,36.89219139293,0.269577,vulnerable,1406.666748046875
476471,-0.7863820701757804,36.90052472293,0.28554213,vulnerable,865.2782592773438
477042,-0.7947154001757806,34.58385898293,0.4367117,poor,870.1621704101562
477051,-0.7947154001757806,34.65885895293,0.46094272,poor,963.10986328125
477052,-0.7947154001757806,34.66719228293,0.43079916,poor,822.1754760742188
477055,-0.7947154001757806,34.69219227293,0.4164088,poor,840.8281860351562
477058,-0.7947154001757806,34.71719226293,0.37250298,poor,2403.52294921875
477059,-0.7947154001757806,34.72552559293,0.36091903,poor,2887.118408203125
477060,-0.7947154001757806,34.73385892293,0.40740064,poor,1544.977783203125
477067,-0.7947154001757806,34.79219223293,0.37807322,poor,916.9244384765625
477068,-0.7947154001757806,34.80052556293,0.36792785,poor,1245.1109619140625
477069,-0.7947154001757806,34.80885889293,0.38010123,poor,913.9896240234375
477070,-0.7947154001757806,34.81719222293,0.40103343,poor,814.552001953125
477082,-0.7947154001757806,34.91719218293,0.3939196,poor,1314.5555419921875
477085,-0.7947154001757806,34.94219217293,0.3592545,poor,904.0654296875
477086,-0.7947154001757806,34.95052550293,0.3648516,poor,997.6561279296875
477263,-0.7947154001757806,36.42552491293,0.25167635,vulnerable,819.7604370117188
477264,-0.7947154001757806,36.43385824293,0.24798527,vulnerable,863.3441162109375
477288,-0.7947154001757806,36.63385816293,0.23756948,vulnerable,932.3749389648438
477327,-0.7947154001757806,36.958858032929996,0.4025558,poor,818.8773803710938
477336,-0.7947154001757806,37.033858002929996,0.48716518,poor,1004.3905639648438
477347,-0.7947154001757806,37.12552463293,0.26890603,vulnerable,2285.1904296875
477348,-0.7947154001757806,37.13385796293,0.27735224,vulnerable,1047.8336181640625
477898,-0.8030487301757807,34.64219229293,0.46688372,poor,852.0252685546875
477899,-0.8030487301757807,34.65052562293,0.48258466,poor,805.2742309570312
477900,-0.8030487301757807,34.65885895293,0.45864937,poor,914.5020751953125
477904,-0.8030487301757807,34.69219227293,0.42959633,poor,814.1702270507812
477906,-0.8030487301757807,34.70885893293,0.4110665,poor,849.7333374023438
477907,-0.8030487301757807,34.71719226293,0.39272168,poor,1391.1317138671875
477908,-0.8030487301757807,34.72552559293,0.3809251,poor,2637.168701171875
477909,-0.8030487301757807,34.73385892293,0.4076062,poor,1132.9478759765625
477917,-0.8030487301757807,34.80052556293,0.383674,poor,1660.79638671875
477918,-0.8030487301757807,34.80885889293,0.3880928,poor,886.258544921875
477920,-0.8030487301757807,34.82552555293,0.42985168,poor,814.61572265625
477925,-0.8030487301757807,34.86719220293,0.46992293,poor,871.1490478515625
477929,-0.8030487301757807,34.90052552293,0.41660202,poor,875.0582275390625
477930,-0.8030487301757807,34.90885885293,0.42582074,poor,897.3836669921875
477931,-0.8030487301757807,34.91719218293,0.40301827,poor,986.3367309570312
478108,-0.8030487301757807,36.39219159293,0.15907004,non-poor,1222.2431640625
478109,-0.8030487301757807,36.400524922929996,0.22113672,vulnerable,1715.945556640625
478176,-0.8030487301757807,36.958858032929996,0.37778735,poor,1285.448974609375
478178,-0.8030487301757807,36.97552469293,0.44132838,poor,813.0399780273438
478181,-0.8030487301757807,37.00052468293,0.4532175,poor,1070.7293701171875
478182,-0.8030487301757807,37.00885801293,0.45922706,poor,842.5552368164062
478197,-0.8030487301757807,37.13385796293,0.28500682,vulnerable,926.70947265625
478747,-0.8113820601757809,34.64219229293,0.46105078,poor,813.8190307617188
478748,-0.8113820601757809,34.65052562293,0.47281224,poor,851.08447265625
478749,-0.8113820601757809,34.65885895293,0.44297963,poor,870.6793823242188
478753,-0.8113820601757809,34.69219227293,0.42981938,poor,883.1002807617188
478754,-0.8113820601757809,34.70052560293,0.42245957,poor,995.849365234375
478755,-0.8113820601757809,34.70885893293,0.41937685,poor,953.7363891601562
478756,-0.8113820601757809,34.71719226293,0.3894819,poor,883.691650390625
478757,-0.8113820601757809,34.72552559293,0.3864071,poor,1407.03515625
478758,-0.8113820601757809,34.73385892293,0.41475695,poor,994.4318237304688
478763,-0.8113820601757809,34.77552557293,0.38709491,poor,844.5718994140625
478764,-0.8113820601757809,34.78385890293,0.3886814,poor,1041.148193359375
478773,-0.8113820601757809,34.85885887293,0.49100047,poor,911.7599487304688
478774,-0.8113820601757809,34.86719220293,0.48643044,poor,1156.224853515625
478775,-0.8113820601757809,34.87552553293,0.47663125,poor,1085.4267578125
478776,-0.8113820601757809,34.88385886293,0.4514262,poor,1078.2210693359375
478777,-0.8113820601757809,34.89219219293,0.43897596,poor,864.7788696289062
478778,-0.8113820601757809,34.90052552293,0.4202982,poor,1010.33935546875
478779,-0.8113820601757809,34.90885885293,0.42875051,poor,857.7440795898438
478782,-0.8113820601757809,34.93385884293,0.38472998,poor,819.0354614257812
478783,-0.8113820601757809,34.94219217293,0.38929975,poor,924.2518310546875
478957,-0.8113820601757809,36.39219159293,0.17277974,non-poor,1218.528076171875
478984,-0.8113820601757809,36.61719150293,0.24640404,vulnerable,876.7960815429688
479028,-0.8113820601757809,36.98385802293,0.4274579,poor,813.0613403320312
479029,-0.8113820601757809,36.99219135293,0.43222177,poor,880.8153076171875
479030,-0.8113820601757809,37.00052468293,0.43749964,poor,1038.742919921875
479031,-0.8113820601757809,37.00885801293,0.44436535,poor,841.6654052734375
479034,-0.8113820601757809,37.033858002929996,0.5024175,severely poor,843.5305786132812
479040,-0.8113820601757809,37.08385798293,0.38152546,poor,1141.10107421875
479604,-0.8197153901757801,34.70885893293,0.42507732,poor,986.181640625
479605,-0.8197153901757801,34.71719226293,0.41991585,poor,1071.5679931640625
479606,-0.8197153901757801,34.72552559293,0.39929467,poor,1312.3267822265625
479607,-0.8197153901757801,34.73385892293,0.40220737,poor,1008.4081420898438
479611,-0.8197153901757801,34.76719224293,0.41872123,poor,844.1704711914062
479612,-0.8197153901757801,34.77552557293,0.4141135,poor,1039.775146484375
479613,-0.8197153901757801,34.78385890293,0.41103768,poor,1069.7119140625
479614,-0.8197153901757801,34.79219223293,0.40993297,poor,933.0858154296875
479615,-0.8197153901757801,34.80052556293,0.40711764,poor,933.8885498046875
479621,-0.8197153901757801,34.85052554293,0.4857239,poor,889.3933715820312
479622,-0.8197153901757801,34.85885887293,0.49191958,poor,865.8596801757812
479623,-0.8197153901757801,34.86719220293,0.50412184,severely poor,892.573974609375
479624,-0.8197153901757801,34.87552553293,0.47641245,poor,965.9351196289062
479625,-0.8197153901757801,34.88385886293,0.46015558,poor,1174.5352783203125
479626,-0.8197153901757801,34.89219219293,0.45166242,poor,901.5238037109375
479627,-0.8197153901757801,34.90052552293,0.44004282,poor,871.8740234375
479628,-0.8197153901757801,34.90885885293,0.44009966,poor,885.3038330078125
479632,-0.8197153901757801,34.94219217293,0.4047098,poor,830.51416015625
479634,-0.8197153901757801,34.95885883293,0.39568406,poor,908.415283203125
479797,-0.8197153901757801,36.31719162293,0.15731281,non-poor,849.952880859375
479867,-0.8197153901757801,36.90052472293,0.21722913,vulnerable,889.0221557617188
479868,-0.8197153901757801,36.90885805293,0.21571608,vulnerable,848.1810913085938
479876,-0.8197153901757801,36.97552469293,0.40932742,poor,975.272216796875
479877,-0.8197153901757801,36.98385802293,0.40737045,poor,853.3274536132812
479878,-0.8197153901757801,36.99219135293,0.41429168,poor,850.6375732421875
479882,-0.8197153901757801,37.02552467293,0.45371503,poor,830.8397827148438
479883,-0.8197153901757801,37.033858002929996,0.4810066,poor,807.9061279296875
479884,-0.8197153901757801,37.04219133293,0.50218225,severely poor,1033.8638916015625
479885,-0.8197153901757801,37.05052466293,0.4824549,poor,980.8935546875
479900,-0.8197153901757801,37.17552461293,0.34156114,poor,829.1361694335938
480447,-0.8280487201757802,34.65885895293,0.43342143,poor,820.4925537109375
480452,-0.8280487201757802,34.70052560293,0.43578273,poor,961.67529296875
480453,-0.8280487201757802,34.70885893293,0.43773505,poor,980.0970458984375
480455,-0.8280487201757802,34.72552559293,0.4092999,poor,846.48486328125
480456,-0.8280487201757802,34.73385892293,0.4069011,poor,962.285888671875
480459,-0.8280487201757802,34.75885891293,0.39668268,poor,1048.57177734375
480460,-0.8280487201757802,34.76719224293,0.41282895,poor,951.4677124023438
480462,-0.8280487201757802,34.78385890293,0.4236693,poor,984.3640747070312
480463,-0.8280487201757802,34.79219223293,0.4288292,poor,831.427490234375
480464,-0.8280487201757802,34.80052556293,0.4280509,poor,853.9702758789062
480465,-0.8280487201757802,34.80885889293,0.44076267,poor,851.099609375
480468,-0.8280487201757802,34.83385888293,0.474263,poor,808.5926513671875
480469,-0.8280487201757802,34.84219221293,0.488434,poor,885.222900390625
480472,-0.8280487201757802,34.86719220293,0.51734895,severely poor,976.50634765625
480473,-0.8280487201757802,34.87552553293,0.4839622,poor,853.306884765625
480474,-0.8280487201757802,34.88385886293,0.46265367,poor,1514.9727783203125
480475,-0.8280487201757802,34.89219219293,0.46136156,poor,1206.06591796875
480476,-0.8280487201757802,34.90052552293,0.44304386,poor,1774.37646484375
480482,-0.8280487201757802,34.95052550293,0.41812825,poor,848.36376953125
480717,-0.8280487201757802,36.90885805293,0.20252362,vulnerable,927.1879272460938
480733,-0.8280487201757802,37.04219133293,0.4842797,poor,912.9310302734375
480734,-0.8280487201757802,37.05052466293,0.4841419,poor,1196.1500244140625
480736,-0.8280487201757802,37.06719132293,0.44028288,poor,893.838134765625
480737,-0.8280487201757802,37.07552465293,0.42699346,poor,1187.08056640625
480740,-0.8280487201757802,37.10052464293,0.38520387,poor,814.4854125976562
481235,-0.8363820501757804,34.15052582293,0.6102064,severely poor,1526.1412353515625
481236,-0.8363820501757804,34.15885915293,0.60426444,severely poor,1897.9334716796875
481238,-0.8363820501757804,34.17552581293,0.60847026,severely poor,1576.552978515625
481294,-0.8363820501757804,34.64219229293,0.45413348,poor,832.934326171875
481302,-0.8363820501757804,34.70885893293,0.44951865,poor,904.3055419921875
481306,-0.8363820501757804,34.74219225293,0.4092868,poor,927.569091796875
481307,-0.8363820501757804,34.75052558293,0.40287045,poor,915.4234619140625
481308,-0.8363820501757804,34.75885891293,0.409012,poor,1031.528564453125
481309,-0.8363820501757804,34.76719224293,0.4221356,poor,1114.8743896484375
481310,-0.8363820501757804,34.77552557293,0.43655822,poor,842.3172607421875
481311,-0.8363820501757804,34.78385890293,0.435626,poor,833.638427734375
481314,-0.8363820501757804,34.80885889293,0.44266522,poor,981.222412109375
481315,-0.8363820501757804,34.81719222293,0.44774276,poor,1204.39599609375
481316,-0.8363820501757804,34.82552555293,0.4820992,poor,907.9896850585938
481317,-0.8363820501757804,34.83385888293,0.4970799,poor,968.228515625
481318,-0.8363820501757804,34.84219221293,0.50752515,severely poor,816.0418701171875
481319,-0.8363820501757804,34.85052554293,0.5166029,severely poor,916.598876953125
481321,-0.8363820501757804,34.86719220293,0.5320313,severely poor,1011.6052856445312
481325,-0.8363820501757804,34.90052552293,0.47243524,poor,1229.1229248046875
481326,-0.8363820501757804,34.90885885293,0.46876872,poor,1196.927978515625
481330,-0.8363820501757804,34.94219217293,0.4420428,poor,873.0276489257812
481348,-0.8363820501757804,35.09219211293,0.3850258,poor,1326.134765625
481349,-0.8363820501757804,35.10052544293,0.40235847,poor,912.6602783203125
481499,-0.8363820501757804,36.35052494293,0.15133624,non-poor,962.0489501953125
481587,-0.8363820501757804,37.08385798293,0.39571425,poor,913.4055786132812
481588,-0.8363820501757804,37.09219131293,0.395217,poor,944.2470703125
481598,-0.8363820501757804,37.17552461293,0.3178361,vulnerable,945.4613037109375
482085,-0.8447153801757805,34.15052582293,0.63336813,severely poor,2319.7490234375
482086,-0.8447153801757805,34.15885915293,0.63951236,severely poor,1248.7725830078125
482146,-0.8447153801757805,34.65885895293,0.449656,poor,826.3056030273438
482148,-0.8447153801757805,34.67552561293,0.43127316,poor,833.9884033203125
482153,-0.8447153801757805,34.71719226293,0.44420034,poor,928.9818115234375
482154,-0.8447153801757805,34.72552559293,0.4307959,poor,1073.606201171875
482155,-0.8447153801757805,34.73385892293,0.42616817,poor,998.6991577148438
482156,-0.8447153801757805,34.74219225293,0.423146,poor,969.4097290039062
482157,-0.8447153801757805,34.75052558293,0.41001827,poor,901.8154296875
482158,-0.8447153801757805,34.75885891293,0.41459435,poor,957.302978515625
482159,-0.8447153801757805,34.76719224293,0.41678846,poor,889.1997680664062
482160,-0.8447153801757805,34.77552557293,0.4193511,poor,1112.205810546875
482165,-0.8447153801757805,34.81719222293,0.44940606,poor,1434.7064208984375
482166,-0.8447153801757805,34.82552555293,0.479437,poor,1203.6658935546875
482167,-0.8447153801757805,34.83385888293,0.49079287,poor,901.6174926757812
482168,-0.8447153801757805,34.84219221293,0.50498885,severely poor,918.5866088867188
482169,-0.8447153801757805,34.85052554293,0.5235747,severely poor,817.8355712890625
482172,-0.8447153801757805,34.87552553293,0.5012826,severely poor,969.0275268554688
482176,-0.8447153801757805,34.90885885293,0.47526926,poor,980.1871337890625
482177,-0.8447153801757805,34.91719218293,0.47323853,poor,1236.70703125
482178,-0.8447153801757805,34.92552551293,0.467044,poor,1008.4962768554688
482185,-0.8447153801757805,34.98385882293,0.4898783,poor,936.188720703125
482198,-0.8447153801757805,35.09219211293,0.39543736,poor,986.9470825195312
482199,-0.8447153801757805,35.10052544293,0.42221823,poor,855.1483154296875
482423,-0.8447153801757805,36.96719136293,0.32608554,vulnerable,856.3522338867188
482424,-0.8447153801757805,36.97552469293,0.32630935,vulnerable,821.395751953125
482444,-0.8447153801757805,37.14219129293,0.29921407,vulnerable,845.1998291015625
482448,-0.8447153801757805,37.17552461293,0.31051204,vulnerable,851.6760864257812
482985,-0.8530487101757807,34.56719232293,0.46291032,poor,1023.7372436523438
482997,-0.8530487101757807,34.66719228293,0.45855713,poor,871.6895751953125
482998,-0.8530487101757807,34.67552561293,0.44070634,poor,1193.99853515625
482999,-0.8530487101757807,34.68385894293,0.4500574,poor,957.014404296875
483003,-0.8530487101757807,34.71719226293,0.45986772,poor,966.701171875
483004,-0.8530487101757807,34.72552559293,0.4446677,poor,1039.3887939453125
483005,-0.8530487101757807,34.73385892293,0.44653675,poor,876.0219116210938
483006,-0.8530487101757807,34.74219225293,0.4227127,poor,926.6917114257812
483007,-0.8530487101757807,34.75052558293,0.3941485,poor,1041.853515625
483008,-0.8530487101757807,34.75885891293,0.40252912,poor,1357.8385009765625
483009,-0.8530487101757807,34.76719224293,0.41563112,poor,824.3873291015625
483014,-0.8530487101757807,34.80885889293,0.41565958,poor,801.6466674804688
483015,-0.8530487101757807,34.81719222293,0.4367034,poor,1865.2413330078125
483016,-0.8530487101757807,34.82552555293,0.45480728,poor,2556.232177734375
483017,-0.8530487101757807,34.83385888293,0.48268595,poor,1041.93017578125
483023,-0.8530487101757807,34.88385886293,0.5223514,severely poor,848.0120239257812
483027,-0.8530487101757807,34.91719218293,0.4901798,poor,854.93994140625
483028,-0.8530487101757807,34.92552551293,0.48464343,poor,1065.09130859375
483029,-0.8530487101757807,34.93385884293,0.4794357,poor,925.7661743164062
483030,-0.8530487101757807,34.94219217293,0.48704273,poor,865.0401611328125
483032,-0.8530487101757807,34.95885883293,0.49564794,poor,853.4825439453125
483035,-0.8530487101757807,34.98385882293,0.5073179,severely poor,930.5684204101562
483224,-0.8530487101757807,36.558858192929996,0.1959156,non-poor,1379.611328125
483231,-0.8530487101757807,36.61719150293,0.23219624,vulnerable,854.2501831054688
483271,-0.8530487101757807,36.95052470293,0.28693306,vulnerable,810.9893798828125
483272,-0.8530487101757807,36.958858032929996,0.3026375,vulnerable,1007.7158813476562
483281,-0.8530487101757807,37.033858002929996,0.37972334,poor,811.4462890625
483282,-0.8530487101757807,37.04219133293,0.3948822,poor,922.6025390625
483283,-0.8530487101757807,37.05052466293,0.43779013,poor,935.5521240234375
483284,-0.8530487101757807,37.05885799293,0.42540905,poor,976.6784057617188
483285,-0.8530487101757807,37.06719132293,0.41249382,poor,849.083740234375
483286,-0.8530487101757807,37.07552465293,0.38998657,poor,831.6526489257812
483294,-0.8530487101757807,37.14219129293,0.3101497,vulnerable,801.8194580078125
483791,-0.8613820401757808,34.19219247293,0.6032394,severely poor,839.6716918945312
483792,-0.8613820401757808,34.20052580293,0.6171862,severely poor,823.1010131835938
483835,-0.8613820401757808,34.55885899293,0.46462566,poor,1188.9129638671875
483836,-0.8613820401757808,34.56719232293,0.45126712,poor,2056.913330078125
483837,-0.8613820401757808,34.57552565293,0.470796,poor,955.5048217773438
483849,-0.8613820401757808,34.67552561293,0.4581601,poor,1277.7835693359375
483850,-0.8613820401757808,34.68385894293,0.44563568,poor,1256.2374267578125
483857,-0.8613820401757808,34.74219225293,0.42191738,poor,806.3988037109375
483858,-0.8613820401757808,34.75052558293,0.37917677,poor,1305.4775390625
483859,-0.8613820401757808,34.75885891293,0.38586748,poor,2729.790771484375
483860,-0.8613820401757808,34.76719224293,0.4109906,poor,1255.8551025390625
483861,-0.8613820401757808,34.77552557293,0.40883058,poor,819.019775390625
483866,-0.8613820401757808,34.81719222293,0.43590584,poor,1440.6143798828125
483867,-0.8613820401757808,34.82552555293,0.46716428,poor,1277.9583740234375
483868,-0.8613820401757808,34.83385888293,0.48080233,poor,976.4970092773438
483869,-0.8613820401757808,34.84219221293,0.49453247,poor,802.7174682617188
483873,-0.8613820401757808,34.87552553293,0.5097744,severely poor,908.6528930664062
483880,-0.8613820401757808,34.93385884293,0.49938068,poor,1070.058349609375
483881,-0.8613820401757808,34.94219217293,0.50885504,severely poor,1113.6549072265625
484075,-0.8613820401757808,36.558858192929996,0.1922739,non-poor,1652.3916015625
484076,-0.8613820401757808,36.56719152293,0.19145177,non-poor,1197.525634765625
484111,-0.8613820401757808,36.85885807293,0.21003382,vulnerable,1391.3240966796875
484117,-0.8613820401757808,36.90885805293,0.21375503,vulnerable,816.5364379882812
484122,-0.8613820401757808,36.95052470293,0.27044243,vulnerable,1072.3416748046875
484123,-0.8613820401757808,36.958858032929996,0.28341532,vulnerable,1444.164306640625
484135,-0.8613820401757808,37.05885799293,0.43495888,poor,863.6815185546875
484136,-0.8613820401757808,37.06719132293,0.4064997,poor,846.233154296875
484137,-0.8613820401757808,37.07552465293,0.37682647,poor,1069.0296630859375
484138,-0.8613820401757808,37.08385798293,0.3645973,poor,867.7025146484375
484146,-0.8613820401757808,37.15052462293,0.29982704,vulnerable,838.9415283203125
484680,-0.8697153701757809,34.50052568293,0.5078956,severely poor,826.49267578125
484686,-0.8697153701757809,34.55052566293,0.4857088,poor,964.097412109375
484698,-0.8697153701757809,34.65052562293,0.46727964,poor,920.3260498046875
484701,-0.8697153701757809,34.67552561293,0.44892424,poor,961.0901489257812
484702,-0.8697153701757809,34.68385894293,0.43006462,poor,976.3705444335938
484706,-0.8697153701757809,34.71719226293,0.43626297,poor,873.546875
484707,-0.8697153701757809,34.72552559293,0.43158168,poor,921.659423828125
484710,-0.8697153701757809,34.75052558293,0.41816577,poor,934.9634399414062
484711,-0.8697153701757809,34.75885891293,0.41475382,poor,1125.052734375
484712,-0.8697153701757809,34.76719224293,0.42327595,poor,972.3423461914062
484713,-0.8697153701757809,34.77552557293,0.41691548,poor,852.0508422851562
484717,-0.8697153701757809,34.80885889293,0.4338578,poor,841.9097290039062
484720,-0.8697153701757809,34.83385888293,0.4752897,poor,904.90771484375
484721,-0.8697153701757809,34.84219221293,0.47738677,poor,1054.4664306640625
484725,-0.8697153701757809,34.87552553293,0.5000763,severely poor,921.9107055664062
484726,-0.8697153701757809,34.88385886293,0.51903284,severely poor,972.0745239257812
484728,-0.8697153701757809,34.90052552293,0.5400785,severely poor,919.4564819335938
484729,-0.8697153701757809,34.90885885293,0.5403172,severely poor,840.6151123046875
484738,-0.8697153701757809,34.98385882293,0.49481055,poor,1048.388916015625
484739,-0.8697153701757809,34.99219215293,0.49167103,poor,950.2638549804688
484788,-0.8697153701757809,35.40052532293,0.40964815,poor,808.8218383789062
484927,-0.8697153701757809,36.558858192929996,0.2005043,vulnerable,838.0770874023438
484928,-0.8697153701757809,36.56719152293,0.19005796,non-poor,1119.156494140625
484933,-0.8697153701757809,36.60885817293,0.20245516,vulnerable,964.3656005859375
484969,-0.8697153701757809,36.90885805293,0.21506721,vulnerable,851.8978271484375
484987,-0.8697153701757809,37.05885799293,0.41166317,poor,1006.16748046875
484988,-0.8697153701757809,37.06719132293,0.3946136,poor,884.7733764648438
484997,-0.8697153701757809,37.14219129293,0.2898982,vulnerable,1328.5450439453125
485050,-0.8697153701757809,37.58385778293,0.4820995,poor,874.494384765625
485537,-0.8780487001757802,34.53385900293,0.48341748,poor,868.5577392578125
485539,-0.8780487001757802,34.55052566293,0.50894076,severely poor,808.73828125
485554,-0.8780487001757802,34.67552561293,0.4540995,poor,1002.17578125
485557,-0.8780487001757802,34.70052560293,0.42817754,poor,1048.725830078125
485558,-0.8780487001757802,34.70885893293,0.42732415,poor,1069.872314453125
485559,-0.8780487001757802,34.71719226293,0.4246037,poor,1199.762451171875
485560,-0.8780487001757802,34.72552559293,0.4282188,poor,1203.539794921875
485561,-0.8780487001757802,34.73385892293,0.4218018,poor,1116.5809326171875
485562,-0.8780487001757802,34.74219225293,0.40811846,poor,1036.4259033203125
485563,-0.8780487001757802,34.75052558293,0.4191454,poor,1332.1483154296875
485564,-0.8780487001757802,34.75885891293,0.42235163,poor,986.52099609375
485566,-0.8780487001757802,34.77552557293,0.41957733,poor,1015.9627075195312
485567,-0.8780487001757802,34.78385890293,0.41271603,poor,1092.1728515625
485569,-0.8780487001757802,34.80052556293,0.41885793,poor,876.6651000976562
485570,-0.8780487001757802,34.80885889293,0.4317988,poor,850.6724853515625
485579,-0.8780487001757802,34.88385886293,0.5126327,severely poor,917.334716796875
485580,-0.8780487001757802,34.89219219293,0.5261511,severely poor,1652.2559814453125
485581,-0.8780487001757802,34.90052552293,0.5344081,severely poor,899.6447143554688
485582,-0.8780487001757802,34.90885885293,0.53550225,severely poor,896.7169799804688
485583,-0.8780487001757802,34.91719218293,0.5444179,severely poor,1195.89453125
485584,-0.8780487001757802,34.92552551293,0.54360735,severely poor,888.12109375
485592,-0.8780487001757802,34.99219215293,0.46881256,poor,848.8101806640625
485780,-0.8780487001757802,36.558858192929996,0.2082682,vulnerable,1869.77783203125
485781,-0.8780487001757802,36.56719152293,0.19805798,non-poor,1933.01318359375
485782,-0.8780487001757802,36.57552485293,0.1900999,non-poor,1117.0213623046875
485830,-0.8780487001757802,36.97552469293,0.23837061,vulnerable,1116.5506591796875
485831,-0.8780487001757802,36.98385802293,0.243536,vulnerable,866.0301513671875
485836,-0.8780487001757802,37.02552467293,0.30013117,vulnerable,862.0596313476562
485837,-0.8780487001757802,37.033858002929996,0.338294,poor,804.32763671875
485838,-0.8780487001757802,37.04219133293,0.36973852,poor,943.8717651367188
485840,-0.8780487001757802,37.05885799293,0.41217178,poor,851.2659301757812
485842,-0.8780487001757802,37.07552465293,0.36768225,poor,822.0858764648438
485849,-0.8780487001757802,37.13385796293,0.29989445,vulnerable,1413.46044921875
485850,-0.8780487001757802,37.14219129293,0.3118484,vulnerable,1400.7945556640625
485851,-0.8780487001757802,37.15052462293,0.30912897,vulnerable,865.102783203125
486390,-0.8863820301757803,34.52552567293,0.41375673,poor,1114.779052734375
486391,-0.8863820301757803,34.53385900293,0.47687283,poor,977.6066284179688
486392,-0.8863820301757803,34.54219233293,0.49700963,poor,1008.4735107421875
486408,-0.8863820301757803,34.67552561293,0.4453184,poor,871.995361328125
486410,-0.8863820301757803,34.69219227293,0.4378469,poor,813.8614501953125
486411,-0.8863820301757803,34.70052560293,0.44030648,poor,990.0820922851562
486412,-0.8863820301757803,34.70885893293,0.43051836,poor,1143.884765625
486413,-0.8863820301757803,34.71719226293,0.4258765,poor,1008.5393676757812
486414,-0.8863820301757803,34.72552559293,0.41440082,poor,2188.14208984375
486415,-0.8863820301757803,34.73385892293,0.41430125,poor,1682.832275390625
486416,-0.8863820301757803,34.74219225293,0.42441264,poor,1110.698486328125
486417,-0.8863820301757803,34.75052558293,0.42475381,poor,1868.7562255859375
486418,-0.8863820301757803,34.75885891293,0.44619635,poor,1070.8438720703125
486421,-0.8863820301757803,34.78385890293,0.41759795,poor,961.4492797851562
486422,-0.8863820301757803,34.79219223293,0.42078596,poor,1110.44482421875
486423,-0.8863820301757803,34.80052556293,0.42462668,poor,844.8754272460938
486427,-0.8863820301757803,34.83385888293,0.4488519,poor,863.885009765625
486432,-0.8863820301757803,34.87552553293,0.48095432,poor,1041.4140625
486433,-0.8863820301757803,34.88385886293,0.502921,severely poor,1307.08740234375
486434,-0.8863820301757803,34.89219219293,0.5208077,severely poor,1570.4503173828125
486435,-0.8863820301757803,34.90052552293,0.5379473,severely poor,952.1089477539062
486437,-0.8863820301757803,34.91719218293,0.53695285,severely poor,1086.1468505859375
486438,-0.8863820301757803,34.92552551293,0.53667146,severely poor,980.8992919921875
486439,-0.8863820301757803,34.93385884293,0.53501827,severely poor,856.454345703125
486683,-0.8863820301757803,36.96719136293,0.23778291,vulnerable,809.1358032226562
486684,-0.8863820301757803,36.97552469293,0.22949886,vulnerable,1120.3182373046875
486685,-0.8863820301757803,36.98385802293,0.22723232,vulnerable,848.1912841796875
486686,-0.8863820301757803,36.99219135293,0.23361078,vulnerable,807.5840454101562
486687,-0.8863820301757803,37.00052468293,0.23752795,vulnerable,912.5162353515625
486691,-0.8863820301757803,37.033858002929996,0.32727674,vulnerable,1088.764892578125
486692,-0.8863820301757803,37.04219133293,0.3544788,poor,1127.2685546875
486693,-0.8863820301757803,37.05052466293,0.3971034,poor,877.5767211914062
486710,-0.8863820301757803,37.192191272929996,0.30145374,vulnerable,903.728515625
486713,-0.8863820301757803,37.21719126293,0.2913051,vulnerable,852.80322265625
487242,-0.8947153601757805,34.50885901293,0.49674484,poor,986.4923095703125
487243,-0.8947153601757805,34.51719234293,0.49496195,poor,954.51025390625
487244,-0.8947153601757805,34.52552567293,0.4366171,poor,1721.31689453125
487245,-0.8947153601757805,34.53385900293,0.45929593,poor,1542.7418212890625
487246,-0.8947153601757805,34.54219233293,0.49564022,poor,1068.5245361328125
487247,-0.8947153601757805,34.55052566293,0.5150994,severely poor,919.6429443359375
487262,-0.8947153601757805,34.67552561293,0.44797087,poor,1061.83740234375
487264,-0.8947153601757805,34.69219227293,0.44504905,poor,1068.332763671875
487265,-0.8947153601757805,34.70052560293,0.4377452,poor,995.56005859375
487266,-0.8947153601757805,34.70885893293,0.441166,poor,1140.3033447265625
487267,-0.8947153601757805,34.71719226293,0.44342133,poor,1079.258544921875
487268,-0.8947153601757805,34.72552559293,0.44523105,poor,1365.03515625
487269,-0.8947153601757805,34.73385892293,0.43165,poor,1168.697021484375
487270,-0.8947153601757805,34.74219225293,0.42980495,poor,839.041015625
487271,-0.8947153601757805,34.75052558293,0.43476355,poor,958.9888916015625
487276,-0.8947153601757805,34.79219223293,0.40881255,poor,999.307861328125
487277,-0.8947153601757805,34.80052556293,0.4288874,poor,909.3173217773438
487278,-0.8947153601757805,34.80885889293,0.43993047,poor,994.8695678710938
487279,-0.8947153601757805,34.81719222293,0.45976892,poor,852.5977172851562
487281,-0.8947153601757805,34.83385888293,0.44549283,poor,1014.9822998046875
487282,-0.8947153601757805,34.84219221293,0.44461975,poor,825.5211181640625
487283,-0.8947153601757805,34.85052554293,0.456979,poor,801.05908203125
487284,-0.8947153601757805,34.85885887293,0.4598879,poor,998.9742431640625
487285,-0.8947153601757805,34.86719220293,0.47987747,poor,985.5393676757812
487286,-0.8947153601757805,34.87552553293,0.48995095,poor,1357.4212646484375
487287,-0.8947153601757805,34.88385886293,0.50578195,severely poor,1302.574951171875
487288,-0.8947153601757805,34.89219219293,0.51292205,severely poor,1148.781005859375
487291,-0.8947153601757805,34.91719218293,0.5410632,severely poor,979.4310302734375
487292,-0.8947153601757805,34.92552551293,0.5285193,severely poor,894.681396484375
487295,-0.8947153601757805,34.95052550293,0.51687855,severely poor,832.2966918945312
487539,-0.8947153601757805,36.98385802293,0.22959739,vulnerable,869.6810913085938
487540,-0.8947153601757805,36.99219135293,0.22425473,vulnerable,1328.7398681640625
487541,-0.8947153601757805,37.00052468293,0.22576295,vulnerable,1553.998291015625
487542,-0.8947153601757805,37.00885801293,0.24517626,vulnerable,834.8058471679688
487545,-0.8947153601757805,37.033858002929996,0.33220032,poor,800.117919921875
487546,-0.8947153601757805,37.04219133293,0.3638127,poor,838.2348022460938
487549,-0.8947153601757805,37.06719132293,0.37589315,poor,1014.2600708007812
487550,-0.8947153601757805,37.07552465293,0.34528893,poor,918.4718017578125
487551,-0.8947153601757805,37.08385798293,0.3217888,vulnerable,810.1524658203125
487555,-0.8947153601757805,37.117191302929996,0.28191343,vulnerable,820.5963745117188
487563,-0.8947153601757805,37.18385794293,0.29334372,vulnerable,816.6522216796875
488092,-0.9030486901757806,34.46719236293,0.49219996,poor,1062.4598388671875
488098,-0.9030486901757806,34.51719234293,0.49592534,poor,1186.6043701171875
488099,-0.9030486901757806,34.52552567293,0.4252627,poor,3687.094482421875
488100,-0.9030486901757806,34.53385900293,0.47536007,poor,2365.1279296875
488101,-0.9030486901757806,34.54219233293,0.50277495,severely poor,838.62548828125
488115,-0.9030486901757806,34.65885895293,0.46254233,poor,997.9236450195312
488117,-0.9030486901757806,34.67552561293,0.46655425,poor,1030.2301025390625
488119,-0.9030486901757806,34.69219227293,0.4527856,poor,1015.2112426757812
488120,-0.9030486901757806,34.70052560293,0.4525357,poor,1029.0255126953125
488121,-0.9030486901757806,34.70885893293,0.45075518,poor,1239.968017578125
488122,-0.9030486901757806,34.71719226293,0.44539946,poor,1000.5587158203125
488131,-0.9030486901757806,34.79219223293,0.4079951,poor,1207.4334716796875
488132,-0.9030486901757806,34.80052556293,0.42820132,poor,1168.550048828125
488133,-0.9030486901757806,34.80885889293,0.43777168,poor,1058.6480712890625
488134,-0.9030486901757806,34.81719222293,0.44439262,poor,857.9144897460938
488139,-0.9030486901757806,34.85885887293,0.4583493,poor,1329.9989013671875
488140,-0.9030486901757806,34.86719220293,0.46828425,poor,940.8016967773438
488147,-0.9030486901757806,34.92552551293,0.51146823,severely poor,847.3783569335938
488389,-0.9030486901757806,36.94219137293,0.22156526,vulnerable,862.2918701171875
488394,-0.9030486901757806,36.98385802293,0.2384595,vulnerable,858.5714111328125
488395,-0.9030486901757806,36.99219135293,0.23423769,vulnerable,1099.2266845703125
488396,-0.9030486901757806,37.00052468293,0.23770937,vulnerable,963.8488159179688
488397,-0.9030486901757806,37.00885801293,0.24384922,vulnerable,833.8825073242188
488405,-0.9030486901757806,37.07552465293,0.353147,poor,825.5853881835938
488419,-0.9030486901757806,37.192191272929996,0.28512007,vulnerable,991.537353515625
488948,-0.9113820201757807,34.46719236293,0.5218123,severely poor,821.1947021484375
488955,-0.9113820201757807,34.52552567293,0.4923989,poor,1785.437744140625
488956,-0.9113820201757807,34.53385900293,0.4976391,poor,1551.733642578125
488973,-0.9113820201757807,34.67552561293,0.4854429,poor,936.7649536132812
488974,-0.9113820201757807,34.68385894293,0.4693389,poor,1049.200927734375
488975,-0.9113820201757807,34.69219227293,0.4663444,poor,929.0748901367188
488976,-0.9113820201757807,34.70052560293,0.46629006,poor,979.2738037109375
488977,-0.9113820201757807,34.70885893293,0.46369445,poor,950.2545166015625
488978,-0.9113820201757807,34.71719226293,0.47208697,poor,812.8109130859375
488982,-0.9113820201757807,34.75052558293,0.47348282,poor,1105.50927734375
488983,-0.9113820201757807,34.75885891293,0.47573534,poor,916.8510131835938
488987,-0.9113820201757807,34.79219223293,0.3999786,poor,2269.875244140625
488988,-0.9113820201757807,34.80052556293,0.43083555,poor,1248.8619384765625
488989,-0.9113820201757807,34.80885889293,0.42479795,poor,1163.7506103515625
488990,-0.9113820201757807,34.81719222293,0.42440233,poor,942.081298828125
488994,-0.9113820201757807,34.85052554293,0.43322733,poor,896.0057373046875
488995,-0.9113820201757807,34.85885887293,0.43874812,poor,1275.7308349609375
488996,-0.9113820201757807,34.86719220293,0.46106103,poor,828.8994140625
489245,-0.9113820201757807,36.94219137293,0.2257368,vulnerable,873.8137817382812
489246,-0.9113820201757807,36.95052470293,0.22091739,vulnerable,811.5717163085938
489248,-0.9113820201757807,36.96719136293,0.22924858,vulnerable,845.7532348632812
489252,-0.9113820201757807,37.00052468293,0.24807641,vulnerable,984.0106201171875
489253,-0.9113820201757807,37.00885801293,0.25321597,vulnerable,940.226806640625
489254,-0.9113820201757807,37.01719134293,0.26712102,vulnerable,950.6453247070312
489255,-0.9113820201757807,37.02552467293,0.28809357,vulnerable,1038.292236328125
489258,-0.9113820201757807,37.05052466293,0.3830413,poor,852.3040161132812
489261,-0.9113820201757807,37.07552465293,0.3274864,vulnerable,1092.02880859375
489826,-0.9197153501757809,34.64219229293,0.51136905,severely poor,847.8040771484375
489827,-0.9197153501757809,34.65052562293,0.51356137,severely poor,855.6956787109375
489829,-0.9197153501757809,34.66719228293,0.5113229,severely poor,890.0270385742188
489830,-0.9197153501757809,34.67552561293,0.5093339,severely poor,894.1820068359375
489831,-0.9197153501757809,34.68385894293,0.5075195,severely poor,1145.5625
489832,-0.9197153501757809,34.69219227293,0.49348113,poor,923.2006225585938
489833,-0.9197153501757809,34.70052560293,0.48370957,poor,973.9826049804688
489834,-0.9197153501757809,34.70885893293,0.48319608,poor,1095.8448486328125
489835,-0.9197153501757809,34.71719226293,0.4841745,poor,992.2444458007812
489836,-0.9197153501757809,34.72552559293,0.48099056,poor,1229.42529296875
489837,-0.9197153501757809,34.73385892293,0.49731836,poor,1202.7652587890625
489838,-0.9197153501757809,34.74219225293,0.4944216,poor,952.2188720703125
489839,-0.9197153501757809,34.75052558293,0.48029882,poor,1521.53125
489840,-0.9197153501757809,34.75885891293,0.47089553,poor,800.5731811523438
489844,-0.9197153501757809,34.79219223293,0.41749525,poor,1122.998779296875
489845,-0.9197153501757809,34.80052556293,0.4172445,poor,1471.80908203125
489846,-0.9197153501757809,34.80885889293,0.4131627,poor,1200.81591796875
489847,-0.9197153501757809,34.81719222293,0.4161184,poor,1141.743408203125
489848,-0.9197153501757809,34.82552555293,0.40231994,poor,890.588623046875
489849,-0.9197153501757809,34.83385888293,0.40189916,poor,1181.8756103515625
489850,-0.9197153501757809,34.84219221293,0.410604,poor,1397.255615234375
489851,-0.9197153501757809,34.85052554293,0.41870716,poor,1409.165771484375
489852,-0.9197153501757809,34.85885887293,0.4289788,poor,1114.051513671875
490090,-0.9197153501757809,36.84219141293,0.31063148,vulnerable,1021.4595336914062
490105,-0.9197153501757809,36.96719136293,0.232771,vulnerable,866.8395385742188
490109,-0.9197153501757809,37.00052468293,0.22838496,vulnerable,839.840576171875
490111,-0.9197153501757809,37.01719134293,0.25467086,vulnerable,842.310546875
490112,-0.9197153501757809,37.02552467293,0.2863159,vulnerable,943.3037719726562
490124,-0.9197153501757809,37.12552463293,0.27611572,vulnerable,1944.2161865234375
490684,-0.9280486801757801,34.65052562293,0.5342678,severely poor,866.6309814453125
490685,-0.9280486801757801,34.65885895293,0.52073747,severely poor,911.2601318359375
490686,-0.9280486801757801,34.66719228293,0.53035957,severely poor,990.003173828125
490687,-0.9280486801757801,34.67552561293,0.52885324,severely poor,895.0205078125
490690,-0.9280486801757801,34.70052560293,0.51364225,severely poor,1016.2779541015625
490691,-0.9280486801757801,34.70885893293,0.5072562,severely poor,1204.6400146484375
490692,-0.9280486801757801,34.71719226293,0.5053744,severely poor,1087.2218017578125
490693,-0.9280486801757801,34.72552559293,0.5104548,severely poor,1231.3162841796875
490694,-0.9280486801757801,34.73385892293,0.5142406,severely poor,1019.6397094726562
490696,-0.9280486801757801,34.75052558293,0.50461036,severely poor,918.3287963867188
490697,-0.9280486801757801,34.75885891293,0.4794115,poor,1054.144287109375
490698,-0.9280486801757801,34.76719224293,0.45699516,poor,840.7376708984375
490700,-0.9280486801757801,34.78385890293,0.43277672,poor,841.4531860351562
490701,-0.9280486801757801,34.79219223293,0.4332936,poor,946.6730346679688
490702,-0.9280486801757801,34.80052556293,0.42868713,poor,878.8244018554688
490703,-0.9280486801757801,34.80885889293,0.41030058,poor,954.8034057617188
490704,-0.9280486801757801,34.81719222293,0.40929085,poor,1136.417724609375
490705,-0.9280486801757801,34.82552555293,0.41090474,poor,1128.936279296875
490706,-0.9280486801757801,34.83385888293,0.39751866,poor,1919.386962890625
490707,-0.9280486801757801,34.84219221293,0.40497258,poor,1324.3192138671875
490959,-0.9280486801757801,36.94219137293,0.21521723,vulnerable,1385.1177978515625
490963,-0.9280486801757801,36.97552469293,0.22756308,vulnerable,804.60302734375
490964,-0.9280486801757801,36.98385802293,0.23379812,vulnerable,851.34228515625
490967,-0.9280486801757801,37.00885801293,0.23301837,vulnerable,806.1399536132812
490968,-0.9280486801757801,37.01719134293,0.24504866,vulnerable,836.039794921875
490969,-0.9280486801757801,37.02552467293,0.25537142,vulnerable,960.6799926757812
490970,-0.9280486801757801,37.033858002929996,0.28191003,vulnerable,894.692626953125
490971,-0.9280486801757801,37.04219133293,0.29930472,vulnerable,862.84619140625
490972,-0.9280486801757801,37.05052466293,0.32963362,vulnerable,1005.6786499023438
490973,-0.9280486801757801,37.05885799293,0.3421687,poor,1549.9774169921875
490980,-0.9280486801757801,37.117191302929996,0.26633736,vulnerable,1381.37548828125
490981,-0.9280486801757801,37.12552463293,0.2629742,vulnerable,1339.46240234375
491092,-0.9280486801757801,38.05052426293,0.48257235,poor,1598.3892822265625
491093,-0.9280486801757801,38.058857592929996,0.50116855,severely poor,2043.7855224609375
491541,-0.9363820101757803,34.64219229293,0.5589951,severely poor,801.5274047851562
491543,-0.9363820101757803,34.65885895293,0.5499955,severely poor,866.8273315429688
491544,-0.9363820101757803,34.66719228293,0.5423613,severely poor,1013.4232788085938
491545,-0.9363820101757803,34.67552561293,0.5450885,severely poor,886.4951782226562
491546,-0.9363820101757803,34.68385894293,0.54045033,severely poor,863.6617431640625
491548,-0.9363820101757803,34.70052560293,0.5235161,severely poor,1025.5721435546875
491549,-0.9363820101757803,34.70885893293,0.5208514,severely poor,1526.0634765625
491550,-0.9363820101757803,34.71719226293,0.51739776,severely poor,1059.5068359375
491551,-0.9363820101757803,34.72552559293,0.52524585,severely poor,1512.177001953125
491552,-0.9363820101757803,34.73385892293,0.5360455,severely poor,1026.8345947265625
491555,-0.9363820101757803,34.75885891293,0.4856509,poor,891.0604248046875
491559,-0.9363820101757803,34.79219223293,0.44660428,poor,852.7967529296875
491634,-0.9363820101757803,35.41719198293,0.45921797,poor,920.917724609375
491814,-0.9363820101757803,36.91719138293,0.25201216,vulnerable,991.1426391601562
491815,-0.9363820101757803,36.92552471293,0.25035205,vulnerable,1364.165771484375
491819,-0.9363820101757803,36.958858032929996,0.22922198,vulnerable,951.9115600585938
491820,-0.9363820101757803,36.96719136293,0.23237352,vulnerable,1174.90625
491821,-0.9363820101757803,36.97552469293,0.24317284,vulnerable,1190.59521484375
491825,-0.9363820101757803,37.00885801293,0.23364729,vulnerable,883.8346557617188
491826,-0.9363820101757803,37.01719134293,0.23304841,vulnerable,1027.34130859375
491831,-0.9363820101757803,37.05885799293,0.32716706,vulnerable,994.4896850585938
491838,-0.9363820101757803,37.117191302929996,0.25596264,vulnerable,2289.534423828125
491839,-0.9363820101757803,37.12552463293,0.26330957,vulnerable,2030.3629150390625
491840,-0.9363820101757803,37.13385796293,0.27694476,vulnerable,1139.056884765625
491949,-0.9363820101757803,38.04219093293,0.512231,severely poor,1067.7020263671875
491950,-0.9363820101757803,38.05052426293,0.4815802,poor,2870.091552734375
491951,-0.9363820101757803,38.058857592929996,0.46548298,poor,4313.5830078125
491952,-0.9363820101757803,38.067190922929996,0.517235,severely poor,1586.32568359375
491953,-0.9363820101757803,38.07552425293,0.53346926,severely poor,831.9549560546875
492384,-0.9447153401757804,34.50885901293,0.4940843,poor,844.3677368164062
492405,-0.9447153401757804,34.68385894293,0.56934065,severely poor,1096.53857421875
492406,-0.9447153401757804,34.69219227293,0.551558,severely poor,1130.7916259765625
492407,-0.9447153401757804,34.70052560293,0.54973435,severely poor,1321.8922119140625
492408,-0.9447153401757804,34.70885893293,0.5369458,severely poor,1233.2633056640625
492409,-0.9447153401757804,34.71719226293,0.5495966,severely poor,926.1491088867188
492410,-0.9447153401757804,34.72552559293,0.5365198,severely poor,1029.8480224609375
492414,-0.9447153401757804,34.75885891293,0.48661047,poor,891.3782958984375
492634,-0.9447153401757804,36.59219151293,0.17927115,non-poor,1410.134765625
492638,-0.9447153401757804,36.62552483293,0.18563336,non-poor,1030.94384765625
492670,-0.9447153401757804,36.89219139293,0.29824352,vulnerable,842.6642456054688
492674,-0.9447153401757804,36.92552471293,0.26015058,vulnerable,871.0238647460938
492675,-0.9447153401757804,36.93385804293,0.25557154,vulnerable,870.63671875
492679,-0.9447153401757804,36.96719136293,0.23107705,vulnerable,1101.847900390625
492680,-0.9447153401757804,36.97552469293,0.2322352,vulnerable,1236.0804443359375
492681,-0.9447153401757804,36.98385802293,0.2346353,vulnerable,828.4625854492188
492683,-0.9447153401757804,37.00052468293,0.24237005,vulnerable,827.6558837890625
492684,-0.9447153401757804,37.00885801293,0.23804615,vulnerable,892.0845947265625
492685,-0.9447153401757804,37.01719134293,0.22541706,vulnerable,1927.206298828125
492686,-0.9447153401757804,37.02552467293,0.23611736,vulnerable,1002.7272338867188
492687,-0.9447153401757804,37.033858002929996,0.24718022,vulnerable,877.9365234375
492690,-0.9447153401757804,37.05885799293,0.3079035,vulnerable,820.1828002929688
492694,-0.9447153401757804,37.09219131293,0.27475756,vulnerable,815.0247802734375
492695,-0.9447153401757804,37.10052464293,0.24685372,vulnerable,2553.148193359375
492696,-0.9447153401757804,37.10885797293,0.25972527,vulnerable,1028.77294921875
492809,-0.9447153401757804,38.05052426293,0.5164092,severely poor,806.8658447265625
492810,-0.9447153401757804,38.058857592929996,0.5045662,severely poor,2028.3082275390625
492811,-0.9447153401757804,38.067190922929996,0.5245153,severely poor,947.6548461914062
493243,-0.9530486701757805,34.50885901293,0.4949835,poor,1722.318359375
493258,-0.9530486701757805,34.63385896293,0.59588224,severely poor,888.6724243164062
493259,-0.9530486701757805,34.64219229293,0.5944307,severely poor,1027.73095703125
493260,-0.9530486701757805,34.65052562293,0.60198134,severely poor,811.6317749023438
493264,-0.9530486701757805,34.68385894293,0.59582776,severely poor,1162.93310546875
493265,-0.9530486701757805,34.69219227293,0.5795487,severely poor,1151.4560546875
493266,-0.9530486701757805,34.70052560293,0.5698735,severely poor,1117.07080078125
493267,-0.9530486701757805,34.70885893293,0.5593285,severely poor,948.8471069335938
493268,-0.9530486701757805,34.71719226293,0.5679285,severely poor,1385.03515625
493269,-0.9530486701757805,34.72552559293,0.5641677,severely poor,1230.6649169921875
493496,-0.9530486701757805,36.61719150293,0.17709596,non-poor,1141.9842529296875
493497,-0.9530486701757805,36.62552483293,0.17959897,non-poor,1886.2935791015625
493529,-0.9530486701757805,36.89219139293,0.3065447,vulnerable,1778.8765869140625
493530,-0.9530486701757805,36.90052472293,0.3083975,vulnerable,1577.3094482421875
493531,-0.9530486701757805,36.90885805293,0.30359486,vulnerable,941.051025390625
493538,-0.9530486701757805,36.96719136293,0.2423228,vulnerable,804.2291870117188
493539,-0.9530486701757805,36.97552469293,0.24244773,vulnerable,912.4764404296875
493540,-0.9530486701757805,36.98385802293,0.24048941,vulnerable,1331.9610595703125
493541,-0.9530486701757805,36.99219135293,0.23826657,vulnerable,1340.9808349609375
493542,-0.9530486701757805,37.00052468293,0.24600159,vulnerable,1165.238037109375
493543,-0.9530486701757805,37.00885801293,0.24427122,vulnerable,892.837646484375
493544,-0.9530486701757805,37.01719134293,0.24146941,vulnerable,1112.2967529296875
493545,-0.9530486701757805,37.02552467293,0.23669116,vulnerable,1010.6744384765625
493546,-0.9530486701757805,37.033858002929996,0.24012263,vulnerable,1052.47509765625
493553,-0.9530486701757805,37.09219131293,0.2639374,vulnerable,951.4176025390625
493554,-0.9530486701757805,37.10052464293,0.25816718,vulnerable,2451.927490234375
493555,-0.9530486701757805,37.10885797293,0.25826958,vulnerable,2278.1376953125
494103,-0.9613820001757807,34.50885901293,0.5200567,severely poor,816.5089721679688
494123,-0.9613820001757807,34.67552561293,0.60414183,severely poor,1158.201171875
494124,-0.9613820001757807,34.68385894293,0.62032354,severely poor,1580.8668212890625
494125,-0.9613820001757807,34.69219227293,0.60116047,severely poor,1313.947509765625
494126,-0.9613820001757807,34.70052560293,0.5928802,severely poor,850.8377685546875
494145,-0.9613820001757807,34.85885887293,0.42469507,poor,822.3261108398438
494388,-0.9613820001757807,36.88385806293,0.3458691,poor,831.0862426757812
494389,-0.9613820001757807,36.89219139293,0.34048092,poor,865.0906372070312
494390,-0.9613820001757807,36.90052472293,0.33493194,poor,950.4473266601562
494392,-0.9613820001757807,36.91719138293,0.315068,vulnerable,868.5608520507812
494393,-0.9613820001757807,36.92552471293,0.3064603,vulnerable,924.0989379882812
494394,-0.9613820001757807,36.93385804293,0.29709834,vulnerable,810.0438232421875
494396,-0.9613820001757807,36.95052470293,0.26939428,vulnerable,829.6077270507812
494399,-0.9613820001757807,36.97552469293,0.24757537,vulnerable,859.1849365234375
494400,-0.9613820001757807,36.98385802293,0.24688143,vulnerable,1527.9466552734375
494401,-0.9613820001757807,36.99219135293,0.2443248,vulnerable,2681.96142578125
494402,-0.9613820001757807,37.00052468293,0.23639712,vulnerable,1055.837646484375
494403,-0.9613820001757807,37.00885801293,0.24031699,vulnerable,1066.6285400390625
494415,-0.9613820001757807,37.10885797293,0.27376986,vulnerable,1483.933349609375
494430,-0.9613820001757807,37.23385792293,0.34674448,poor,804.3173828125
494971,-0.9697153301757808,34.56719232293,0.51137704,severely poor,970.6808471679688
494972,-0.9697153301757808,34.57552565293,0.50223887,severely poor,899.580322265625
494984,-0.9697153301757808,34.67552561293,0.6370676,severely poor,1029.621337890625
495212,-0.9697153301757808,36.57552485293,0.21869779,vulnerable,1127.724609375
495218,-0.9697153301757808,36.62552483293,0.17744455,non-poor,842.94287109375
495253,-0.9697153301757808,36.91719138293,0.3418763,poor,845.08447265625
495254,-0.9697153301757808,36.92552471293,0.32691517,vulnerable,1914.9947509765625
495255,-0.9697153301757808,36.93385804293,0.32013887,vulnerable,896.3281860351562
495257,-0.9697153301757808,36.95052470293,0.2922941,vulnerable,1011.4526977539062
495258,-0.9697153301757808,36.958858032929996,0.28637302,vulnerable,1021.289306640625
495259,-0.9697153301757808,36.96719136293,0.27410936,vulnerable,888.2817993164062
495260,-0.9697153301757808,36.97552469293,0.26506025,vulnerable,1212.9732666015625
495261,-0.9697153301757808,36.98385802293,0.27262914,vulnerable,1145.5765380859375
495319,-0.9697153301757808,37.46719116293,0.41009614,poor,867.4518432617188
495320,-0.9697153301757808,37.47552449293,0.40142563,poor,1114.03369140625
496074,-0.978048660175781,36.57552485293,0.1785788,non-poor,1661.5933837890625
496075,-0.978048660175781,36.58385818293,0.20594385,vulnerable,2607.486083984375
496080,-0.978048660175781,36.62552483293,0.17246602,non-poor,2762.90380859375
496081,-0.978048660175781,36.63385816293,0.17433657,non-poor,1966.6641845703125
496116,-0.978048660175781,36.92552471293,0.35432592,poor,977.9552001953125
496119,-0.978048660175781,36.95052470293,0.29562685,vulnerable,967.7282104492188
496120,-0.978048660175781,36.958858032929996,0.29095745,vulnerable,1732.4805908203125
496121,-0.978048660175781,36.96719136293,0.29701784,vulnerable,1173.4630126953125
496936,-0.9863819901757802,36.57552485293,0.21665992,vulnerable,979.4985961914062
496937,-0.9863819901757802,36.58385818293,0.21935046,vulnerable,1741.4652099609375
496942,-0.9863819901757802,36.62552483293,0.17868808,non-poor,1605.1829833984375
496943,-0.9863819901757802,36.63385816293,0.17612351,non-poor,1658.05908203125
496945,-0.9863819901757802,36.65052482293,0.19896066,non-poor,1068.996337890625
496977,-0.9863819901757802,36.91719138293,0.3871771,poor,1056.181884765625
496979,-0.9863819901757802,36.93385804293,0.35205686,poor,972.048583984375
496981,-0.9863819901757802,36.95052470293,0.3228537,vulnerable,1574.1156005859375
496982,-0.9863819901757802,36.958858032929996,0.3180596,vulnerable,1920.93310546875
496983,-0.9863819901757802,36.96719136293,0.29902294,vulnerable,1963.1077880859375
496984,-0.9863819901757802,36.97552469293,0.29622418,vulnerable,861.6729125976562
497002,-0.9863819901757802,37.12552463293,0.26221135,vulnerable,1153.6126708984375
497487,-0.9947153201757803,34.08385918293,0.6549383,severely poor,1097.3382568359375
497488,-0.9947153201757803,34.09219251293,0.6359692,severely poor,3089.79541015625
497489,-0.9947153201757803,34.10052584293,0.68030834,severely poor,1624.302490234375
497582,-0.9947153201757803,34.87552553293,0.4212124,poor,1292.6923828125
497583,-0.9947153201757803,34.88385886293,0.4312089,poor,809.9908447265625
497818,-0.9947153201757803,36.84219141293,0.33461887,poor,900.7886352539062
497819,-0.9947153201757803,36.85052474293,0.34872657,poor,1350.4774169921875
497825,-0.9947153201757803,36.90052472293,0.3839953,poor,820.5975952148438
497828,-0.9947153201757803,36.92552471293,0.39148438,poor,987.4344482421875
497829,-0.9947153201757803,36.93385804293,0.38144314,poor,1031.9327392578125
497831,-0.9947153201757803,36.95052470293,0.35572737,poor,1540.2039794921875
497832,-0.9947153201757803,36.958858032929996,0.33418348,poor,1204.640625
497833,-0.9947153201757803,36.96719136293,0.3147638,vulnerable,1048.658447265625
497834,-0.9947153201757803,36.97552469293,0.29026875,vulnerable,970.1561279296875
497853,-0.9947153201757803,37.13385796293,0.2489249,vulnerable,1111.3974609375
497854,-0.9947153201757803,37.14219129293,0.27249405,vulnerable,1097.8634033203125
497877,-0.9947153201757803,37.33385788293,0.3893948,poor,877.8310546875
498334,-1.0030486501757805,34.05052586293,0.6740589,severely poor,1441.1680908203125
498340,-1.0030486501757805,34.10052584293,0.6657203,severely poor,1160.3267822265625
498341,-1.0030486501757805,34.10885917293,0.63883084,severely poor,938.0147094726562
498433,-1.0030486501757805,34.87552553293,0.3935611,poor,2807.5703125
498434,-1.0030486501757805,34.88385886293,0.43047702,poor,1417.70166015625
498643,-1.0030486501757805,36.62552483293,0.17495158,non-poor,944.2322387695312
498644,-1.0030486501757805,36.63385816293,0.17185837,non-poor,1181.0382080078125
498656,-1.0030486501757805,36.73385812293,0.2182031,vulnerable,1073.090576171875
498657,-1.0030486501757805,36.74219145293,0.20851305,vulnerable,1828.8662109375
498674,-1.0030486501757805,36.88385806293,0.353543,poor,937.026611328125
498675,-1.0030486501757805,36.89219139293,0.31373766,vulnerable,1036.25
498676,-1.0030486501757805,36.90052472293,0.36925572,poor,1253.413818359375
498678,-1.0030486501757805,36.91719138293,0.39205787,poor,1627.35595703125
498679,-1.0030486501757805,36.92552471293,0.3862263,poor,811.1179809570312
498680,-1.0030486501757805,36.93385804293,0.37858856,poor,866.5288696289062
498683,-1.0030486501757805,36.958858032929996,0.32520637,vulnerable,960.8289184570312
498707,-1.0030486501757805,37.15885795293,0.29258707,vulnerable,816.8713989257812
499286,-1.0113819801757806,34.87552553293,0.44397724,poor,958.2633666992188
499496,-1.0113819801757806,36.62552483293,0.17443411,non-poor,1051.132080078125
499512,-1.0113819801757806,36.75885811293,0.21169178,vulnerable,876.8975219726562
499517,-1.0113819801757806,36.800524762929996,0.2564636,vulnerable,902.4868774414062
499520,-1.0113819801757806,36.82552475293,0.28552818,vulnerable,816.7762451171875
499528,-1.0113819801757806,36.89219139293,0.31569776,vulnerable,1877.11083984375
499529,-1.0113819801757806,36.90052472293,0.29411525,vulnerable,3344.3232421875
499530,-1.0113819801757806,36.90885805293,0.35657403,poor,2121.48583984375
499531,-1.0113819801757806,36.91719138293,0.38882947,poor,964.1986083984375
499532,-1.0113819801757806,36.92552471293,0.41218218,poor,925.8046264648438
500369,-1.0197153101757808,36.800524762929996,0.23114847,vulnerable,842.784423828125
500372,-1.0197153101757808,36.82552475293,0.257872,vulnerable,901.5048828125
500373,-1.0197153101757808,36.83385808293,0.2683968,vulnerable,916.006591796875
500374,-1.0197153101757808,36.84219141293,0.27880833,vulnerable,932.218994140625
500377,-1.0197153101757808,36.86719140293,0.3097926,vulnerable,1360.451171875
500378,-1.0197153101757808,36.875524732929996,0.3232442,vulnerable,847.099365234375
500380,-1.0197153101757808,36.89219139293,0.31494275,vulnerable,1019.8048706054688
500381,-1.0197153101757808,36.90052472293,0.3239344,vulnerable,1869.988525390625
500382,-1.0197153101757808,36.90885805293,0.338183,poor,1968.860107421875
500383,-1.0197153101757808,36.91719138293,0.3528363,poor,1005.1605834960938
500384,-1.0197153101757808,36.92552471293,0.39171717,poor,1494.4833984375
501217,-1.028048640175781,36.80885809293,0.21912903,vulnerable,825.489990234375
501219,-1.028048640175781,36.82552475293,0.22994758,vulnerable,1402.609619140625
501220,-1.028048640175781,36.83385808293,0.23977822,vulnerable,894.0597534179688
501221,-1.028048640175781,36.84219141293,0.2531707,vulnerable,850.1654663085938
501222,-1.028048640175781,36.85052474293,0.26695776,vulnerable,826.888916015625
501225,-1.028048640175781,36.875524732929996,0.3002265,vulnerable,1101.8555908203125
501228,-1.028048640175781,36.90052472293,0.30376238,vulnerable,881.706298828125
501248,-1.028048640175781,37.06719132293,0.13831577,non-poor,2509.58154296875
501249,-1.028048640175781,37.07552465293,0.1514091,non-poor,1563.32470703125
501250,-1.028048640175781,37.08385798293,0.186249,non-poor,832.1424560546875
501779,-1.0363819701757802,34.47552569293,0.5317244,severely poor,1008.3821411132812
501792,-1.0363819701757802,34.58385898293,0.5412138,severely poor,812.8941040039062
502039,-1.0363819701757802,36.642191492929996,0.15720971,non-poor,814.7560424804688
502061,-1.0363819701757802,36.82552475293,0.20803216,vulnerable,911.1505737304688
502062,-1.0363819701757802,36.83385808293,0.21590455,vulnerable,892.49658203125
502064,-1.0363819701757802,36.85052474293,0.2413587,vulnerable,870.8126831054688
502066,-1.0363819701757802,36.86719140293,0.2589936,vulnerable,833.02392578125
502067,-1.0363819701757802,36.875524732929996,0.26781657,vulnerable,913.3388061523438
502071,-1.0363819701757802,36.90885805293,0.31182873,vulnerable,1027.8359375
502089,-1.0363819701757802,37.05885799293,0.118394345,non-poor,1535.7574462890625
502090,-1.0363819701757802,37.06719132293,0.05282376,non-poor,4087.995849609375
502091,-1.0363819701757802,37.07552465293,0.07667114,non-poor,5496.58837890625
502092,-1.0363819701757802,37.08385798293,0.12195864,non-poor,6005.23779296875
502093,-1.0363819701757802,37.09219131293,0.14618553,non-poor,2237.67919921875
502094,-1.0363819701757802,37.10052464293,0.16592477,non-poor,1520.4654541015625
502101,-1.0363819701757802,37.15885795293,0.18866089,non-poor,1219.448486328125
502619,-1.0447153001757803,34.45885903293,0.5486682,severely poor,1139.428955078125
502620,-1.0447153001757803,34.46719236293,0.53624165,severely poor,1257.566162109375
502621,-1.0447153001757803,34.47552569293,0.52189034,severely poor,1738.1846923828125
502622,-1.0447153001757803,34.48385902293,0.5393248,severely poor,863.3062744140625
502823,-1.0447153001757803,36.15885835293,0.4093538,poor,1440.1436767578125
502844,-1.0447153001757803,36.33385828293,0.29666048,vulnerable,1179.7650146484375
502880,-1.0447153001757803,36.63385816293,0.1608734,non-poor,812.1417846679688
502881,-1.0447153001757803,36.642191492929996,0.16610374,non-poor,831.013916015625
502896,-1.0447153001757803,36.76719144293,0.1490892,non-poor,1209.8829345703125
502897,-1.0447153001757803,36.77552477293,0.14911522,non-poor,952.49267578125
502898,-1.0447153001757803,36.78385810293,0.15635498,non-poor,807.9486083984375
502899,-1.0447153001757803,36.79219143293,0.16374835,non-poor,867.9005737304688
502905,-1.0447153001757803,36.84219141293,0.20756416,vulnerable,826.0692749023438
502906,-1.0447153001757803,36.85052474293,0.21911365,vulnerable,889.2700805664062
502907,-1.0447153001757803,36.85885807293,0.23081096,vulnerable,1225.956787109375
502908,-1.0447153001757803,36.86719140293,0.23466156,vulnerable,936.3931274414062
502910,-1.0447153001757803,36.88385806293,0.240221,vulnerable,908.8801879882812
502913,-1.0447153001757803,36.90885805293,0.29018646,vulnerable,811.9539794921875
502931,-1.0447153001757803,37.05885799293,0.13684347,non-poor,1037.349853515625
502932,-1.0447153001757803,37.06719132293,0.10554814,non-poor,2491.551025390625
502933,-1.0447153001757803,37.07552465293,0.11645477,non-poor,2387.20556640625
502934,-1.0447153001757803,37.08385798293,0.110460445,non-poor,4789.34619140625
502935,-1.0447153001757803,37.09219131293,0.12965749,non-poor,7404.57275390625
502936,-1.0447153001757803,37.10052464293,0.15830655,non-poor,2140.72998046875
502937,-1.0447153001757803,37.10885797293,0.20252566,vulnerable,1164.6917724609375
502938,-1.0447153001757803,37.117191302929996,0.22120143,vulnerable,978.5606689453125
503460,-1.0530486301757804,34.45885903293,0.54924387,severely poor,1729.676025390625
503461,-1.0530486301757804,34.46719236293,0.5223039,severely poor,2499.654541015625
503462,-1.0530486301757804,34.47552569293,0.51160663,severely poor,2629.70263671875
503463,-1.0530486301757804,34.48385902293,0.5409964,severely poor,1514.5802001953125
503464,-1.0530486301757804,34.49219235293,0.5381222,severely poor,989.5841674804688
503718,-1.0530486301757804,36.60885817293,0.1849864,non-poor,804.4088745117188
503719,-1.0530486301757804,36.61719150293,0.16875665,non-poor,873.5986938476562
503720,-1.0530486301757804,36.62552483293,0.16338873,non-poor,1647.51513671875
503721,-1.0530486301757804,36.63385816293,0.16435742,non-poor,1448.6656494140625
503735,-1.0530486301757804,36.75052478293,0.14846605,non-poor,906.3126220703125
503736,-1.0530486301757804,36.75885811293,0.14492722,non-poor,1010.434814453125
503737,-1.0530486301757804,36.76719144293,0.14234152,non-poor,1474.2864990234375
503738,-1.0530486301757804,36.77552477293,0.14700536,non-poor,3142.03759765625
503739,-1.0530486301757804,36.78385810293,0.15169406,non-poor,1839.093505859375
503740,-1.0530486301757804,36.79219143293,0.14690763,non-poor,1102.3187255859375
503741,-1.0530486301757804,36.800524762929996,0.15951873,non-poor,934.99658203125
503743,-1.0530486301757804,36.81719142293,0.16964594,non-poor,859.4074096679688
503745,-1.0530486301757804,36.83385808293,0.178805,non-poor,802.456298828125
503749,-1.0530486301757804,36.86719140293,0.21115449,vulnerable,1266.0595703125
503750,-1.0530486301757804,36.875524732929996,0.22015682,vulnerable,1057.069091796875
503751,-1.0530486301757804,36.88385806293,0.21937011,vulnerable,1030.0059814453125
503753,-1.0530486301757804,36.90052472293,0.24488892,vulnerable,1286.1881103515625
503754,-1.0530486301757804,36.90885805293,0.26054475,vulnerable,1471.6531982421875
503755,-1.0530486301757804,36.91719138293,0.28694937,vulnerable,895.8510131835938
503758,-1.0530486301757804,36.94219137293,0.28399965,vulnerable,1756.3154296875
503772,-1.0530486301757804,37.05885799293,0.18130416,non-poor,2126.29248046875
503773,-1.0530486301757804,37.06719132293,0.14759964,non-poor,2007.737548828125
503774,-1.0530486301757804,37.07552465293,0.11162494,non-poor,5492.69482421875
503775,-1.0530486301757804,37.08385798293,0.09985431,non-poor,4552.66162109375
503776,-1.0530486301757804,37.09219131293,0.09836189,non-poor,8415.3115234375
503777,-1.0530486301757804,37.10052464293,0.10070291,non-poor,11132.70703125
503778,-1.0530486301757804,37.10885797293,0.14099818,non-poor,6235.4228515625
503779,-1.0530486301757804,37.117191302929996,0.19706818,non-poor,1095.929931640625
503782,-1.0530486301757804,37.14219129293,0.2069863,vulnerable,1458.1204833984375
504294,-1.0613819601757806,34.41719238293,0.5731972,severely poor,819.4176025390625
504298,-1.0613819601757806,34.45052570293,0.5441259,severely poor,1139.984619140625
504299,-1.0613819601757806,34.45885903293,0.4962765,poor,3028.589599609375
504300,-1.0613819601757806,34.46719236293,0.45394105,poor,6646.2568359375
504301,-1.0613819601757806,34.47552569293,0.5078886,severely poor,3838.8681640625
504302,-1.0613819601757806,34.48385902293,0.54740256,severely poor,1884.4527587890625
504303,-1.0613819601757806,34.49219235293,0.543212,severely poor,1176.9354248046875
504568,-1.0613819601757806,36.70052480293,0.14624576,non-poor,960.0388793945312
504570,-1.0613819601757806,36.717191462929996,0.15034258,non-poor,1658.7850341796875
504574,-1.0613819601757806,36.75052478293,0.1449146,non-poor,1041.5953369140625
504575,-1.0613819601757806,36.75885811293,0.15357581,non-poor,1672.1297607421875
504576,-1.0613819601757806,36.76719144293,0.1486485,non-poor,2829.091552734375
504577,-1.0613819601757806,36.77552477293,0.14792125,non-poor,2120.83154296875
504578,-1.0613819601757806,36.78385810293,0.14973547,non-poor,2048.416015625
504579,-1.0613819601757806,36.79219143293,0.14982451,non-poor,1204.7044677734375
504580,-1.0613819601757806,36.800524762929996,0.15247929,non-poor,903.8082275390625
504588,-1.0613819601757806,36.86719140293,0.19568586,non-poor,866.1011962890625
504589,-1.0613819601757806,36.875524732929996,0.19698095,non-poor,1023.9259033203125
504590,-1.0613819601757806,36.88385806293,0.20309255,vulnerable,1028.60400390625
504610,-1.0613819601757806,37.05052466293,0.19529535,non-poor,2045.159423828125
504611,-1.0613819601757806,37.05885799293,0.20204803,vulnerable,1348.744873046875
504613,-1.0613819601757806,37.07552465293,0.18570489,non-poor,1406.5384521484375
504614,-1.0613819601757806,37.08385798293,0.17530394,non-poor,1919.89697265625
504615,-1.0613819601757806,37.09219131293,0.17389843,non-poor,2994.087890625
504616,-1.0613819601757806,37.10052464293,0.17142564,non-poor,5149.57275390625
504617,-1.0613819601757806,37.10885797293,0.15478785,non-poor,5683.25048828125
504618,-1.0613819601757806,37.117191302929996,0.194625,non-poor,2068.931396484375
504619,-1.0613819601757806,37.12552463293,0.21702328,vulnerable,945.7198486328125
504620,-1.0613819601757806,37.13385796293,0.22440565,vulnerable,1485.3507080078125
504621,-1.0613819601757806,37.14219129293,0.21180405,vulnerable,3940.60546875
504622,-1.0613819601757806,37.15052462293,0.24403036,vulnerable,2900.549072265625
504632,-1.0613819601757806,37.23385792293,0.27473992,vulnerable,818.6279296875
505134,-1.0697152901757807,34.43385904293,0.5705124,severely poor,854.7162475585938
505136,-1.0697152901757807,34.45052570293,0.54091376,severely poor,1350.3004150390625
505137,-1.0697152901757807,34.45885903293,0.5074929,severely poor,3352.03466796875
505138,-1.0697152901757807,34.46719236293,0.508492,severely poor,5235.9228515625
505139,-1.0697152901757807,34.47552569293,0.5269919,severely poor,2940.344970703125
505140,-1.0697152901757807,34.48385902293,0.54196423,severely poor,1822.5045166015625
505141,-1.0697152901757807,34.49219235293,0.5440885,severely poor,817.2874755859375
505305,-1.0697152901757807,35.85885847293,0.41689903,poor,806.0283203125
505306,-1.0697152901757807,35.86719180293,0.43597782,poor,1383.4617919921875
505307,-1.0697152901757807,35.87552513293,0.4506043,poor,997.2398071289062
505396,-1.0697152901757807,36.61719150293,0.15119894,non-poor,1019.0520629882812
505405,-1.0697152901757807,36.69219147293,0.15206973,non-poor,1007.1416015625
505406,-1.0697152901757807,36.70052480293,0.15209918,non-poor,1386.367919921875
505413,-1.0697152901757807,36.75885811293,0.15851153,non-poor,1027.4942626953125
505414,-1.0697152901757807,36.76719144293,0.1575593,non-poor,811.0178833007812
505417,-1.0697152901757807,36.79219143293,0.15381734,non-poor,961.2791748046875
505421,-1.0697152901757807,36.82552475293,0.15874085,non-poor,1085.5997314453125
505422,-1.0697152901757807,36.83385808293,0.16197388,non-poor,916.4623413085938
505427,-1.0697152901757807,36.875524732929996,0.18043765,non-poor,1072.373046875
505428,-1.0697152901757807,36.88385806293,0.19420855,non-poor,823.6348876953125
505442,-1.0697152901757807,37.00052468293,0.23259166,vulnerable,1178.81494140625
505448,-1.0697152901757807,37.05052466293,0.20138969,vulnerable,3499.04296875
505449,-1.0697152901757807,37.05885799293,0.2172053,vulnerable,1840.033935546875
505451,-1.0697152901757807,37.07552465293,0.19600245,non-poor,1202.3250732421875
505452,-1.0697152901757807,37.08385798293,0.16515967,non-poor,2985.973876953125
505453,-1.0697152901757807,37.09219131293,0.18242335,non-poor,5932.505859375
505454,-1.0697152901757807,37.10052464293,0.20987791,vulnerable,2990.187255859375
505455,-1.0697152901757807,37.10885797293,0.22251248,vulnerable,1269.320068359375
505459,-1.0697152901757807,37.14219129293,0.24605481,vulnerable,1750.259765625
505460,-1.0697152901757807,37.15052462293,0.2596651,vulnerable,2203.88232421875
505473,-1.0697152901757807,37.25885791293,0.3067519,vulnerable,848.4369506835938
505973,-1.0780486201757808,34.45052570293,0.56017745,severely poor,1232.31103515625
505974,-1.0780486201757808,34.45885903293,0.5433226,severely poor,2488.16015625
505975,-1.0780486201757808,34.46719236293,0.54934174,severely poor,2214.737548828125
505976,-1.0780486201757808,34.47552569293,0.55748266,severely poor,1794.4818115234375
505977,-1.0780486201757808,34.48385902293,0.5546175,severely poor,1452.0572509765625
506142,-1.0780486201757808,35.85885847293,0.41001856,poor,1273.9906005859375
506143,-1.0780486201757808,35.86719180293,0.38037366,poor,2405.554443359375
506144,-1.0780486201757808,35.87552513293,0.4250412,poor,3157.029052734375
506145,-1.0780486201757808,35.88385846293,0.44462475,poor,1067.691650390625
506232,-1.0780486201757808,36.60885817293,0.1574251,non-poor,855.9439697265625
506233,-1.0780486201757808,36.61719150293,0.13725777,non-poor,1864.498291015625
506234,-1.0780486201757808,36.62552483293,0.14563017,non-poor,2476.388671875
506246,-1.0780486201757808,36.72552479293,0.16043879,non-poor,916.722900390625
506247,-1.0780486201757808,36.73385812293,0.16014288,non-poor,1070.0108642578125
506248,-1.0780486201757808,36.74219145293,0.15985289,non-poor,907.2081909179688
506259,-1.0780486201757808,36.83385808293,0.16861276,non-poor,848.9885864257812
506261,-1.0780486201757808,36.85052474293,0.1632861,non-poor,921.6965942382812
506262,-1.0780486201757808,36.85885807293,0.16336472,non-poor,1112.007080078125
506279,-1.0780486201757808,37.00052468293,0.21603276,vulnerable,1007.9795532226562
506280,-1.0780486201757808,37.00885801293,0.19695725,non-poor,882.914794921875
506281,-1.0780486201757808,37.01719134293,0.18808956,non-poor,1242.49609375
506282,-1.0780486201757808,37.02552467293,0.17349876,non-poor,1924.4498291015625
506284,-1.0780486201757808,37.04219133293,0.20987706,vulnerable,1035.303466796875
506285,-1.0780486201757808,37.05052466293,0.21711807,vulnerable,908.7464599609375
506289,-1.0780486201757808,37.08385798293,0.23072386,vulnerable,1105.21826171875
506290,-1.0780486201757808,37.09219131293,0.22630075,vulnerable,3953.82080078125
506291,-1.0780486201757808,37.10052464293,0.22090356,vulnerable,2352.747802734375
506292,-1.0780486201757808,37.10885797293,0.23803337,vulnerable,877.4415893554688
506297,-1.0780486201757808,37.15052462293,0.28122616,vulnerable,870.2042846679688
506309,-1.0780486201757808,37.25052458293,0.2870969,vulnerable,886.2808227539062
506809,-1.08638195017578,34.45052570293,0.5534908,severely poor,1370.056640625
506810,-1.08638195017578,34.45885903293,0.54678965,severely poor,2046.6929931640625
506811,-1.08638195017578,34.46719236293,0.5642528,severely poor,1142.9600830078125
506812,-1.08638195017578,34.47552569293,0.57110023,severely poor,806.68212890625
506978,-1.08638195017578,35.85885847293,0.38294163,poor,909.0383911132812
506979,-1.08638195017578,35.86719180293,0.35359457,poor,1834.771240234375
506980,-1.08638195017578,35.87552513293,0.38032162,poor,3185.65673828125
506981,-1.08638195017578,35.88385846293,0.43817753,poor,1627.972412109375
507069,-1.08638195017578,36.61719150293,0.15299015,non-poor,1741.561279296875
507070,-1.08638195017578,36.62552483293,0.14656572,non-poor,3119.007080078125
507071,-1.08638195017578,36.63385816293,0.15046649,non-poor,1273.4039306640625
507078,-1.08638195017578,36.69219147293,0.13710214,non-poor,1548.887451171875
507082,-1.08638195017578,36.72552479293,0.15566903,non-poor,1850.8868408203125
507083,-1.08638195017578,36.73385812293,0.1547665,non-poor,3694.839111328125
507084,-1.08638195017578,36.74219145293,0.16054629,non-poor,1163.505859375
507088,-1.08638195017578,36.77552477293,0.15192775,non-poor,903.008056640625
507089,-1.08638195017578,36.78385810293,0.1434897,non-poor,1391.271240234375
507090,-1.08638195017578,36.79219143293,0.14530806,non-poor,1207.961181640625
507092,-1.08638195017578,36.80885809293,0.15630741,non-poor,861.574462890625
507093,-1.08638195017578,36.81719142293,0.16123499,non-poor,1356.6578369140625
507094,-1.08638195017578,36.82552475293,0.15973176,non-poor,1136.3109130859375
507095,-1.08638195017578,36.83385808293,0.16100569,non-poor,1137.114013671875
507097,-1.08638195017578,36.85052474293,0.16580637,non-poor,878.038330078125
507098,-1.08638195017578,36.85885807293,0.15830974,non-poor,2417.031494140625
507099,-1.08638195017578,36.86719140293,0.1601976,non-poor,1339.0322265625
507115,-1.08638195017578,37.00052468293,0.19758926,non-poor,887.819091796875
507116,-1.08638195017578,37.00885801293,0.16718426,non-poor,1129.4627685546875
507117,-1.08638195017578,37.01719134293,0.1643124,non-poor,5370.8046875
507118,-1.08638195017578,37.02552467293,0.17684567,non-poor,3422.66015625
507119,-1.08638195017578,37.033858002929996,0.19380008,non-poor,1677.8587646484375
507126,-1.08638195017578,37.09219131293,0.24943617,vulnerable,831.3776245117188
507145,-1.08638195017578,37.25052458293,0.3063499,vulnerable,967.3594360351562
507644,-1.0947152801757802,34.45052570293,0.5630261,severely poor,1104.5921630859375
507812,-1.0947152801757802,35.85052514293,0.3940705,poor,1057.816650390625
507815,-1.0947152801757802,35.87552513293,0.4547423,poor,1134.3538818359375
507816,-1.0947152801757802,35.88385846293,0.44899383,poor,1576.8331298828125
507817,-1.0947152801757802,35.89219179293,0.44935688,poor,1092.746337890625
507904,-1.0947152801757802,36.61719150293,0.14859353,non-poor,915.3619995117188
507905,-1.0947152801757802,36.62552483293,0.1308465,non-poor,1655.491455078125
507906,-1.0947152801757802,36.63385816293,0.122978866,non-poor,1622.5892333984375
507907,-1.0947152801757802,36.642191492929996,0.13185386,non-poor,1331.1712646484375
507908,-1.0947152801757802,36.65052482293,0.12784824,non-poor,1016.2166137695312
507918,-1.0947152801757802,36.73385812293,0.13798949,non-poor,1184.3109130859375
507919,-1.0947152801757802,36.74219145293,0.14443177,non-poor,1098.57568359375
507922,-1.0947152801757802,36.76719144293,0.15963271,non-poor,871.5814819335938
507923,-1.0947152801757802,36.77552477293,0.15115213,non-poor,1234.3284912109375
507924,-1.0947152801757802,36.78385810293,0.15094179,non-poor,1096.8006591796875
507925,-1.0947152801757802,36.79219143293,0.14425243,non-poor,2047.2744140625
507926,-1.0947152801757802,36.800524762929996,0.14403069,non-poor,913.9163818359375
507928,-1.0947152801757802,36.81719142293,0.15747643,non-poor,1259.53173828125
507929,-1.0947152801757802,36.82552475293,0.15243258,non-poor,2334.98486328125
507930,-1.0947152801757802,36.83385808293,0.15106188,non-poor,1006.07568359375
507931,-1.0947152801757802,36.84219141293,0.16144738,non-poor,885.26318359375
507932,-1.0947152801757802,36.85052474293,0.16628513,non-poor,891.6578979492188
507933,-1.0947152801757802,36.85885807293,0.16312514,non-poor,1537.2880859375
507934,-1.0947152801757802,36.86719140293,0.16201168,non-poor,1844.4521484375
507951,-1.0947152801757802,37.00885801293,0.1252891,non-poor,1917.0313720703125
507952,-1.0947152801757802,37.01719134293,0.14001834,non-poor,4083.875
507953,-1.0947152801757802,37.02552467293,0.1815674,non-poor,1764.916748046875
507956,-1.0947152801757802,37.05052466293,0.2286324,vulnerable,1934.596435546875
507957,-1.0947152801757802,37.05885799293,0.244541,vulnerable,858.9688720703125
508471,-1.1030486101757804,34.39219239293,0.5968912,severely poor,959.0170288085938
508498,-1.1030486101757804,34.61719230293,0.6271767,severely poor,840.5984497070312
508647,-1.1030486101757804,35.85885847293,0.47427455,poor,835.689208984375
508739,-1.1030486101757804,36.62552483293,0.06658879,non-poor,1501.9779052734375
508740,-1.1030486101757804,36.63385816293,0.06833512,non-poor,2629.200927734375
508741,-1.1030486101757804,36.642191492929996,0.09969928,non-poor,4123.4013671875
508742,-1.1030486101757804,36.65052482293,0.13361908,non-poor,1602.8304443359375
508753,-1.1030486101757804,36.74219145293,0.1492557,non-poor,1061.6414794921875
508756,-1.1030486101757804,36.76719144293,0.1613631,non-poor,949.419189453125
508757,-1.1030486101757804,36.77552477293,0.15196097,non-poor,1199.204833984375
508758,-1.1030486101757804,36.78385810293,0.14762647,non-poor,1695.78759765625
508759,-1.1030486101757804,36.79219143293,0.13946018,non-poor,1993.8951416015625
508760,-1.1030486101757804,36.800524762929996,0.14199084,non-poor,1455.1446533203125
508761,-1.1030486101757804,36.80885809293,0.14432727,non-poor,846.871337890625
508762,-1.1030486101757804,36.81719142293,0.15428312,non-poor,1378.3150634765625
508763,-1.1030486101757804,36.82552475293,0.14887246,non-poor,1077.283935546875
508764,-1.1030486101757804,36.83385808293,0.15097024,non-poor,812.1953735351562
508785,-1.1030486101757804,37.00885801293,0.11355771,non-poor,2148.630615234375
508786,-1.1030486101757804,37.01719134293,0.1553072,non-poor,2775.865478515625
508791,-1.1030486101757804,37.05885799293,0.24929713,vulnerable,990.5286254882812
509331,-1.1113819401757805,34.61719230293,0.625241,severely poor,870.9697875976562
509571,-1.1113819401757805,36.61719150293,0.14188892,non-poor,1105.315185546875
509572,-1.1113819401757805,36.62552483293,0.12390798,non-poor,3192.455078125
509573,-1.1113819401757805,36.63385816293,0.115123555,non-poor,2336.35791015625
509574,-1.1113819401757805,36.642191492929996,0.10949379,non-poor,4822.0771484375
509575,-1.1113819401757805,36.65052482293,0.1324051,non-poor,2150.842041015625
509591,-1.1113819401757805,36.78385810293,0.1521755,non-poor,823.70849609375
509592,-1.1113819401757805,36.79219143293,0.14019567,non-poor,1111.0128173828125
509594,-1.1113819401757805,36.80885809293,0.14310078,non-poor,1094.89013671875
509595,-1.1113819401757805,36.81719142293,0.14362298,non-poor,877.7806396484375
509618,-1.1113819401757805,37.00885801293,0.17076042,non-poor,1691.6917724609375
509619,-1.1113819401757805,37.01719134293,0.1821254,non-poor,1020.0361328125
509637,-1.1113819401757805,37.16719128293,0.2790301,vulnerable,1042.2115478515625
509641,-1.1113819401757805,37.20052460293,0.32040703,vulnerable,887.5407104492188
510402,-1.1197152701757807,36.60885817293,0.1499484,non-poor,938.0269165039062
510403,-1.1197152701757807,36.61719150293,0.14627174,non-poor,976.9446411132812
510404,-1.1197152701757807,36.62552483293,0.13842969,non-poor,2029.427734375
510405,-1.1197152701757807,36.63385816293,0.13758796,non-poor,927.3292846679688
510406,-1.1197152701757807,36.642191492929996,0.13307148,non-poor,2246.877685546875
510407,-1.1197152701757807,36.65052482293,0.12862036,non-poor,1762.15380859375
510408,-1.1197152701757807,36.65885815293,0.11745609,non-poor,959.3740234375
510409,-1.1197152701757807,36.66719148293,0.12154917,non-poor,856.7728881835938
510410,-1.1197152701757807,36.67552481293,0.123523764,non-poor,1149.7200927734375
510411,-1.1197152701757807,36.68385814293,0.11544165,non-poor,987.057861328125
510426,-1.1197152701757807,36.80885809293,0.13641424,non-poor,1584.8983154296875
510427,-1.1197152701757807,36.81719142293,0.14183784,non-poor,1249.9947509765625
510449,-1.1197152701757807,37.00052468293,0.15531977,non-poor,1140.05908203125
510450,-1.1197152701757807,37.00885801293,0.16922267,non-poor,2321.489501953125
510451,-1.1197152701757807,37.01719134293,0.18618853,non-poor,879.852294921875
511235,-1.1280486001757808,36.62552483293,0.14282587,non-poor,1078.202880859375
511236,-1.1280486001757808,36.63385816293,0.13949107,non-poor,1107.001953125
511240,-1.1280486001757808,36.66719148293,0.12170663,non-poor,1028.2578125
511256,-1.1280486001757808,36.800524762929996,0.13673495,non-poor,1402.080810546875
511257,-1.1280486001757808,36.80885809293,0.1328617,non-poor,3010.212890625
511258,-1.1280486001757808,36.81719142293,0.13605008,non-poor,1545.0208740234375
511259,-1.1280486001757808,36.82552475293,0.14393646,non-poor,1058.640380859375
511275,-1.1280486001757808,36.958858032929996,0.14583717,non-poor,952.5396728515625
511276,-1.1280486001757808,36.96719136293,0.14783984,non-poor,1016.8265380859375
511277,-1.1280486001757808,36.97552469293,0.15170325,non-poor,1710.6212158203125
511278,-1.1280486001757808,36.98385802293,0.15718508,non-poor,2949.696533203125
511279,-1.1280486001757808,36.99219135293,0.16558161,non-poor,2107.36474609375
511280,-1.1280486001757808,37.00052468293,0.15441146,non-poor,1103.0994873046875
511281,-1.1280486001757808,37.00885801293,0.17319883,non-poor,1167.1993408203125
512065,-1.136381930175781,36.62552483293,0.13889973,non-poor,806.8136596679688
512066,-1.136381930175781,36.63385816293,0.13324495,non-poor,1562.632568359375
512080,-1.136381930175781,36.75052478293,0.12205514,non-poor,1271.1357421875
512081,-1.136381930175781,36.75885811293,0.12609577,non-poor,980.5095825195312
512082,-1.136381930175781,36.76719144293,0.12866876,non-poor,900.8922729492188
512086,-1.136381930175781,36.800524762929996,0.13142869,non-poor,1596.5159912109375
512087,-1.136381930175781,36.80885809293,0.13284922,non-poor,1488.0234375
512088,-1.136381930175781,36.81719142293,0.1344947,non-poor,1470.5240478515625
512089,-1.136381930175781,36.82552475293,0.13554238,non-poor,1423.3011474609375
512105,-1.136381930175781,36.958858032929996,0.11810102,non-poor,1213.947265625
512106,-1.136381930175781,36.96719136293,0.13568678,non-poor,1462.4246826171875
512107,-1.136381930175781,36.97552469293,0.14460933,non-poor,2031.5667724609375
512108,-1.136381930175781,36.98385802293,0.15079978,non-poor,2036.328125
512109,-1.136381930175781,36.99219135293,0.15201719,non-poor,1815.072265625
512110,-1.136381930175781,37.00052468293,0.16294159,non-poor,1629.125732421875
512111,-1.136381930175781,37.00885801293,0.1768396,non-poor,928.2308959960938
512115,-1.136381930175781,37.04219133293,0.23609486,vulnerable,1001.06494140625
512175,-1.136381930175781,37.54219113293,0.37831834,poor,1021.1934204101562
512176,-1.136381930175781,37.55052446293,0.3745223,poor,913.322998046875
512895,-1.1447152601757802,36.63385816293,0.13356228,non-poor,2162.697021484375
512898,-1.1447152601757802,36.65885815293,0.12108018,non-poor,1211.2672119140625
512908,-1.1447152601757802,36.74219145293,0.11848577,non-poor,925.1005249023438
512909,-1.1447152601757802,36.75052478293,0.11951807,non-poor,1985.310791015625
512910,-1.1447152601757802,36.75885811293,0.12416503,non-poor,1170.539306640625
512913,-1.1447152601757802,36.78385810293,0.1262414,non-poor,889.724853515625
512914,-1.1447152601757802,36.79219143293,0.12510435,non-poor,2082.355712890625
512915,-1.1447152601757802,36.800524762929996,0.11838942,non-poor,3018.37890625
512916,-1.1447152601757802,36.80885809293,0.1274282,non-poor,1821.2216796875
512917,-1.1447152601757802,36.81719142293,0.12867644,non-poor,1802.2742919921875
512918,-1.1447152601757802,36.82552475293,0.12918952,non-poor,1277.2806396484375
512929,-1.1447152601757802,36.91719138293,0.13861556,non-poor,1120.8675537109375
512930,-1.1447152601757802,36.92552471293,0.13489725,non-poor,1783.9241943359375
512931,-1.1447152601757802,36.93385804293,0.12858173,non-poor,2278.64111328125
512932,-1.1447152601757802,36.94219137293,0.099183545,non-poor,3381.546630859375
512933,-1.1447152601757802,36.95052470293,0.06047177,non-poor,5806.76123046875
512934,-1.1447152601757802,36.958858032929996,0.090340056,non-poor,4764.42333984375
512935,-1.1447152601757802,36.96719136293,0.12904702,non-poor,2380.57470703125
512936,-1.1447152601757802,36.97552469293,0.1375589,non-poor,1984.3621826171875
512937,-1.1447152601757802,36.98385802293,0.144949,non-poor,1142.2520751953125
512938,-1.1447152601757802,36.99219135293,0.15610613,non-poor,893.6534423828125
512939,-1.1447152601757802,37.00052468293,0.16701847,non-poor,809.9049072265625
512998,-1.1447152601757802,37.49219115293,0.3591927,poor,1142.88671875
513003,-1.1447152601757802,37.53385780293,0.35388905,poor,1585.0482177734375
513004,-1.1447152601757802,37.54219113293,0.3210536,vulnerable,3791.9501953125
513005,-1.1447152601757802,37.55052446293,0.35698378,poor,1903.113037109375
513722,-1.1530485901757803,36.62552483293,0.1349175,non-poor,807.69921875
513723,-1.1530485901757803,36.63385816293,0.13453951,non-poor,3251.7021484375
513724,-1.1530485901757803,36.642191492929996,0.13235238,non-poor,824.2933349609375
513727,-1.1530485901757803,36.66719148293,0.11818506,non-poor,2665.45654296875
513728,-1.1530485901757803,36.67552481293,0.11970868,non-poor,816.6658935546875
513735,-1.1530485901757803,36.73385812293,0.118110806,non-poor,1002.1127319335938
513736,-1.1530485901757803,36.74219145293,0.113231696,non-poor,1777.287841796875
513737,-1.1530485901757803,36.75052478293,0.117983565,non-poor,2181.716064453125
513738,-1.1530485901757803,36.75885811293,0.11982142,non-poor,1051.9681396484375
513739,-1.1530485901757803,36.76719144293,0.12191865,non-poor,810.5765380859375
513742,-1.1530485901757803,36.79219143293,0.13206682,non-poor,1921.7733154296875
513743,-1.1530485901757803,36.800524762929996,0.118107,non-poor,5090.22119140625
513744,-1.1530485901757803,36.80885809293,0.118592516,non-poor,2532.87353515625
513745,-1.1530485901757803,36.81719142293,0.12070428,non-poor,2476.359619140625
513746,-1.1530485901757803,36.82552475293,0.12370765,non-poor,1764.4725341796875
513747,-1.1530485901757803,36.83385808293,0.12681572,non-poor,2626.31396484375
513748,-1.1530485901757803,36.84219141293,0.12727185,non-poor,1148.26806640625
513756,-1.1530485901757803,36.90885805293,0.13835208,non-poor,919.4168701171875
513757,-1.1530485901757803,36.91719138293,0.13343734,non-poor,1242.9713134765625
513758,-1.1530485901757803,36.92552471293,0.11818457,non-poor,2917.7314453125
513759,-1.1530485901757803,36.93385804293,0.11070667,non-poor,5033.65869140625
513760,-1.1530485901757803,36.94219137293,0.10363786,non-poor,8959.373046875
513761,-1.1530485901757803,36.95052470293,0.10051806,non-poor,8596.736328125
513762,-1.1530485901757803,36.958858032929996,0.11670533,non-poor,2622.47802734375
513763,-1.1530485901757803,36.96719136293,0.13685288,non-poor,905.3929443359375
513832,-1.1530485901757803,37.54219113293,0.3927091,poor,853.9588012695312
513833,-1.1530485901757803,37.55052446293,0.39597207,poor,884.4447631835938
514287,-1.1613819201757805,34.44219237293,0.6030418,severely poor,1541.072265625
514550,-1.1613819201757805,36.63385816293,0.13775857,non-poor,1625.6341552734375
514551,-1.1613819201757805,36.642191492929996,0.13145065,non-poor,1187.3804931640625
514552,-1.1613819201757805,36.65052482293,0.12501784,non-poor,854.2302856445312
514553,-1.1613819201757805,36.65885815293,0.1282482,non-poor,1244.1297607421875
514554,-1.1613819201757805,36.66719148293,0.11643261,non-poor,1720.447998046875
514555,-1.1613819201757805,36.67552481293,0.11833342,non-poor,1163.3277587890625
514562,-1.1613819201757805,36.73385812293,0.11372091,non-poor,842.572265625
514563,-1.1613819201757805,36.74219145293,0.10665316,non-poor,2442.9716796875
514564,-1.1613819201757805,36.75052478293,0.113565676,non-poor,1674.79345703125
514565,-1.1613819201757805,36.75885811293,0.10878945,non-poor,2160.612060546875
514566,-1.1613819201757805,36.76719144293,0.116354495,non-poor,1373.105224609375
514567,-1.1613819201757805,36.77552477293,0.1194472,non-poor,1374.2308349609375
514568,-1.1613819201757805,36.78385810293,0.12042686,non-poor,1498.5572509765625
514569,-1.1613819201757805,36.79219143293,0.13067707,non-poor,1416.4578857421875
514570,-1.1613819201757805,36.800524762929996,0.11405041,non-poor,2132.988525390625
514571,-1.1613819201757805,36.80885809293,0.11960007,non-poor,1446.4578857421875
514572,-1.1613819201757805,36.81719142293,0.106517434,non-poor,3759.67529296875
514573,-1.1613819201757805,36.82552475293,0.11008554,non-poor,4059.104736328125
514574,-1.1613819201757805,36.83385808293,0.12007851,non-poor,2787.877197265625
514575,-1.1613819201757805,36.84219141293,0.11544537,non-poor,4232.01025390625
514576,-1.1613819201757805,36.85052474293,0.12687528,non-poor,1921.704345703125
514582,-1.1613819201757805,36.90052472293,0.14008614,non-poor,1783.247314453125
514583,-1.1613819201757805,36.90885805293,0.13642266,non-poor,1379.6014404296875
514584,-1.1613819201757805,36.91719138293,0.1313477,non-poor,1120.5885009765625
514585,-1.1613819201757805,36.92552471293,0.111439504,non-poor,1191.978759765625
514586,-1.1613819201757805,36.93385804293,0.11186168,non-poor,2268.2939453125
514587,-1.1613819201757805,36.94219137293,0.1200874,non-poor,4724.63818359375
514588,-1.1613819201757805,36.95052470293,0.12117245,non-poor,4622.23974609375
514589,-1.1613819201757805,36.958858032929996,0.12640934,non-poor,1943.8507080078125
515113,-1.1697152501757806,34.44219237293,0.6028489,severely poor,1117.8115234375
515375,-1.1697152501757806,36.62552483293,0.13054132,non-poor,1117.521728515625
515376,-1.1697152501757806,36.63385816293,0.13331981,non-poor,1207.1309814453125
515377,-1.1697152501757806,36.642191492929996,0.1292935,non-poor,1137.7431640625
515379,-1.1697152501757806,36.65885815293,0.12336843,non-poor,1087.2418212890625
515380,-1.1697152501757806,36.66719148293,0.119616725,non-poor,1921.8759765625
515387,-1.1697152501757806,36.72552479293,0.1226693,non-poor,1226.147705078125
515388,-1.1697152501757806,36.73385812293,0.117210366,non-poor,1515.2203369140625
515389,-1.1697152501757806,36.74219145293,0.11183636,non-poor,986.4854736328125
515390,-1.1697152501757806,36.75052478293,0.09883227,non-poor,3832.848388671875
515391,-1.1697152501757806,36.75885811293,0.109529644,non-poor,2889.12451171875
515392,-1.1697152501757806,36.76719144293,0.121728726,non-poor,1677.909423828125
515393,-1.1697152501757806,36.77552477293,0.12070289,non-poor,946.7517700195312
515396,-1.1697152501757806,36.800524762929996,0.113858014,non-poor,2426.93701171875
515397,-1.1697152501757806,36.80885809293,0.12046061,non-poor,1905.0787353515625
515398,-1.1697152501757806,36.81719142293,0.107361436,non-poor,3368.215087890625
515399,-1.1697152501757806,36.82552475293,0.09439358,non-poor,6131.0185546875
515400,-1.1697152501757806,36.83385808293,0.1046628,non-poor,4735.2548828125
515401,-1.1697152501757806,36.84219141293,0.103059225,non-poor,5973.8837890625
515402,-1.1697152501757806,36.85052474293,0.12779965,non-poor,3432.296142578125
515407,-1.1697152501757806,36.89219139293,0.14272054,non-poor,3223.577392578125
515408,-1.1697152501757806,36.90052472293,0.13453561,non-poor,2810.78271484375
515409,-1.1697152501757806,36.90885805293,0.12740356,non-poor,1969.3333740234375
515410,-1.1697152501757806,36.91719138293,0.119513355,non-poor,1172.292236328125
515411,-1.1697152501757806,36.92552471293,0.09014552,non-poor,1942.017822265625
515412,-1.1697152501757806,36.93385804293,0.109002896,non-poor,1615.6876220703125
515413,-1.1697152501757806,36.94219137293,0.124812126,non-poor,1921.1583251953125
515414,-1.1697152501757806,36.95052470293,0.1301219,non-poor,1391.3072509765625
515960,-1.1780485801757807,34.62552563293,0.60498387,severely poor,926.7509765625
516196,-1.1780485801757807,36.59219151293,0.14953434,non-poor,852.6521606445312
516200,-1.1780485801757807,36.62552483293,0.13968818,non-poor,931.1748657226562
516201,-1.1780485801757807,36.63385816293,0.13275285,non-poor,1239.561279296875
516202,-1.1780485801757807,36.642191492929996,0.12778075,non-poor,2231.559326171875
516204,-1.1780485801757807,36.65885815293,0.12769808,non-poor,1017.2379150390625
516205,-1.1780485801757807,36.66719148293,0.12205558,non-poor,1112.3062744140625
516206,-1.1780485801757807,36.67552481293,0.12267381,non-poor,1121.094482421875
516207,-1.1780485801757807,36.68385814293,0.12976575,non-poor,1115.708984375
516211,-1.1780485801757807,36.717191462929996,0.12933108,non-poor,807.6441650390625
516212,-1.1780485801757807,36.72552479293,0.116927475,non-poor,3087.609619140625
516213,-1.1780485801757807,36.73385812293,0.11645954,non-poor,1705.36376953125
516214,-1.1780485801757807,36.74219145293,0.11742537,non-poor,1830.91259765625
516215,-1.1780485801757807,36.75052478293,0.10902333,non-poor,4821.45751953125
516216,-1.1780485801757807,36.75885811293,0.10648358,non-poor,3701.94677734375
516217,-1.1780485801757807,36.76719144293,0.1160736,non-poor,2548.64111328125
516218,-1.1780485801757807,36.77552477293,0.11775708,non-poor,2854.7763671875
516219,-1.1780485801757807,36.78385810293,0.118303485,non-poor,1700.975341796875
516220,-1.1780485801757807,36.79219143293,0.12113713,non-poor,1170.106689453125
516223,-1.1780485801757807,36.81719142293,0.11516621,non-poor,1622.3695068359375
516224,-1.1780485801757807,36.82552475293,0.10753463,non-poor,1245.7100830078125
516225,-1.1780485801757807,36.83385808293,0.11260218,non-poor,1099.8201904296875
516226,-1.1780485801757807,36.84219141293,0.119565286,non-poor,1641.4033203125
516231,-1.1780485801757807,36.88385806293,0.13045192,non-poor,965.2216186523438
516232,-1.1780485801757807,36.89219139293,0.10682438,non-poor,5227.27197265625
516233,-1.1780485801757807,36.90052472293,0.081064716,non-poor,13723.07421875
516234,-1.1780485801757807,36.90885805293,0.09959213,non-poor,5464.04638671875
516235,-1.1780485801757807,36.91719138293,0.09103498,non-poor,968.115234375
516236,-1.1780485801757807,36.92552471293,0.06525197,non-poor,2266.3818359375
516237,-1.1780485801757807,36.93385804293,0.09058754,non-poor,2093.801025390625
516239,-1.1780485801757807,36.95052470293,0.13148673,non-poor,849.6669311523438
516240,-1.1780485801757807,36.958858032929996,0.1375358,non-poor,943.5364990234375
516781,-1.1863819101757809,34.60885897293,0.572414,severely poor,1067.6689453125
516782,-1.1863819101757809,34.61719230293,0.5813645,severely poor,1102.5416259765625
516783,-1.1863819101757809,34.62552563293,0.617002,severely poor,1041.1600341796875
517019,-1.1863819101757809,36.59219151293,0.14430055,non-poor,1515.797119140625
517020,-1.1863819101757809,36.60052484293,0.14366318,non-poor,1075.5806884765625
517025,-1.1863819101757809,36.642191492929996,0.12933376,non-poor,1188.4764404296875
517026,-1.1863819101757809,36.65052482293,0.11940875,non-poor,2488.021728515625
517027,-1.1863819101757809,36.65885815293,0.12780863,non-poor,1140.0230712890625
517028,-1.1863819101757809,36.66719148293,0.1255281,non-poor,865.8257446289062
517029,-1.1863819101757809,36.67552481293,0.12449528,non-poor,1335.260009765625
517030,-1.1863819101757809,36.68385814293,0.124533385,non-poor,1363.5201416015625
517031,-1.1863819101757809,36.69219147293,0.119281024,non-poor,1049.8321533203125
517034,-1.1863819101757809,36.717191462929996,0.11965755,non-poor,1463.927001953125
517035,-1.1863819101757809,36.72552479293,0.11128971,non-poor,1793.8310546875
517036,-1.1863819101757809,36.73385812293,0.11052007,non-poor,2396.400146484375
517037,-1.1863819101757809,36.74219145293,0.108709924,non-poor,2701.632568359375
517038,-1.1863819101757809,36.75052478293,0.117154524,non-poor,1622.60302734375
517039,-1.1863819101757809,36.75885811293,0.11062076,non-poor,1457.158935546875
517040,-1.1863819101757809,36.76719144293,0.10415742,non-poor,2761.53662109375
517041,-1.1863819101757809,36.77552477293,0.096504614,non-poor,4601.5068359375
517042,-1.1863819101757809,36.78385810293,0.106337585,non-poor,3509.33837890625
517043,-1.1863819101757809,36.79219143293,0.10926548,non-poor,3912.854248046875
517044,-1.1863819101757809,36.800524762929996,0.11463749,non-poor,985.7000732421875
517050,-1.1863819101757809,36.85052474293,0.119189814,non-poor,837.8439331054688
517054,-1.1863819101757809,36.88385806293,0.123293966,non-poor,1410.86767578125
517055,-1.1863819101757809,36.89219139293,0.1098635,non-poor,3449.649169921875
517056,-1.1863819101757809,36.90052472293,0.08842876,non-poor,9249.125
517057,-1.1863819101757809,36.90885805293,0.068378635,non-poor,9126.640625
517058,-1.1863819101757809,36.91719138293,0.08272355,non-poor,3844.75341796875
517059,-1.1863819101757809,36.92552471293,0.07442581,non-poor,3335.538818359375
517060,-1.1863819101757809,36.93385804293,0.07471629,non-poor,2771.757568359375
517061,-1.1863819101757809,36.94219137293,0.10751805,non-poor,1586.239990234375
517062,-1.1863819101757809,36.95052470293,0.120059915,non-poor,803.130615234375
517185,-1.1863819101757809,37.97552429293,0.45300117,poor,1074.2882080078125
517604,-1.1947152401757801,34.60885897293,0.600952,severely poor,989.94287109375
517605,-1.1947152401757801,34.61719230293,0.60251427,severely poor,1307.044189453125
517848,-1.1947152401757801,36.642191492929996,0.11276168,non-poor,981.6800537109375
517849,-1.1947152401757801,36.65052482293,0.11743819,non-poor,3292.707763671875
517850,-1.1947152401757801,36.65885815293,0.114820115,non-poor,1995.34228515625
517851,-1.1947152401757801,36.66719148293,0.12415782,non-poor,1226.6778564453125
517852,-1.1947152401757801,36.67552481293,0.09003982,non-poor,816.6256103515625
517853,-1.1947152401757801,36.68385814293,0.116558604,non-poor,1750.203857421875
517854,-1.1947152401757801,36.69219147293,0.1137456,non-poor,3963.942138671875
517855,-1.1947152401757801,36.70052480293,0.10995187,non-poor,2653.095947265625
517856,-1.1947152401757801,36.70885813293,0.087865785,non-poor,1537.869384765625
517857,-1.1947152401757801,36.717191462929996,0.11174225,non-poor,1470.1737060546875
517858,-1.1947152401757801,36.72552479293,0.11181116,non-poor,2197.772705078125
517859,-1.1947152401757801,36.73385812293,0.10824104,non-poor,1745.0799560546875
517860,-1.1947152401757801,36.74219145293,0.099399686,non-poor,3429.7939453125
517861,-1.1947152401757801,36.75052478293,0.10388467,non-poor,3289.1240234375
517862,-1.1947152401757801,36.75885811293,0.092554696,non-poor,1223.0599365234375
517863,-1.1947152401757801,36.76719144293,0.10268612,non-poor,1017.1265258789062
517864,-1.1947152401757801,36.77552477293,0.096070826,non-poor,2126.52099609375
517865,-1.1947152401757801,36.78385810293,0.095325686,non-poor,3307.887451171875
517866,-1.1947152401757801,36.79219143293,0.10284191,non-poor,953.8314819335938
517876,-1.1947152401757801,36.875524732929996,0.11637585,non-poor,1251.2186279296875
517877,-1.1947152401757801,36.88385806293,0.10856212,non-poor,2198.65234375
517878,-1.1947152401757801,36.89219139293,0.107421406,non-poor,1939.9698486328125
517879,-1.1947152401757801,36.90052472293,0.06817342,non-poor,18491.890625
517880,-1.1947152401757801,36.90885805293,0.076858856,non-poor,14682.849609375
517881,-1.1947152401757801,36.91719138293,0.084392205,non-poor,8151.55712890625
517882,-1.1947152401757801,36.92552471293,0.0852201,non-poor,15258.9130859375
517883,-1.1947152401757801,36.93385804293,0.07742758,non-poor,6383.8984375
517884,-1.1947152401757801,36.94219137293,0.086624175,non-poor,3249.963134765625
517885,-1.1947152401757801,36.95052470293,0.103313774,non-poor,1977.255859375
518409,-1.2030485701757803,34.46719236293,0.6101882,severely poor,1007.3195190429688
518410,-1.2030485701757803,34.47552569293,0.6045041,severely poor,848.7224731445312
518426,-1.2030485701757803,34.60885897293,0.6146622,severely poor,874.3031005859375
518427,-1.2030485701757803,34.61719230293,0.6212917,severely poor,1049.0977783203125
518671,-1.2030485701757803,36.65052482293,0.115980595,non-poor,2031.4522705078125
518672,-1.2030485701757803,36.65885815293,0.11036171,non-poor,1526.184814453125
518673,-1.2030485701757803,36.66719148293,0.12070184,non-poor,1632.230224609375
518674,-1.2030485701757803,36.67552481293,0.11228239,non-poor,1380.7449951171875
518675,-1.2030485701757803,36.68385814293,0.11820052,non-poor,808.1867065429688
518676,-1.2030485701757803,36.69219147293,0.095557496,non-poor,1691.8123779296875
518677,-1.2030485701757803,36.70052480293,0.11213185,non-poor,1805.43505859375
518678,-1.2030485701757803,36.70885813293,0.1137785,non-poor,1081.71337890625
518679,-1.2030485701757803,36.717191462929996,0.10977711,non-poor,1045.4739990234375
518680,-1.2030485701757803,36.72552479293,0.11158478,non-poor,1554.6419677734375
518681,-1.2030485701757803,36.73385812293,0.111265756,non-poor,1341.1572265625
518682,-1.2030485701757803,36.74219145293,0.100936405,non-poor,948.89990234375
518683,-1.2030485701757803,36.75052478293,0.098503634,non-poor,1071.1094970703125
518684,-1.2030485701757803,36.75885811293,0.08570884,non-poor,1750.581787109375
518685,-1.2030485701757803,36.76719144293,0.08409586,non-poor,4015.8642578125
518686,-1.2030485701757803,36.77552477293,0.08606271,non-poor,4614.111328125
518687,-1.2030485701757803,36.78385810293,0.08640651,non-poor,3659.311279296875
518689,-1.2030485701757803,36.800524762929996,0.08557499,non-poor,951.5939331054688
518693,-1.2030485701757803,36.83385808293,0.10467808,non-poor,1197.4654541015625
518694,-1.2030485701757803,36.84219141293,0.10418819,non-poor,1062.48583984375
518697,-1.2030485701757803,36.86719140293,0.09399125,non-poor,2503.03271484375
518698,-1.2030485701757803,36.875524732929996,0.0978921,non-poor,2473.259765625
518699,-1.2030485701757803,36.88385806293,0.10346906,non-poor,1989.1854248046875
518700,-1.2030485701757803,36.89219139293,0.070620425,non-poor,8697.025390625
518701,-1.2030485701757803,36.90052472293,0.055064235,non-poor,18135.890625
518702,-1.2030485701757803,36.90885805293,0.07744829,non-poor,23543.802734375
518703,-1.2030485701757803,36.91719138293,0.080545224,non-poor,23593.62109375
518704,-1.2030485701757803,36.92552471293,0.0990573,non-poor,14091.361328125
518705,-1.2030485701757803,36.93385804293,0.11123424,non-poor,6684.751953125
518706,-1.2030485701757803,36.94219137293,0.126623,non-poor,2325.364501953125
518707,-1.2030485701757803,36.95052470293,0.13505414,non-poor,1315.192138671875
518708,-1.2030485701757803,36.958858032929996,0.14125454,non-poor,1252.870361328125
519230,-1.2113819001757804,34.46719236293,0.62576044,severely poor,899.2564086914062
519231,-1.2113819001757804,34.47552569293,0.61180186,severely poor,946.1762084960938
519233,-1.2113819001757804,34.49219235293,0.6451856,severely poor,907.4060668945312
519492,-1.2113819001757804,36.65052482293,0.093341336,non-poor,1820.5072021484375
519493,-1.2113819001757804,36.65885815293,0.08509523,non-poor,2185.812255859375
519494,-1.2113819001757804,36.66719148293,0.12293694,non-poor,2348.85595703125
519495,-1.2113819001757804,36.67552481293,0.11388854,non-poor,2510.80126953125
519496,-1.2113819001757804,36.68385814293,0.1146594,non-poor,1038.9697265625
519497,-1.2113819001757804,36.69219147293,0.09512107,non-poor,1001.4028930664062
519498,-1.2113819001757804,36.70052480293,0.10500094,non-poor,3034.535400390625
519499,-1.2113819001757804,36.70885813293,0.10953381,non-poor,2522.04541015625
519500,-1.2113819001757804,36.717191462929996,0.09901792,non-poor,1713.9263916015625
519501,-1.2113819001757804,36.72552479293,0.113713086,non-poor,1394.024658203125
519502,-1.2113819001757804,36.73385812293,0.101863764,non-poor,2268.988525390625
519503,-1.2113819001757804,36.74219145293,0.09718684,non-poor,1930.179443359375
519504,-1.2113819001757804,36.75052478293,0.08201912,non-poor,2830.74462890625
519505,-1.2113819001757804,36.75885811293,0.0780965,non-poor,6059.72216796875
519506,-1.2113819001757804,36.76719144293,0.06255315,non-poor,8117.0830078125
519507,-1.2113819001757804,36.77552477293,0.066309184,non-poor,8529.427734375
519508,-1.2113819001757804,36.78385810293,0.06926514,non-poor,4480.87646484375
519510,-1.2113819001757804,36.800524762929996,0.076446176,non-poor,1154.07275390625
519512,-1.2113819001757804,36.81719142293,0.0771235,non-poor,1354.617919921875
519513,-1.2113819001757804,36.82552475293,0.080134995,non-poor,1117.1724853515625
519514,-1.2113819001757804,36.83385808293,0.112677105,non-poor,888.6422119140625
519516,-1.2113819001757804,36.85052474293,0.09732625,non-poor,1179.468505859375
519517,-1.2113819001757804,36.85885807293,0.10715897,non-poor,918.92041015625
519518,-1.2113819001757804,36.86719140293,0.08830805,non-poor,3478.03955078125
519519,-1.2113819001757804,36.875524732929996,0.107837245,non-poor,1923.805419921875
519520,-1.2113819001757804,36.88385806293,0.13191645,non-poor,3872.84375
519521,-1.2113819001757804,36.89219139293,0.094799176,non-poor,15020.1484375
519522,-1.2113819001757804,36.90052472293,0.11586844,non-poor,6869.0751953125
519523,-1.2113819001757804,36.90885805293,0.12516944,non-poor,4762.46826171875
519524,-1.2113819001757804,36.91719138293,0.087916635,non-poor,21929.525390625
519525,-1.2113819001757804,36.92552471293,0.09192451,non-poor,27750.06640625
519526,-1.2113819001757804,36.93385804293,0.10721753,non-poor,14546.84765625
519527,-1.2113819001757804,36.94219137293,0.12852685,non-poor,2764.254150390625
519528,-1.2113819001757804,36.95052470293,0.14875226,non-poor,1101.6632080078125
519529,-1.2113819001757804,36.958858032929996,0.15023987,non-poor,970.8826904296875
519530,-1.2113819001757804,36.96719136293,0.1498452,non-poor,831.914794921875
519573,-1.2113819001757804,37.32552455293,0.34072176,poor,1065.2340087890625
520049,-1.2197152301757805,34.46719236293,0.62926954,severely poor,894.3346557617188
520050,-1.2197152301757805,34.47552569293,0.59383136,severely poor,2161.636474609375
520051,-1.2197152301757805,34.48385902293,0.62462795,severely poor,1708.26171875
520052,-1.2197152301757805,34.49219235293,0.64343613,severely poor,1269.511474609375
520053,-1.2197152301757805,34.50052568293,0.6567326,severely poor,837.516357421875
520311,-1.2197152301757805,36.65052482293,0.10080321,non-poor,2338.442626953125
520312,-1.2197152301757805,36.65885815293,0.1127358,non-poor,1975.1873779296875
520313,-1.2197152301757805,36.66719148293,0.11944531,non-poor,2026.2452392578125
520314,-1.2197152301757805,36.67552481293,0.11685435,non-poor,1592.239013671875
520315,-1.2197152301757805,36.68385814293,0.11343879,non-poor,1641.132080078125
520316,-1.2197152301757805,36.69219147293,0.07987676,non-poor,1054.2823486328125
520317,-1.2197152301757805,36.70052480293,0.08328132,non-poor,2374.779296875
520318,-1.2197152301757805,36.70885813293,0.08417365,non-poor,4528.3564453125
520319,-1.2197152301757805,36.717191462929996,0.1044319,non-poor,3012.169189453125
520320,-1.2197152301757805,36.72552479293,0.10190219,non-poor,1287.6580810546875
520321,-1.2197152301757805,36.73385812293,0.09769708,non-poor,2923.2216796875
520322,-1.2197152301757805,36.74219145293,0.08230392,non-poor,2144.086669921875
520323,-1.2197152301757805,36.75052478293,0.07679174,non-poor,1995.361572265625
520324,-1.2197152301757805,36.75885811293,0.07661283,non-poor,2709.311767578125
520325,-1.2197152301757805,36.76719144293,0.048229862,non-poor,7553.2587890625
520326,-1.2197152301757805,36.77552477293,0.03830601,non-poor,7197.861328125
520327,-1.2197152301757805,36.78385810293,0.040463477,non-poor,1340.55419921875
520332,-1.2197152301757805,36.82552475293,0.06607229,non-poor,1131.27685546875
520333,-1.2197152301757805,36.83385808293,0.092762,non-poor,807.1117553710938
520334,-1.2197152301757805,36.84219141293,0.10373603,non-poor,849.6091918945312
520337,-1.2197152301757805,36.86719140293,0.088788345,non-poor,1769.9898681640625
520338,-1.2197152301757805,36.875524732929996,0.086079024,non-poor,3030.60595703125
520339,-1.2197152301757805,36.88385806293,0.10248387,non-poor,3748.345703125
520340,-1.2197152301757805,36.89219139293,0.10497723,non-poor,3816.0302734375
520341,-1.2197152301757805,36.90052472293,0.1073788,non-poor,4530.51318359375
520342,-1.2197152301757805,36.90885805293,0.10508401,non-poor,5622.06787109375
520343,-1.2197152301757805,36.91719138293,0.06788009,non-poor,4317.6083984375
520344,-1.2197152301757805,36.92552471293,0.09326079,non-poor,7460.3486328125
520345,-1.2197152301757805,36.93385804293,0.11489522,non-poor,4595.6181640625
520346,-1.2197152301757805,36.94219137293,0.13871622,non-poor,1053.2906494140625
520869,-1.2280485601757807,34.47552569293,0.58596635,severely poor,6921.85107421875
520870,-1.2280485601757807,34.48385902293,0.59584713,severely poor,5836.92724609375
520871,-1.2280485601757807,34.49219235293,0.6363861,severely poor,1683.21875
520872,-1.2280485601757807,34.50052568293,0.6532093,severely poor,908.0307006835938
520873,-1.2280485601757807,34.50885901293,0.6731532,severely poor,958.2569580078125
521130,-1.2280485601757807,36.65052482293,0.100084364,non-poor,1484.9781494140625
521131,-1.2280485601757807,36.65885815293,0.10503721,non-poor,1916.43359375
521132,-1.2280485601757807,36.66719148293,0.10905954,non-poor,3651.04150390625
521133,-1.2280485601757807,36.67552481293,0.10476771,non-poor,4573.8955078125
521134,-1.2280485601757807,36.68385814293,0.10431823,non-poor,1981.2401123046875
521135,-1.2280485601757807,36.69219147293,0.099718705,non-poor,2158.3916015625
521136,-1.2280485601757807,36.70052480293,0.08886827,non-poor,2845.601318359375
521137,-1.2280485601757807,36.70885813293,0.07727427,non-poor,4645.08935546875
521138,-1.2280485601757807,36.717191462929996,0.094568826,non-poor,1829.274658203125
521139,-1.2280485601757807,36.72552479293,0.08889756,non-poor,1891.54248046875
521140,-1.2280485601757807,36.73385812293,0.06182085,non-poor,3060.718505859375
521141,-1.2280485601757807,36.74219145293,0.061946213,non-poor,5497.46630859375
521142,-1.2280485601757807,36.75052478293,0.04565154,non-poor,2458.479736328125
521146,-1.2280485601757807,36.78385810293,0.047992226,non-poor,1129.9942626953125
521148,-1.2280485601757807,36.800524762929996,0.05349097,non-poor,1175.69580078125
521149,-1.2280485601757807,36.80885809293,0.070114166,non-poor,1132.96337890625
521156,-1.2280485601757807,36.86719140293,0.08281036,non-poor,3047.512451171875
521157,-1.2280485601757807,36.875524732929996,0.06951852,non-poor,4839.9658203125
521158,-1.2280485601757807,36.88385806293,0.08435899,non-poor,6374.39306640625
521159,-1.2280485601757807,36.89219139293,0.11736712,non-poor,3373.1298828125
521160,-1.2280485601757807,36.90052472293,0.11385389,non-poor,1785.5625
521161,-1.2280485601757807,36.90885805293,0.13320589,non-poor,2034.4190673828125
521162,-1.2280485601757807,36.91719138293,0.060447194,non-poor,4294.1806640625
521163,-1.2280485601757807,36.92552471293,0.059542075,non-poor,9266.255859375
521164,-1.2280485601757807,36.93385804293,0.09234659,non-poor,7071.21826171875
521165,-1.2280485601757807,36.94219137293,0.12825193,non-poor,1928.40478515625
521170,-1.2280485601757807,36.98385802293,0.186562,non-poor,1051.677001953125
521281,-1.2280485601757807,37.908857652929996,0.41839895,poor,939.6823120117188
521689,-1.2363818901757808,34.49219235293,0.6356634,severely poor,1905.660400390625
521942,-1.2363818901757808,36.60052484293,0.1461751,non-poor,1352.8980712890625
521949,-1.2363818901757808,36.65885815293,0.10782114,non-poor,1516.5172119140625
521950,-1.2363818901757808,36.66719148293,0.113730185,non-poor,3634.13525390625
521951,-1.2363818901757808,36.67552481293,0.10695315,non-poor,4075.170654296875
521952,-1.2363818901757808,36.68385814293,0.11026033,non-poor,2349.949951171875
521953,-1.2363818901757808,36.69219147293,0.10194342,non-poor,2096.437255859375
521954,-1.2363818901757808,36.70052480293,0.10716276,non-poor,1286.7159423828125
521955,-1.2363818901757808,36.70885813293,0.08550703,non-poor,1436.7587890625
521956,-1.2363818901757808,36.717191462929996,0.07873217,non-poor,2014.283203125
521957,-1.2363818901757808,36.72552479293,0.05712297,non-poor,3625.881103515625
521958,-1.2363818901757808,36.73385812293,0.05784426,non-poor,1013.1980590820312
521959,-1.2363818901757808,36.74219145293,0.057484478,non-poor,2152.267578125
521960,-1.2363818901757808,36.75052478293,0.054711647,non-poor,1006.2545166015625
521963,-1.2363818901757808,36.77552477293,0.06450626,non-poor,900.2836303710938
521967,-1.2363818901757808,36.80885809293,0.06597025,non-poor,800.2718505859375
521973,-1.2363818901757808,36.85885807293,0.09015724,non-poor,1197.538330078125
521974,-1.2363818901757808,36.86719140293,0.0486604,non-poor,5108.21435546875
521975,-1.2363818901757808,36.875524732929996,0.037213527,non-poor,16846.50390625
521976,-1.2363818901757808,36.88385806293,0.04195135,non-poor,15334.556640625
521977,-1.2363818901757808,36.89219139293,0.040612932,non-poor,12676.6826171875
521978,-1.2363818901757808,36.90052472293,0.04356434,non-poor,22287.01953125
521979,-1.2363818901757808,36.90885805293,0.050702203,non-poor,29344.77734375
521980,-1.2363818901757808,36.91719138293,0.077408895,non-poor,5919.0556640625
521981,-1.2363818901757808,36.92552471293,0.08369158,non-poor,7238.044921875
521982,-1.2363818901757808,36.93385804293,0.09014244,non-poor,6616.17041015625
521983,-1.2363818901757808,36.94219137293,0.111735046,non-poor,2914.356689453125
521984,-1.2363818901757808,36.95052470293,0.13943297,non-poor,2445.93017578125
521985,-1.2363818901757808,36.958858032929996,0.15154602,non-poor,2537.402587890625
521986,-1.2363818901757808,36.96719136293,0.16406113,non-poor,1450.38623046875
522031,-1.2363818901757808,37.34219121293,0.31779176,vulnerable,997.7951049804688
522032,-1.2363818901757808,37.350524542929996,0.32351542,vulnerable,906.4546508789062
522759,-1.24471522017578,36.60052484293,0.149808,non-poor,808.3512573242188
522766,-1.24471522017578,36.65885815293,0.103320174,non-poor,2402.5498046875
522767,-1.24471522017578,36.66719148293,0.10076638,non-poor,2335.8115234375
522768,-1.24471522017578,36.67552481293,0.09672745,non-poor,4319.38427734375
522769,-1.24471522017578,36.68385814293,0.08955565,non-poor,4632.35498046875
522770,-1.24471522017578,36.69219147293,0.09157966,non-poor,4602.19482421875
522771,-1.24471522017578,36.70052480293,0.092368975,non-poor,2186.452880859375
522772,-1.24471522017578,36.70885813293,0.087608665,non-poor,1983.0362548828125
522773,-1.24471522017578,36.717191462929996,0.09320801,non-poor,2584.4658203125
522774,-1.24471522017578,36.72552479293,0.097792566,non-poor,3011.33837890625
522777,-1.24471522017578,36.75052478293,0.0707309,non-poor,1009.4478149414062
522778,-1.24471522017578,36.75885811293,0.07104322,non-poor,1075.1905517578125
522779,-1.24471522017578,36.76719144293,0.06684954,non-poor,1566.7491455078125
522780,-1.24471522017578,36.77552477293,0.05278633,non-poor,1453.5731201171875
522781,-1.24471522017578,36.78385810293,0.052957024,non-poor,1687.6192626953125
522782,-1.24471522017578,36.79219143293,0.05065298,non-poor,1016.4273681640625
522789,-1.24471522017578,36.85052474293,0.074786425,non-poor,850.665283203125
522790,-1.24471522017578,36.85885807293,0.060043972,non-poor,2090.59326171875
522791,-1.24471522017578,36.86719140293,0.014202096,non-poor,16170.4462890625
522792,-1.24471522017578,36.875524732929996,0.015920456,non-poor,38903.59375
522793,-1.24471522017578,36.88385806293,0.022330074,non-poor,34228.5546875
522794,-1.24471522017578,36.89219139293,0.018213203,non-poor,35651.16015625
522795,-1.24471522017578,36.90052472293,0.022048404,non-poor,41494.95703125
522796,-1.24471522017578,36.90885805293,0.05547112,non-poor,35558.26171875
522797,-1.24471522017578,36.91719138293,0.08976415,non-poor,6769.3388671875
522798,-1.24471522017578,36.92552471293,0.106637515,non-poor,4579.791015625
522799,-1.24471522017578,36.93385804293,0.09541559,non-poor,4677.93310546875
522800,-1.24471522017578,36.94219137293,0.10157929,non-poor,4348.93017578125
522801,-1.24471522017578,36.95052470293,0.12017001,non-poor,2018.47802734375
522802,-1.24471522017578,36.958858032929996,0.14287187,non-poor,1009.0177612304688
522803,-1.24471522017578,36.96719136293,0.15840487,non-poor,1794.4984130859375
522805,-1.24471522017578,36.98385802293,0.16615099,non-poor,944.7084350585938
522847,-1.24471522017578,37.33385788293,0.29884723,vulnerable,889.9675903320312
522848,-1.24471522017578,37.34219121293,0.29543403,vulnerable,1647.4200439453125
522849,-1.24471522017578,37.350524542929996,0.3038818,vulnerable,1146.3038330078125
522850,-1.24471522017578,37.35885787293,0.31003168,vulnerable,872.9066772460938
523580,-1.2530485501757802,36.65052482293,0.104916014,non-poor,830.656494140625
523581,-1.2530485501757802,36.65885815293,0.11234241,non-poor,1863.72412109375
523582,-1.2530485501757802,36.66719148293,0.10641604,non-poor,2883.593505859375
523583,-1.2530485501757802,36.67552481293,0.09336845,non-poor,2297.195556640625
523584,-1.2530485501757802,36.68385814293,0.05617753,non-poor,4114.6904296875
523585,-1.2530485501757802,36.69219147293,0.07859202,non-poor,7039.52880859375
523586,-1.2530485501757802,36.70052480293,0.07437408,non-poor,6685.517578125
523587,-1.2530485501757802,36.70885813293,0.08609922,non-poor,10124.4208984375
523588,-1.2530485501757802,36.717191462929996,0.09733371,non-poor,9647.2119140625
523589,-1.2530485501757802,36.72552479293,0.10463663,non-poor,3332.970458984375
523590,-1.2530485501757802,36.73385812293,0.09419482,non-poor,1429.9537353515625
523591,-1.2530485501757802,36.74219145293,0.07729507,non-poor,2053.96826171875
523592,-1.2530485501757802,36.75052478293,0.095713705,non-poor,2898.213134765625
523593,-1.2530485501757802,36.75885811293,0.071455024,non-poor,2179.881591796875
523594,-1.2530485501757802,36.76719144293,0.059490718,non-poor,2022.349365234375
523595,-1.2530485501757802,36.77552477293,0.04724749,non-poor,2614.110107421875
523596,-1.2530485501757802,36.78385810293,0.039421104,non-poor,3064.635498046875
523597,-1.2530485501757802,36.79219143293,0.023943521,non-poor,3212.887451171875
523598,-1.2530485501757802,36.800524762929996,0.033316918,non-poor,2765.047607421875
523599,-1.2530485501757802,36.80885809293,0.02694884,non-poor,5687.08056640625
523600,-1.2530485501757802,36.81719142293,0.028624997,non-poor,6695.12841796875
523601,-1.2530485501757802,36.82552475293,0.044744845,non-poor,3135.5966796875
523603,-1.2530485501757802,36.84219141293,0.123184465,non-poor,3396.841796875
523604,-1.2530485501757802,36.85052474293,0.0878593,non-poor,5645.0107421875
523605,-1.2530485501757802,36.85885807293,0.020253804,non-poor,28405.7734375
523606,-1.2530485501757802,36.86719140293,0.0040381476,non-poor,113741.125
523607,-1.2530485501757802,36.875524732929996,0.008719268,non-poor,50776.6015625
523608,-1.2530485501757802,36.88385806293,0.012181909,non-poor,39629.1875
523609,-1.2530485501757802,36.89219139293,0.022176132,non-poor,27543.501953125
523610,-1.2530485501757802,36.90052472293,0.05573923,non-poor,16591.21875
523611,-1.2530485501757802,36.90885805293,0.09837355,non-poor,6059.43994140625
523612,-1.2530485501757802,36.91719138293,0.07298116,non-poor,8184.125
523613,-1.2530485501757802,36.92552471293,0.0922547,non-poor,5576.12646484375
523614,-1.2530485501757802,36.93385804293,0.10213822,non-poor,2781.10009765625
523615,-1.2530485501757802,36.94219137293,0.10684321,non-poor,1928.6591796875
523616,-1.2530485501757802,36.95052470293,0.12370844,non-poor,2219.76611328125
523617,-1.2530485501757802,36.958858032929996,0.13420963,non-poor,1895.1119384765625
523619,-1.2530485501757802,36.97552469293,0.14687885,non-poor,1321.0008544921875
523620,-1.2530485501757802,36.98385802293,0.15188836,non-poor,1043.6058349609375
523622,-1.2530485501757802,37.00052468293,0.17356066,non-poor,1375.5550537109375
523623,-1.2530485501757802,37.00885801293,0.1882835,non-poor,922.3296508789062
523660,-1.2530485501757802,37.31719122293,0.27155247,vulnerable,978.0025634765625
523661,-1.2530485501757802,37.32552455293,0.27714014,vulnerable,1045.8048095703125
523663,-1.2530485501757802,37.34219121293,0.2825387,vulnerable,903.4788818359375
523664,-1.2530485501757802,37.350524542929996,0.2979653,vulnerable,881.6485595703125
523666,-1.2530485501757802,37.36719120293,0.31208363,vulnerable,848.117919921875
524155,-1.2613818801757803,34.65052562293,0.6966402,severely poor,1420.57568359375
524395,-1.2613818801757803,36.65052482293,0.09503978,non-poor,899.1799926757812
524396,-1.2613818801757803,36.65885815293,0.08396579,non-poor,2370.494140625
524397,-1.2613818801757803,36.66719148293,0.10954412,non-poor,1657.2584228515625
524398,-1.2613818801757803,36.67552481293,0.12159226,non-poor,1534.5421142578125
524399,-1.2613818801757803,36.68385814293,0.0828389,non-poor,1261.681884765625
524400,-1.2613818801757803,36.69219147293,0.06994125,non-poor,3567.411376953125
524401,-1.2613818801757803,36.70052480293,0.1200319,non-poor,4845.24267578125
524402,-1.2613818801757803,36.70885813293,0.14492199,non-poor,6460.25048828125
524403,-1.2613818801757803,36.717191462929996,0.13206981,non-poor,6488.44091796875
524404,-1.2613818801757803,36.72552479293,0.097143784,non-poor,4605.74072265625
524405,-1.2613818801757803,36.73385812293,0.052286666,non-poor,4508.53076171875
524406,-1.2613818801757803,36.74219145293,0.03680618,non-poor,12269.4453125
524407,-1.2613818801757803,36.75052478293,0.023064109,non-poor,20501.890625
524408,-1.2613818801757803,36.75885811293,0.03310296,non-poor,8679.5986328125
524409,-1.2613818801757803,36.76719144293,0.054834235,non-poor,1820.6043701171875
524410,-1.2613818801757803,36.77552477293,0.05316216,non-poor,2372.26513671875
524411,-1.2613818801757803,36.78385810293,0.04239735,non-poor,3846.07861328125
524412,-1.2613818801757803,36.79219143293,0.042657524,non-poor,4172.8984375
524413,-1.2613818801757803,36.800524762929996,0.0064995605,non-poor,3160.33154296875
524414,-1.2613818801757803,36.80885809293,0.020071391,non-poor,6650.6787109375
524415,-1.2613818801757803,36.81719142293,0.023479346,non-poor,8643.0166015625
524416,-1.2613818801757803,36.82552475293,0.026525682,non-poor,4047.078369140625
524417,-1.2613818801757803,36.83385808293,0.049644012,non-poor,8746.8564453125
524418,-1.2613818801757803,36.84219141293,0.029648364,non-poor,36912.44140625
524419,-1.2613818801757803,36.85052474293,0.01887596,non-poor,56094.01171875
524420,-1.2613818801757803,36.85885807293,0.023359459,non-poor,41253.12109375
524421,-1.2613818801757803,36.86719140293,0.054598387,non-poor,17200.359375
524422,-1.2613818801757803,36.875524732929996,0.0054771295,non-poor,17493.748046875
524423,-1.2613818801757803,36.88385806293,0.016764224,non-poor,27662.611328125
524424,-1.2613818801757803,36.89219139293,0.043571167,non-poor,9350.0986328125
524425,-1.2613818801757803,36.90052472293,0.045449916,non-poor,8870.6845703125
524426,-1.2613818801757803,36.90885805293,0.02583445,non-poor,13267.9580078125
524427,-1.2613818801757803,36.91719138293,0.018472208,non-poor,51684.3671875
524428,-1.2613818801757803,36.92552471293,0.07219905,non-poor,23863.0078125
524429,-1.2613818801757803,36.93385804293,0.09716355,non-poor,6193.33447265625
524430,-1.2613818801757803,36.94219137293,0.09992448,non-poor,2117.20458984375
524431,-1.2613818801757803,36.95052470293,0.12535302,non-poor,823.0992431640625
524434,-1.2613818801757803,36.97552469293,0.12986009,non-poor,839.9560546875
524435,-1.2613818801757803,36.98385802293,0.14577988,non-poor,1552.43603515625
524436,-1.2613818801757803,36.99219135293,0.14791052,non-poor,1685.6116943359375
524437,-1.2613818801757803,37.00052468293,0.16570653,non-poor,1045.094482421875
524438,-1.2613818801757803,37.00885801293,0.17628653,non-poor,920.8306274414062
524474,-1.2613818801757803,37.30885789293,0.24419361,vulnerable,1027.2607421875
524475,-1.2613818801757803,37.31719122293,0.20518371,vulnerable,2723.462646484375
524476,-1.2613818801757803,37.32552455293,0.254947,vulnerable,1673.1590576171875
524477,-1.2613818801757803,37.33385788293,0.2681361,vulnerable,1268.4903564453125
524478,-1.2613818801757803,37.34219121293,0.27817592,vulnerable,833.9193725585938
524479,-1.2613818801757803,37.350524542929996,0.2700981,vulnerable,987.2965698242188
524969,-1.2697152101757805,34.65052562293,0.71361095,severely poor,804.0609130859375
525204,-1.2697152101757805,36.60885817293,0.14291857,non-poor,1221.7635498046875
525208,-1.2697152101757805,36.642191492929996,0.12475244,non-poor,1022.2664184570312
525209,-1.2697152101757805,36.65052482293,0.120972544,non-poor,1642.507568359375
525210,-1.2697152101757805,36.65885815293,0.11982343,non-poor,1408.27978515625
525211,-1.2697152101757805,36.66719148293,0.11708253,non-poor,2642.4169921875
525212,-1.2697152101757805,36.67552481293,0.11008779,non-poor,3615.170654296875
525213,-1.2697152101757805,36.68385814293,0.13290845,non-poor,1373.1451416015625
525214,-1.2697152101757805,36.69219147293,0.13965324,non-poor,1819.8995361328125
525215,-1.2697152101757805,36.70052480293,0.13514471,non-poor,1693.9254150390625
525216,-1.2697152101757805,36.70885813293,0.16058603,non-poor,2628.274658203125
525217,-1.2697152101757805,36.717191462929996,0.09937302,non-poor,3636.388427734375
525218,-1.2697152101757805,36.72552479293,0.12714835,non-poor,5405.96240234375
525219,-1.2697152101757805,36.73385812293,0.04393717,non-poor,9508.240234375
525220,-1.2697152101757805,36.74219145293,0.08934576,non-poor,18584.5234375
525221,-1.2697152101757805,36.75052478293,0.03389599,non-poor,33013.7421875
525222,-1.2697152101757805,36.75885811293,0.0280005,non-poor,16905.33984375
525223,-1.2697152101757805,36.76719144293,0.054013677,non-poor,1749.1510009765625
525224,-1.2697152101757805,36.77552477293,0.058737412,non-poor,1390.31103515625
525225,-1.2697152101757805,36.78385810293,0.05352413,non-poor,2148.04833984375
525226,-1.2697152101757805,36.79219143293,0.043887895,non-poor,4085.629638671875
525227,-1.2697152101757805,36.800524762929996,0.023103233,non-poor,3978.6748046875
525228,-1.2697152101757805,36.80885809293,0.014761317,non-poor,5176.81884765625
525229,-1.2697152101757805,36.81719142293,0.011662663,non-poor,7707.43603515625
525230,-1.2697152101757805,36.82552475293,0.01580711,non-poor,10955.11328125
525231,-1.2697152101757805,36.83385808293,0.024210254,non-poor,13534.720703125
525232,-1.2697152101757805,36.84219141293,0.016430236,non-poor,26357.80859375
525233,-1.2697152101757805,36.85052474293,0.04160786,non-poor,26114.796875
525234,-1.2697152101757805,36.85885807293,0.057844035,non-poor,7293.833984375
525235,-1.2697152101757805,36.86719140293,0.022949867,non-poor,15795.97265625
525236,-1.2697152101757805,36.875524732929996,0.024538321,non-poor,17623.2578125
525237,-1.2697152101757805,36.88385806293,0.032635517,non-poor,9903.232421875
525238,-1.2697152101757805,36.89219139293,0.0437001,non-poor,14879.0126953125
525239,-1.2697152101757805,36.90052472293,0.04026696,non-poor,10345.796875
525240,-1.2697152101757805,36.90885805293,0.01957685,non-poor,33632.42578125
525241,-1.2697152101757805,36.91719138293,0.019375928,non-poor,53163.01953125
525242,-1.2697152101757805,36.92552471293,0.09650575,non-poor,6122.9794921875
525243,-1.2697152101757805,36.93385804293,0.095045984,non-poor,2534.78515625
525244,-1.2697152101757805,36.94219137293,0.08664209,non-poor,2231.763671875
525245,-1.2697152101757805,36.95052470293,0.09533239,non-poor,1419.0283203125
525246,-1.2697152101757805,36.958858032929996,0.09905226,non-poor,951.2900390625
525249,-1.2697152101757805,36.98385802293,0.13737047,non-poor,1105.09521484375
525250,-1.2697152101757805,36.99219135293,0.14877777,non-poor,1795.2796630859375
525251,-1.2697152101757805,37.00052468293,0.16023356,non-poor,908.3842163085938
525287,-1.2697152101757805,37.30052456293,0.26079428,vulnerable,905.56005859375
525288,-1.2697152101757805,37.30885789293,0.25832456,vulnerable,1240.4324951171875
525289,-1.2697152101757805,37.31719122293,0.23148414,vulnerable,2910.196044921875
525290,-1.2697152101757805,37.32552455293,0.24132612,vulnerable,2785.96044921875
525291,-1.2697152101757805,37.33385788293,0.26341105,vulnerable,1121.9193115234375
525294,-1.2697152101757805,37.35885787293,0.2748521,vulnerable,890.5789794921875
526017,-1.2780485401757806,36.60885817293,0.15082379,non-poor,1477.3756103515625
526020,-1.2780485401757806,36.63385816293,0.1422514,non-poor,1214.932861328125
526021,-1.2780485401757806,36.642191492929996,0.13904503,non-poor,2591.759033203125
526022,-1.2780485401757806,36.65052482293,0.12655233,non-poor,2187.505126953125
526023,-1.2780485401757806,36.65885815293,0.12166891,non-poor,1441.39306640625
526024,-1.2780485401757806,36.66719148293,0.12706715,non-poor,2303.5615234375
526025,-1.2780485401757806,36.67552481293,0.097982034,non-poor,2348.425537109375
526026,-1.2780485401757806,36.68385814293,0.068042524,non-poor,3273.7255859375
526027,-1.2780485401757806,36.69219147293,0.10400578,non-poor,6541.62939453125
526028,-1.2780485401757806,36.70052480293,0.08621497,non-poor,4368.94677734375
526029,-1.2780485401757806,36.70885813293,0.14889838,non-poor,10459.1484375
526030,-1.2780485401757806,36.717191462929996,0.111822486,non-poor,11973.8291015625
526031,-1.2780485401757806,36.72552479293,0.057255037,non-poor,7063.9453125
526032,-1.2780485401757806,36.73385812293,0.04695291,non-poor,13447.38671875
526033,-1.2780485401757806,36.74219145293,0.02791766,non-poor,32630.19140625
526034,-1.2780485401757806,36.75052478293,0.02429939,non-poor,36808.421875
526035,-1.2780485401757806,36.75885811293,0.027608376,non-poor,14444.109375
526036,-1.2780485401757806,36.76719144293,0.049952157,non-poor,1743.7425537109375
526037,-1.2780485401757806,36.77552477293,0.05219491,non-poor,2050.109375
526038,-1.2780485401757806,36.78385810293,0.047573514,non-poor,3416.80322265625
526039,-1.2780485401757806,36.79219143293,0.046274833,non-poor,2687.646484375
526040,-1.2780485401757806,36.800524762929996,0.032560218,non-poor,1888.288818359375
526041,-1.2780485401757806,36.80885809293,0.01202556,non-poor,4044.00146484375
526042,-1.2780485401757806,36.81719142293,0.0019526113,non-poor,4827.18310546875
526043,-1.2780485401757806,36.82552475293,0.0041335654,non-poor,5670.03515625
526044,-1.2780485401757806,36.83385808293,0.017007057,non-poor,11667.9736328125
526045,-1.2780485401757806,36.84219141293,0.012365347,non-poor,31012.751953125
526046,-1.2780485401757806,36.85052474293,0.01840869,non-poor,37469.49609375
526047,-1.2780485401757806,36.85885807293,0.026221985,non-poor,16678.78125
526048,-1.2780485401757806,36.86719140293,0.020128774,non-poor,31450.662109375
526049,-1.2780485401757806,36.875524732929996,0.025783056,non-poor,12535.1044921875
526050,-1.2780485401757806,36.88385806293,0.024619713,non-poor,25110.76171875
526051,-1.2780485401757806,36.89219139293,0.03523507,non-poor,38453.37890625
526052,-1.2780485401757806,36.90052472293,0.054169875,non-poor,16426.041015625
526053,-1.2780485401757806,36.90885805293,0.048395984,non-poor,21422.095703125
526054,-1.2780485401757806,36.91719138293,0.043547835,non-poor,19453.96484375
526057,-1.2780485401757806,36.94219137293,0.098072134,non-poor,1036.082763671875
526058,-1.2780485401757806,36.95052470293,0.08447906,non-poor,1354.1982421875
526059,-1.2780485401757806,36.958858032929996,0.08313141,non-poor,1287.779052734375
526060,-1.2780485401757806,36.96719136293,0.10421267,non-poor,899.1659545898438
526063,-1.2780485401757806,36.99219135293,0.14921251,non-poor,1162.0537109375
526067,-1.2780485401757806,37.02552467293,0.17886947,non-poor,814.4083251953125
526069,-1.2780485401757806,37.04219133293,0.1824969,non-poor,1128.6478271484375
526075,-1.2780485401757806,37.09219131293,0.19580336,non-poor,812.8659057617188
526098,-1.2780485401757806,37.28385790293,0.25730392,vulnerable,925.1041870117188
526102,-1.2780485401757806,37.31719122293,0.25650975,vulnerable,910.9391479492188
526103,-1.2780485401757806,37.32552455293,0.25590265,vulnerable,1000.7571411132812
526105,-1.2780485401757806,37.34219121293,0.2560309,vulnerable,941.49853515625
526108,-1.2780485401757806,37.36719120293,0.2639866,vulnerable,949.8258056640625
526830,-1.2863818701757808,36.62552483293,0.15172298,non-poor,913.7407836914062
526837,-1.2863818701757808,36.68385814293,0.10914236,non-poor,3490.736572265625
526838,-1.2863818701757808,36.69219147293,0.10657295,non-poor,7159.03955078125
526839,-1.2863818701757808,36.70052480293,0.086595684,non-poor,5117.68359375
526840,-1.2863818701757808,36.70885813293,0.043114208,non-poor,2596.448486328125
526841,-1.2863818701757808,36.717191462929996,0.021746006,non-poor,3429.27197265625
526842,-1.2863818701757808,36.72552479293,0.043050442,non-poor,9364.0673828125
526843,-1.2863818701757808,36.73385812293,0.012988244,non-poor,16425.435546875
526844,-1.2863818701757808,36.74219145293,0.028335411,non-poor,21836.787109375
526845,-1.2863818701757808,36.75052478293,0.021764038,non-poor,20773.244140625
526846,-1.2863818701757808,36.75885811293,0.026840705,non-poor,3024.998779296875
526847,-1.2863818701757808,36.76719144293,0.030000415,non-poor,2312.017333984375
526848,-1.2863818701757808,36.77552477293,0.035462808,non-poor,3216.294921875
526849,-1.2863818701757808,36.78385810293,0.027218388,non-poor,4763.7392578125
526850,-1.2863818701757808,36.79219143293,0.02653482,non-poor,3915.350830078125
526851,-1.2863818701757808,36.800524762929996,0.02183889,non-poor,2484.812744140625
526852,-1.2863818701757808,36.80885809293,0.016369345,non-poor,3047.552490234375
526853,-1.2863818701757808,36.81719142293,0.003635705,non-poor,1623.5289306640625
526854,-1.2863818701757808,36.82552475293,0.0025657883,non-poor,1541.3663330078125
526855,-1.2863818701757808,36.83385808293,0.018135348,non-poor,5808.89111328125
526856,-1.2863818701757808,36.84219141293,0.018801223,non-poor,15831.830078125
526857,-1.2863818701757808,36.85052474293,0.017523032,non-poor,41496.62890625
526858,-1.2863818701757808,36.85885807293,0.030105153,non-poor,21510.9140625
526859,-1.2863818701757808,36.86719140293,0.037764907,non-poor,16832.818359375
526860,-1.2863818701757808,36.875524732929996,0.02274352,non-poor,14380.099609375
526861,-1.2863818701757808,36.88385806293,0.03586272,non-poor,21624.642578125
526862,-1.2863818701757808,36.89219139293,0.041256208,non-poor,25072.181640625
526863,-1.2863818701757808,36.90052472293,0.084754065,non-poor,11224.4716796875
526864,-1.2863818701757808,36.90885805293,0.09132069,non-poor,17565.5703125
526865,-1.2863818701757808,36.91719138293,0.093356006,non-poor,3103.140625
526869,-1.2863818701757808,36.95052470293,0.102806196,non-poor,1317.4486083984375
526870,-1.2863818701757808,36.958858032929996,0.10749163,non-poor,1885.8828125
526871,-1.2863818701757808,36.96719136293,0.11044393,non-poor,958.876708984375
526872,-1.2863818701757808,36.97552469293,0.12756108,non-poor,1068.7333984375
526873,-1.2863818701757808,36.98385802293,0.14034921,non-poor,1360.224365234375
526874,-1.2863818701757808,36.99219135293,0.1593284,non-poor,1291.9312744140625
526879,-1.2863818701757808,37.033858002929996,0.1928953,non-poor,1027.3267822265625
526880,-1.2863818701757808,37.04219133293,0.19666807,non-poor,873.9849853515625
526886,-1.2863818701757808,37.09219131293,0.19981158,non-poor,1685.54150390625
526887,-1.2863818701757808,37.10052464293,0.2019038,vulnerable,1143.419189453125
526916,-1.2863818701757808,37.34219121293,0.2537826,vulnerable,827.2227172851562
526918,-1.2863818701757808,37.35885787293,0.2622696,vulnerable,1006.4578247070312
526919,-1.2863818701757808,37.36719120293,0.26853648,vulnerable,869.4620971679688
527647,-1.294715200175781,36.67552481293,0.113911204,non-poor,896.0866088867188
527648,-1.294715200175781,36.68385814293,0.11818619,non-poor,949.7503051757812
527650,-1.294715200175781,36.70052480293,0.090008825,non-poor,1084.093505859375
527652,-1.294715200175781,36.717191462929996,0.067337856,non-poor,1509.4326171875
527653,-1.294715200175781,36.72552479293,0.067542784,non-poor,7355.3818359375
527654,-1.294715200175781,36.73385812293,0.020395804,non-poor,13206.5107421875
527655,-1.294715200175781,36.74219145293,0.068409756,non-poor,18092.587890625
527656,-1.294715200175781,36.75052478293,0.031427417,non-poor,11759.556640625
527657,-1.294715200175781,36.75885811293,0.027401317,non-poor,3879.092529296875
527658,-1.294715200175781,36.76719144293,0.038789302,non-poor,2876.8349609375
527659,-1.294715200175781,36.77552477293,0.051069338,non-poor,2919.25830078125
527660,-1.294715200175781,36.78385810293,0.031048775,non-poor,3575.208740234375
527661,-1.294715200175781,36.79219143293,0.020883767,non-poor,3372.835205078125
527662,-1.294715200175781,36.800524762929996,0.020494053,non-poor,2811.164794921875
527663,-1.294715200175781,36.80885809293,0.01793975,non-poor,3610.9033203125
527664,-1.294715200175781,36.81719142293,0.016306385,non-poor,4332.90576171875
527665,-1.294715200175781,36.82552475293,0.010444824,non-poor,5222.857421875
527666,-1.294715200175781,36.83385808293,0.0073803477,non-poor,4140.17578125
527667,-1.294715200175781,36.84219141293,0.010642006,non-poor,10469.47265625
527668,-1.294715200175781,36.85052474293,0.008665396,non-poor,14186.0244140625
527669,-1.294715200175781,36.85885807293,0.013719807,non-poor,18811.623046875
527670,-1.294715200175781,36.86719140293,0.018344002,non-poor,14686.1474609375
527671,-1.294715200175781,36.875524732929996,0.015446859,non-poor,9863.625
527672,-1.294715200175781,36.88385806293,0.031229451,non-poor,10026.7158203125
527673,-1.294715200175781,36.89219139293,0.029070055,non-poor,17072.609375
527674,-1.294715200175781,36.90052472293,0.0617891,non-poor,9662.4169921875
527675,-1.294715200175781,36.90885805293,0.08408506,non-poor,3173.043212890625
527676,-1.294715200175781,36.91719138293,0.09368827,non-poor,843.6461181640625
527680,-1.294715200175781,36.95052470293,0.11894259,non-poor,1288.00830078125
527684,-1.294715200175781,36.98385802293,0.14309648,non-poor,947.9974975585938
527727,-1.294715200175781,37.34219121293,0.23673168,vulnerable,1550.7452392578125
527728,-1.294715200175781,37.350524542929996,0.25427815,vulnerable,1072.9779052734375
527729,-1.294715200175781,37.35885787293,0.2631299,vulnerable,867.5784301757812
528220,-1.3030485301757802,34.70052560293,0.6798773,severely poor,899.151611328125
528464,-1.3030485301757802,36.73385812293,0.058331586,non-poor,4782.09130859375
528465,-1.3030485301757802,36.74219145293,0.05644286,non-poor,5432.015625
528466,-1.3030485301757802,36.75052478293,0.065188006,non-poor,2056.771728515625
528467,-1.3030485301757802,36.75885811293,0.059702564,non-poor,2225.681640625
528468,-1.3030485301757802,36.76719144293,0.04464423,non-poor,4140.9111328125
528469,-1.3030485301757802,36.77552477293,0.0155417565,non-poor,15665.3427734375
528470,-1.3030485301757802,36.78385810293,0.021159707,non-poor,29337.685546875
528471,-1.3030485301757802,36.79219143293,0.025637217,non-poor,13942.1484375
528472,-1.3030485301757802,36.800524762929996,0.028071227,non-poor,6311.60400390625
528473,-1.3030485301757802,36.80885809293,0.026192999,non-poor,6036.22607421875
528474,-1.3030485301757802,36.81719142293,0.018010153,non-poor,5094.26025390625
528475,-1.3030485301757802,36.82552475293,0.012923899,non-poor,5830.79736328125
528476,-1.3030485301757802,36.83385808293,0.005554167,non-poor,12671.357421875
528477,-1.3030485301757802,36.84219141293,0.010105486,non-poor,6276.580078125
528478,-1.3030485301757802,36.85052474293,0.01459904,non-poor,5436.80517578125
528479,-1.3030485301757802,36.85885807293,0.01861665,non-poor,7844.96142578125
528480,-1.3030485301757802,36.86719140293,0.026606617,non-poor,7814.04150390625
528481,-1.3030485301757802,36.875524732929996,0.02983027,non-poor,8908.0478515625
528482,-1.3030485301757802,36.88385806293,0.035089687,non-poor,17626.09375
528483,-1.3030485301757802,36.89219139293,0.048219513,non-poor,14174.4599609375
528484,-1.3030485301757802,36.90052472293,0.056648463,non-poor,3054.559326171875
528485,-1.3030485301757802,36.90885805293,0.047707614,non-poor,3812.263427734375
528486,-1.3030485301757802,36.91719138293,0.06258185,non-poor,2231.33154296875
528489,-1.3030485301757802,36.94219137293,0.12213753,non-poor,801.1235961914062
528536,-1.3030485301757802,37.33385788293,0.25163665,vulnerable,954.464599609375
528537,-1.3030485301757802,37.34219121293,0.24431664,vulnerable,2039.6463623046875
528538,-1.3030485301757802,37.350524542929996,0.24908163,vulnerable,2119.385009765625
528539,-1.3030485301757802,37.35885787293,0.2617773,vulnerable,904.9263916015625
528540,-1.3030485301757802,37.36719120293,0.26646703,vulnerable,809.3907470703125
529028,-1.3113818601757803,34.69219227293,0.6630185,severely poor,870.5447998046875
529029,-1.3113818601757803,34.70052560293,0.66772753,severely poor,925.6961669921875
529276,-1.3113818601757803,36.75885811293,0.10069003,non-poor,813.6683959960938
529277,-1.3113818601757803,36.76719144293,0.15773618,non-poor,2018.9603271484375
529278,-1.3113818601757803,36.77552477293,0.05592268,non-poor,25162.70703125
529279,-1.3113818601757803,36.78385810293,0.013208362,non-poor,50617.06640625
529280,-1.3113818601757803,36.79219143293,0.004842587,non-poor,69534.109375
529281,-1.3113818601757803,36.800524762929996,0.013604635,non-poor,43034.18359375
529282,-1.3113818601757803,36.80885809293,0.031844318,non-poor,10856.404296875
529283,-1.3113818601757803,36.81719142293,0.024210857,non-poor,8418.494140625
529284,-1.3113818601757803,36.82552475293,0.024583697,non-poor,7733.3955078125
529285,-1.3113818601757803,36.83385808293,0.012636319,non-poor,17027.94921875
529286,-1.3113818601757803,36.84219141293,0.013424468,non-poor,11885.4248046875
529287,-1.3113818601757803,36.85052474293,0.02439929,non-poor,4888.7978515625
529288,-1.3113818601757803,36.85885807293,0.026307812,non-poor,8885.6962890625
529289,-1.3113818601757803,36.86719140293,0.029520536,non-poor,20944.611328125
529290,-1.3113818601757803,36.875524732929996,0.040787667,non-poor,24177.80859375
529291,-1.3113818601757803,36.88385806293,0.030181536,non-poor,33581.5546875
529292,-1.3113818601757803,36.89219139293,0.04618422,non-poor,18910.64453125
529293,-1.3113818601757803,36.90052472293,0.063001685,non-poor,2796.517822265625
529294,-1.3113818601757803,36.90885805293,0.03357587,non-poor,3757.49072265625
529295,-1.3113818601757803,36.91719138293,0.03283821,non-poor,3270.044677734375
529296,-1.3113818601757803,36.92552471293,0.07944097,non-poor,2314.65234375
529297,-1.3113818601757803,36.93385804293,0.11319625,non-poor,1836.2542724609375
529349,-1.3113818601757803,37.36719120293,0.27307552,vulnerable,1026.4503173828125
529833,-1.3197151901757804,34.67552561293,0.6543003,severely poor,951.4320678710938
529834,-1.3197151901757804,34.68385894293,0.65442324,severely poor,832.0960083007812
530071,-1.3197151901757804,36.65885815293,0.11712873,non-poor,1351.095703125
530072,-1.3197151901757804,36.66719148293,0.11548703,non-poor,839.5592651367188
530085,-1.3197151901757804,36.77552477293,0.04977041,non-poor,1521.741943359375
530086,-1.3197151901757804,36.78385810293,0.03358904,non-poor,6546.388671875
530087,-1.3197151901757804,36.79219143293,0.04591402,non-poor,9436.2880859375
530088,-1.3197151901757804,36.800524762929996,0.058278013,non-poor,6422.7734375
530089,-1.3197151901757804,36.80885809293,0.04706202,non-poor,3177.90576171875
530090,-1.3197151901757804,36.81719142293,0.054256253,non-poor,4245.4267578125
530091,-1.3197151901757804,36.82552475293,0.052261405,non-poor,5478.431640625
530092,-1.3197151901757804,36.83385808293,0.031000778,non-poor,4518.146484375
530093,-1.3197151901757804,36.84219141293,0.018237155,non-poor,5092.4912109375
530094,-1.3197151901757804,36.85052474293,0.01868182,non-poor,3906.041015625
530095,-1.3197151901757804,36.85885807293,0.032883964,non-poor,4918.97314453125
530096,-1.3197151901757804,36.86719140293,0.03727405,non-poor,7800.18505859375
530097,-1.3197151901757804,36.875524732929996,0.03423614,non-poor,15891.7666015625
530098,-1.3197151901757804,36.88385806293,0.016486892,non-poor,17220.48046875
530099,-1.3197151901757804,36.89219139293,0.017600844,non-poor,24798.646484375
530100,-1.3197151901757804,36.90052472293,0.04112694,non-poor,8167.203125
530101,-1.3197151901757804,36.90885805293,0.069056354,non-poor,1645.4212646484375
530102,-1.3197151901757804,36.91719138293,0.052740853,non-poor,2320.411865234375
530103,-1.3197151901757804,36.92552471293,0.059593704,non-poor,2314.634521484375
530104,-1.3197151901757804,36.93385804293,0.10168542,non-poor,1146.9146728515625
530105,-1.3197151901757804,36.94219137293,0.12198505,non-poor,949.7714233398438
530156,-1.3197151901757804,37.36719120293,0.2721849,vulnerable,871.31298828125
530158,-1.3197151901757804,37.38385786293,0.26624373,vulnerable,944.545166015625
530644,-1.3280485201757806,34.70885893293,0.6754031,severely poor,867.5601806640625
530879,-1.3280485201757806,36.66719148293,0.110789545,non-poor,2121.788818359375
530880,-1.3280485201757806,36.67552481293,0.10285456,non-poor,4082.151123046875
530881,-1.3280485201757806,36.68385814293,0.10329546,non-poor,803.53857421875
530888,-1.3280485201757806,36.74219145293,0.12322127,non-poor,851.5051879882812
530890,-1.3280485201757806,36.75885811293,0.15034196,non-poor,909.21728515625
530893,-1.3280485201757806,36.78385810293,0.080841266,non-poor,2725.758544921875
530895,-1.3280485201757806,36.800524762929996,0.10388176,non-poor,1884.512939453125
530896,-1.3280485201757806,36.80885809293,0.11967797,non-poor,1218.442626953125
530897,-1.3280485201757806,36.81719142293,0.09764715,non-poor,1132.5540771484375
530898,-1.3280485201757806,36.82552475293,0.09979185,non-poor,2117.21533203125
530899,-1.3280485201757806,36.83385808293,0.09208827,non-poor,1158.4130859375
530901,-1.3280485201757806,36.85052474293,0.06452506,non-poor,1732.010009765625
530902,-1.3280485201757806,36.85885807293,0.03853798,non-poor,3543.094970703125
530903,-1.3280485201757806,36.86719140293,0.0314028,non-poor,4500.32470703125
530904,-1.3280485201757806,36.875524732929996,0.031545565,non-poor,5841.51220703125
530905,-1.3280485201757806,36.88385806293,0.02584934,non-poor,6229.3818359375
530906,-1.3280485201757806,36.89219139293,0.04577516,non-poor,14648.05078125
530907,-1.3280485201757806,36.90052472293,0.0752626,non-poor,8350.09375
530908,-1.3280485201757806,36.90885805293,0.040676527,non-poor,1935.816162109375
530909,-1.3280485201757806,36.91719138293,0.0072394363,non-poor,3677.020751953125
530910,-1.3280485201757806,36.92552471293,0.024640735,non-poor,2372.82373046875
530911,-1.3280485201757806,36.93385804293,0.10233813,non-poor,1053.4287109375
530912,-1.3280485201757806,36.94219137293,0.11272051,non-poor,1233.080078125
530958,-1.3280485201757806,37.32552455293,0.27241495,vulnerable,915.8690795898438
530962,-1.3280485201757806,37.35885787293,0.2723212,vulnerable,880.4882202148438
530965,-1.3280485201757806,37.38385786293,0.26699677,vulnerable,943.3538818359375
531447,-1.3363818501757807,34.68385894293,0.6571983,severely poor,1845.1627197265625
531448,-1.3363818501757807,34.69219227293,0.66429406,severely poor,877.679443359375
531684,-1.3363818501757807,36.65885815293,0.119213946,non-poor,1117.6658935546875
531685,-1.3363818501757807,36.66719148293,0.12061123,non-poor,5396.85009765625
531686,-1.3363818501757807,36.67552481293,0.10359771,non-poor,7686.61376953125
531687,-1.3363818501757807,36.68385814293,0.11582068,non-poor,3155.919189453125
531694,-1.3363818501757807,36.74219145293,0.10378456,non-poor,824.6838989257812
531695,-1.3363818501757807,36.75052478293,0.09052678,non-poor,958.4995727539062
531696,-1.3363818501757807,36.75885811293,0.09454614,non-poor,1137.414306640625
531709,-1.3363818501757807,36.86719140293,0.040711086,non-poor,2533.695068359375
531710,-1.3363818501757807,36.875524732929996,0.036694992,non-poor,4314.42236328125
531711,-1.3363818501757807,36.88385806293,0.06294612,non-poor,3568.523193359375
531712,-1.3363818501757807,36.89219139293,0.07624274,non-poor,3098.6806640625
531713,-1.3363818501757807,36.90052472293,0.076372795,non-poor,4621.5390625
531714,-1.3363818501757807,36.90885805293,0.017971076,non-poor,12917.9287109375
531715,-1.3363818501757807,36.91719138293,0.013574633,non-poor,3123.866943359375
531716,-1.3363818501757807,36.92552471293,0.0839109,non-poor,1092.51123046875
531763,-1.3363818501757807,37.31719122293,0.28612387,vulnerable,886.0309448242188
531764,-1.3363818501757807,37.32552455293,0.2906882,vulnerable,883.8258056640625
531843,-1.3363818501757807,37.98385762293,0.36513534,poor,1012.1121215820312
532252,-1.3447151801757808,34.68385894293,0.6866916,severely poor,981.4703369140625
532489,-1.3447151801757808,36.65885815293,0.109175764,non-poor,3082.78515625
532490,-1.3447151801757808,36.66719148293,0.12314022,non-poor,3300.0263671875
532491,-1.3447151801757808,36.67552481293,0.119024545,non-poor,2045.8885498046875
532492,-1.3447151801757808,36.68385814293,0.104373515,non-poor,1626.7193603515625
532515,-1.3447151801757808,36.875524732929996,0.097789295,non-poor,1119.7203369140625
532516,-1.3447151801757808,36.88385806293,0.10436816,non-poor,1665.290283203125
532517,-1.3447151801757808,36.89219139293,0.092254505,non-poor,1678.091796875
532518,-1.3447151801757808,36.90052472293,0.070878334,non-poor,1799.8697509765625
532519,-1.3447151801757808,36.90885805293,0.07694997,non-poor,6173.248046875
532520,-1.3447151801757808,36.91719138293,0.096199945,non-poor,2799.318603515625
532568,-1.3447151801757808,37.31719122293,0.28669086,vulnerable,1101.7510986328125
532651,-1.3447151801757808,38.00885761293,0.37313515,poor,805.6865844726562
532652,-1.3447151801757808,38.01719094293,0.3786361,poor,949.8021850585938
533059,-1.35304851017578,34.71719226293,0.7217325,severely poor,920.1864624023438
533291,-1.35304851017578,36.65052482293,0.11284319,non-poor,2245.36181640625
533292,-1.35304851017578,36.65885815293,0.11262634,non-poor,3709.992431640625
533293,-1.35304851017578,36.66719148293,0.1252319,non-poor,1526.070068359375
533294,-1.35304851017578,36.67552481293,0.12403965,non-poor,1031.2413330078125
533295,-1.35304851017578,36.68385814293,0.11981901,non-poor,1058.5517578125
533300,-1.35304851017578,36.72552479293,0.063046046,non-poor,849.8529052734375
533320,-1.35304851017578,36.89219139293,0.1028004,non-poor,1185.7452392578125
533321,-1.35304851017578,36.90052472293,0.07484729,non-poor,1765.135498046875
533322,-1.35304851017578,36.90885805293,0.09395267,non-poor,2043.4876708984375
533323,-1.35304851017578,36.91719138293,0.10499441,non-poor,2374.110595703125
533324,-1.35304851017578,36.92552471293,0.10904268,non-poor,1246.9400634765625
533325,-1.35304851017578,36.93385804293,0.11472502,non-poor,868.2002563476562
533387,-1.35304851017578,37.45052450293,0.29287896,vulnerable,1301.9044189453125
533453,-1.35304851017578,38.00052428293,0.36014488,poor,1255.9769287109375
533454,-1.35304851017578,38.00885761293,0.33239928,poor,4123.220703125
533455,-1.35304851017578,38.01719094293,0.36713988,poor,1607.5926513671875
533456,-1.35304851017578,38.02552427293,0.37759027,poor,844.1362915039062
533861,-1.3613818401757802,34.71719226293,0.73335207,severely poor,959.1720581054688
534093,-1.3613818401757802,36.65052482293,0.11802875,non-poor,3756.3701171875
534094,-1.3613818401757802,36.65885815293,0.11577971,non-poor,4153.0146484375
534095,-1.3613818401757802,36.66719148293,0.12675059,non-poor,2261.4267578125
534096,-1.3613818401757802,36.67552481293,0.12513368,non-poor,1104.40625
534102,-1.3613818401757802,36.72552479293,0.09170206,non-poor,871.3873291015625
534124,-1.3613818401757802,36.90885805293,0.070369445,non-poor,2366.764892578125
534125,-1.3613818401757802,36.91719138293,0.08252725,non-poor,2099.07080078125
534126,-1.3613818401757802,36.92552471293,0.10327643,non-poor,1515.263671875
534127,-1.3613818401757802,36.93385804293,0.11569248,non-poor,1336.9825439453125
534128,-1.3613818401757802,36.94219137293,0.12088779,non-poor,819.4845581054688
534255,-1.3613818401757802,38.00052428293,0.32902443,vulnerable,2744.846923828125
534256,-1.3613818401757802,38.00885761293,0.29803634,vulnerable,4482.72705078125
534257,-1.3613818401757802,38.01719094293,0.3552753,poor,1594.242919921875
534894,-1.3697151701757804,36.642191492929996,0.14403678,non-poor,1089.21337890625
534895,-1.3697151701757804,36.65052482293,0.13117884,non-poor,1836.0325927734375
534896,-1.3697151701757804,36.65885815293,0.13115954,non-poor,1629.7606201171875
534897,-1.3697151701757804,36.66719148293,0.13464646,non-poor,1171.2174072265625
534903,-1.3697151701757804,36.717191462929996,0.086401515,non-poor,2328.682373046875
534904,-1.3697151701757804,36.72552479293,0.102263995,non-poor,1517.258056640625
534926,-1.3697151701757804,36.90885805293,0.08216889,non-poor,1354.6156005859375
534927,-1.3697151701757804,36.91719138293,0.06778041,non-poor,3450.464599609375
534928,-1.3697151701757804,36.92552471293,0.09134316,non-poor,1910.912841796875
534929,-1.3697151701757804,36.93385804293,0.10645916,non-poor,1785.8148193359375
534930,-1.3697151701757804,36.94219137293,0.12222264,non-poor,1033.9967041015625
534967,-1.3697151701757804,37.25052458293,0.25230974,vulnerable,1023.9301147460938
535056,-1.3697151701757804,37.99219095293,0.36143807,poor,986.9869995117188
535057,-1.3697151701757804,38.00052428293,0.3397579,poor,2856.13671875
535058,-1.3697151701757804,38.00885761293,0.35451943,poor,4357.86376953125
535059,-1.3697151701757804,38.01719094293,0.36572954,poor,2352.12353515625
535060,-1.3697151701757804,38.02552427293,0.3794769,poor,952.6669311523438
535699,-1.3780485001757805,36.67552481293,0.12968513,non-poor,928.599853515625
535701,-1.3780485001757805,36.69219147293,0.13230897,non-poor,1243.465576171875
535704,-1.3780485001757805,36.717191462929996,0.11910836,non-poor,1713.6737060546875
535705,-1.3780485001757805,36.72552479293,0.11008142,non-poor,2229.822021484375
535706,-1.3780485001757805,36.73385812293,0.11097622,non-poor,815.3175048828125
535707,-1.3780485001757805,36.74219145293,0.10687226,non-poor,1923.390869140625
535708,-1.3780485001757805,36.75052478293,0.098061375,non-poor,1213.9193115234375
535709,-1.3780485001757805,36.75885811293,0.1092229,non-poor,1508.815185546875
535710,-1.3780485001757805,36.76719144293,0.11560247,non-poor,917.6958618164062
535728,-1.3780485001757805,36.91719138293,0.10059198,non-poor,848.6278076171875
535729,-1.3780485001757805,36.92552471293,0.10064625,non-poor,1997.526123046875
535730,-1.3780485001757805,36.93385804293,0.10045492,non-poor,1865.0958251953125
535731,-1.3780485001757805,36.94219137293,0.12315703,non-poor,3361.9443359375
535768,-1.3780485001757805,37.25052458293,0.25926796,vulnerable,946.6759033203125
535859,-1.3780485001757805,38.00885761293,0.3706397,poor,1139.968994140625
535862,-1.3780485001757805,38.03385760293,0.38619417,poor,971.6907958984375
536498,-1.3863818301757806,36.67552481293,0.13234332,non-poor,1110.902587890625
536499,-1.3863818301757806,36.68385814293,0.13194841,non-poor,1253.1783447265625
536504,-1.3863818301757806,36.72552479293,0.110666074,non-poor,2814.330322265625
536505,-1.3863818301757806,36.73385812293,0.08859139,non-poor,1722.124755859375
536506,-1.3863818301757806,36.74219145293,0.08491759,non-poor,10724.3994140625
536507,-1.3863818301757806,36.75052478293,0.06943283,non-poor,15168.1357421875
536508,-1.3863818301757806,36.75885811293,0.082416445,non-poor,9294.9560546875
536509,-1.3863818301757806,36.76719144293,0.10206299,non-poor,2800.37841796875
536510,-1.3863818301757806,36.77552477293,0.11633949,non-poor,2594.232177734375
536528,-1.3863818301757806,36.92552471293,0.09904929,non-poor,1834.3115234375
536529,-1.3863818301757806,36.93385804293,0.07038196,non-poor,3652.136474609375
536530,-1.3863818301757806,36.94219137293,0.113928124,non-poor,3542.9453125
536566,-1.3863818301757806,37.24219125293,0.23671743,vulnerable,847.7940673828125
536567,-1.3863818301757806,37.25052458293,0.26980847,vulnerable,1133.83544921875
537298,-1.3947151601757808,36.68385814293,0.13606639,non-poor,1550.785400390625
537302,-1.3947151601757808,36.717191462929996,0.112417094,non-poor,1045.8125
537303,-1.3947151601757808,36.72552479293,0.10601318,non-poor,2898.276611328125
537304,-1.3947151601757808,36.73385812293,0.08463523,non-poor,5907.982421875
537305,-1.3947151601757808,36.74219145293,0.06791358,non-poor,12220.1103515625
537306,-1.3947151601757808,36.75052478293,0.06556335,non-poor,13591.705078125
537307,-1.3947151601757808,36.75885811293,0.07580181,non-poor,10989.6728515625
537308,-1.3947151601757808,36.76719144293,0.10160405,non-poor,6295.02392578125
537328,-1.3947151601757808,36.93385804293,0.11178475,non-poor,1543.148681640625
537329,-1.3947151601757808,36.94219137293,0.111834794,non-poor,3307.825439453125
537363,-1.3947151601757808,37.22552459293,0.20856453,vulnerable,866.3458862304688
537364,-1.3947151601757808,37.23385792293,0.21923669,vulnerable,876.8563232421875
537365,-1.3947151601757808,37.24219125293,0.24500518,vulnerable,1240.9178466796875
537366,-1.3947151601757808,37.25052458293,0.2678636,vulnerable,972.0576171875
537370,-1.3947151601757808,37.28385790293,0.34524685,poor,1063.399169921875
537371,-1.3947151601757808,37.29219123293,0.3661048,poor,936.609130859375
537457,-1.3947151601757808,38.00885761293,0.3715942,poor,1086.8009033203125
538096,-1.403048490175781,36.68385814293,0.13799618,non-poor,942.2391967773438
538099,-1.403048490175781,36.70885813293,0.121293046,non-poor,1789.6297607421875
538100,-1.403048490175781,36.717191462929996,0.12604529,non-poor,1128.8541259765625
538102,-1.403048490175781,36.73385812293,0.13054746,non-poor,1063.5552978515625
538103,-1.403048490175781,36.74219145293,0.12404397,non-poor,2558.30078125
538104,-1.403048490175781,36.75052478293,0.11925017,non-poor,4436.421875
538105,-1.403048490175781,36.75885811293,0.12286442,non-poor,2190.49462890625
538106,-1.403048490175781,36.76719144293,0.1258316,non-poor,2295.6455078125
538127,-1.403048490175781,36.94219137293,0.0968708,non-poor,1680.3721923828125
538163,-1.403048490175781,37.24219125293,0.24077535,vulnerable,897.4638671875
538175,-1.403048490175781,37.34219121293,0.37349048,poor,859.6958618164062
538216,-1.403048490175781,37.68385774293,0.3203954,vulnerable,951.541748046875
538893,-1.4113818201757802,36.68385814293,0.14822783,non-poor,1600.7210693359375
538894,-1.4113818201757802,36.69219147293,0.14039756,non-poor,2002.7845458984375
538895,-1.4113818201757802,36.70052480293,0.1377451,non-poor,2123.438720703125
538896,-1.4113818201757802,36.70885813293,0.13685577,non-poor,2551.48388671875
538897,-1.4113818201757802,36.717191462929996,0.14041439,non-poor,1285.77734375
538969,-1.4113818201757802,37.31719122293,0.3887728,poor,865.3422241210938
538970,-1.4113818201757802,37.32552455293,0.392659,poor,2115.7099609375
538971,-1.4113818201757802,37.33385788293,0.3724166,poor,1020.5829467773438
539687,-1.4197151501757803,36.67552481293,0.14321655,non-poor,1627.44921875
539688,-1.4197151501757803,36.68385814293,0.13334437,non-poor,2341.97265625
539689,-1.4197151501757803,36.69219147293,0.13821766,non-poor,2449.1337890625
539690,-1.4197151501757803,36.70052480293,0.13801551,non-poor,2382.606689453125
539691,-1.4197151501757803,36.70885813293,0.13764581,non-poor,961.4017944335938
539762,-1.4197151501757803,37.30052456293,0.3825444,poor,814.208251953125
540481,-1.4280484801757805,36.67552481293,0.13226888,non-poor,1446.501953125
540482,-1.4280484801757805,36.68385814293,0.13350554,non-poor,3859.8916015625
540483,-1.4280484801757805,36.69219147293,0.14276311,non-poor,1457.3392333984375
540484,-1.4280484801757805,36.70052480293,0.14324242,non-poor,857.5890502929688
540515,-1.4280484801757805,36.958858032929996,0.036407784,non-poor,1137.6168212890625
540548,-1.4280484801757805,37.23385792293,0.20403358,vulnerable,839.609130859375
540549,-1.4280484801757805,37.24219125293,0.20336618,vulnerable,1144.1553955078125
540550,-1.4280484801757805,37.25052458293,0.21478832,vulnerable,1047.0562744140625
541274,-1.4363818101757806,36.66719148293,0.15669115,non-poor,836.7086181640625
541275,-1.4363818101757806,36.67552481293,0.14408657,non-poor,801.5650634765625
541276,-1.4363818101757806,36.68385814293,0.14540702,non-poor,2058.416259765625
541277,-1.4363818101757806,36.69219147293,0.146767,non-poor,999.5235595703125
541309,-1.4363818101757806,36.958858032929996,0.06234584,non-poor,1317.7474365234375
541310,-1.4363818101757806,36.96719136293,0.09627816,non-poor,2427.5810546875
541311,-1.4363818101757806,36.97552469293,0.10984323,non-poor,1687.283935546875
541312,-1.4363818101757806,36.98385802293,0.08700227,non-poor,1467.7802734375
541313,-1.4363818101757806,36.99219135293,0.117495514,non-poor,1169.9884033203125
541343,-1.4363818101757806,37.24219125293,0.20918852,vulnerable,1092.5457763671875
541344,-1.4363818101757806,37.25052458293,0.21669605,vulnerable,1021.9179077148438
542102,-1.4447151401757807,36.96719136293,0.052956548,non-poor,3420.577880859375
542103,-1.4447151401757807,36.97552469293,0.040494557,non-poor,4277.98681640625
542104,-1.4447151401757807,36.98385802293,0.08204384,non-poor,3017.59619140625
542105,-1.4447151401757807,36.99219135293,0.10337575,non-poor,2405.317626953125
542135,-1.4447151401757807,37.24219125293,0.1968127,non-poor,1429.52392578125
542136,-1.4447151401757807,37.25052458293,0.21649392,vulnerable,1875.916748046875
542137,-1.4447151401757807,37.25885791293,0.2450791,vulnerable,1036.5447998046875
542139,-1.4447151401757807,37.275524572929996,0.2614324,vulnerable,821.1928100585938
542860,-1.4530484701757809,36.69219147293,0.15172464,non-poor,811.4281616210938
542890,-1.4530484701757809,36.94219137293,0.12815115,non-poor,848.552978515625
542893,-1.4530484701757809,36.96719136293,0.055179365,non-poor,3825.373046875
542894,-1.4530484701757809,36.97552469293,0.05187504,non-poor,5841.96826171875
542895,-1.4530484701757809,36.98385802293,0.09951068,non-poor,3143.2470703125
542896,-1.4530484701757809,36.99219135293,0.10726553,non-poor,1317.522705078125
542897,-1.4530484701757809,37.00052468293,0.12238978,non-poor,1224.7830810546875
542926,-1.4530484701757809,37.24219125293,0.18794136,non-poor,1705.19775390625
542927,-1.4530484701757809,37.25052458293,0.20482387,vulnerable,2528.9609375
542928,-1.4530484701757809,37.25885791293,0.2353752,vulnerable,814.2410278320312
542932,-1.4530484701757809,37.29219123293,0.32666853,vulnerable,849.8074951171875
542934,-1.4530484701757809,37.30885789293,0.3322536,poor,1029.0845947265625
542935,-1.4530484701757809,37.31719122293,0.34131858,poor,1034.71533203125
542937,-1.4530484701757809,37.33385788293,0.34508753,poor,908.5259399414062
542944,-1.4530484701757809,37.39219119293,0.27439603,vulnerable,821.34130859375
543680,-1.4613818001757801,36.94219137293,0.11050685,non-poor,1266.7969970703125
543681,-1.4613818001757801,36.95052470293,0.10200694,non-poor,1740.3839111328125
543682,-1.4613818001757801,36.958858032929996,0.10288002,non-poor,1066.6572265625
543683,-1.4613818001757801,36.96719136293,0.103590846,non-poor,3542.61474609375
543684,-1.4613818001757801,36.97552469293,0.10357161,non-poor,3959.795166015625
543685,-1.4613818001757801,36.98385802293,0.12045403,non-poor,2601.508056640625
543716,-1.4613818001757801,37.24219125293,0.2032405,vulnerable,971.4688110351562
543717,-1.4613818001757801,37.25052458293,0.20574497,vulnerable,1184.6260986328125
543722,-1.4613818001757801,37.29219123293,0.2924018,vulnerable,902.3906860351562
543723,-1.4613818001757801,37.30052456293,0.2993399,vulnerable,884.3035278320312
543724,-1.4613818001757801,37.30885789293,0.3052074,vulnerable,1275.2479248046875
543725,-1.4613818001757801,37.31719122293,0.31289148,vulnerable,1138.580810546875
543726,-1.4613818001757801,37.32552455293,0.32213002,vulnerable,955.1365966796875
543727,-1.4613818001757801,37.33385788293,0.34362146,poor,990.89892578125
543729,-1.4613818001757801,37.350524542929996,0.30898494,vulnerable,917.1982421875
543739,-1.4613818001757801,37.433857842929996,0.26685098,vulnerable,1394.9119873046875
544470,-1.4697151301757803,36.94219137293,0.08733899,non-poor,2066.935302734375
544471,-1.4697151301757803,36.95052470293,0.08243409,non-poor,6969.21337890625
544472,-1.4697151301757803,36.958858032929996,0.08811842,non-poor,4296.93359375
544473,-1.4697151301757803,36.96719136293,0.0821732,non-poor,3374.571044921875
544474,-1.4697151301757803,36.97552469293,0.11217594,non-poor,2234.35888671875
544513,-1.4697151301757803,37.30052456293,0.25623545,vulnerable,1089.5712890625
544514,-1.4697151301757803,37.30885789293,0.2629169,vulnerable,1755.6810302734375
544515,-1.4697151301757803,37.31719122293,0.2860757,vulnerable,917.3379516601562
544516,-1.4697151301757803,37.32552455293,0.28894308,vulnerable,942.0469360351562
544517,-1.4697151301757803,37.33385788293,0.32469946,vulnerable,914.790283203125
545259,-1.4780484601757804,36.94219137293,0.10910602,non-poor,1571.3367919921875
545260,-1.4780484601757804,36.95052470293,0.07123889,non-poor,5387.513671875
545261,-1.4780484601757804,36.958858032929996,0.08958555,non-poor,4506.6357421875
545262,-1.4780484601757804,36.96719136293,0.11818213,non-poor,1995.4339599609375
545263,-1.4780484601757804,36.97552469293,0.13587068,non-poor,802.23291015625
545296,-1.4780484601757804,37.25052458293,0.2110901,vulnerable,1512.64306640625
545297,-1.4780484601757804,37.25885791293,0.21215326,vulnerable,1661.3695068359375
545298,-1.4780484601757804,37.26719124293,0.22890581,vulnerable,1581.8309326171875
545299,-1.4780484601757804,37.275524572929996,0.23837085,vulnerable,934.8670654296875
545302,-1.4780484601757804,37.30052456293,0.22759295,vulnerable,838.6533813476562
545303,-1.4780484601757804,37.30885789293,0.24502279,vulnerable,953.9600830078125
546046,-1.4863817901757805,36.94219137293,0.12561736,non-poor,1278.259033203125
546047,-1.4863817901757805,36.95052470293,0.08170934,non-poor,2529.438720703125
546048,-1.4863817901757805,36.958858032929996,0.12328337,non-poor,1911.7821044921875
546052,-1.4863817901757805,36.99219135293,0.1438899,non-poor,952.8297119140625
546083,-1.4863817901757805,37.25052458293,0.21229489,vulnerable,1165.816162109375
546084,-1.4863817901757805,37.25885791293,0.2075953,vulnerable,2874.534423828125
546085,-1.4863817901757805,37.26719124293,0.22576231,vulnerable,1598.9439697265625
546086,-1.4863817901757805,37.275524572929996,0.21908256,vulnerable,1026.18115234375
546416,-1.4863817901757805,40.02552347293,0.6593147,severely poor,1417.5313720703125
546834,-1.4947151201757807,36.95052470293,0.1317941,non-poor,1912.976318359375
546835,-1.4947151201757807,36.958858032929996,0.14092086,non-poor,968.42041015625
546870,-1.4947151201757807,37.25052458293,0.20292526,vulnerable,1260.0203857421875
546871,-1.4947151201757807,37.25885791293,0.19901672,non-poor,4071.184326171875
546872,-1.4947151201757807,37.26719124293,0.20452176,vulnerable,2373.32861328125
546873,-1.4947151201757807,37.275524572929996,0.2248972,vulnerable,1430.478515625
547203,-1.4947151201757807,40.02552347293,0.62570333,severely poor,1074.55615234375
547204,-1.4947151201757807,40.033856802929996,0.61947685,severely poor,2334.19873046875
547618,-1.5030484501757808,36.94219137293,0.1505746,non-poor,1024.248779296875
547619,-1.5030484501757808,36.95052470293,0.13660839,non-poor,1746.0667724609375
547655,-1.5030484501757808,37.25052458293,0.19986507,non-poor,1680.0618896484375
547656,-1.5030484501757808,37.25885791293,0.19314313,non-poor,2959.628173828125
547657,-1.5030484501757808,37.26719124293,0.21465197,vulnerable,2105.9736328125
547658,-1.5030484501757808,37.275524572929996,0.22116642,vulnerable,1201.76318359375
547988,-1.5030484501757808,40.02552347293,0.6579735,severely poor,1004.9253540039062
547989,-1.5030484501757808,40.033856802929996,0.656446,severely poor,1365.2930908203125
548438,-1.511381780175781,37.23385792293,0.19331901,non-poor,956.2472534179688
548439,-1.511381780175781,37.24219125293,0.18731548,non-poor,982.2769775390625
548440,-1.511381780175781,37.25052458293,0.17629732,non-poor,2244.819580078125
548441,-1.511381780175781,37.25885791293,0.17590867,non-poor,2716.661376953125
548442,-1.511381780175781,37.26719124293,0.19231863,non-poor,3192.842529296875
548443,-1.511381780175781,37.275524572929996,0.22860529,vulnerable,1848.9837646484375
549223,-1.5197151101757802,37.25052458293,0.19041076,non-poor,969.7514038085938
549224,-1.5197151101757802,37.25885791293,0.15172277,non-poor,2992.806884765625
549225,-1.5197151101757802,37.26719124293,0.1563342,non-poor,4469.4638671875
549226,-1.5197151101757802,37.275524572929996,0.20906854,vulnerable,2157.28125
549227,-1.5197151101757802,37.28385790293,0.2255773,vulnerable,865.746337890625
549233,-1.5197151101757802,37.33385788293,0.25324333,vulnerable,829.0503540039062
550006,-1.5280484401757803,37.25885791293,0.16181889,non-poor,7387.47314453125
550007,-1.5280484401757803,37.26719124293,0.15695293,non-poor,6378.40625
550008,-1.5280484401757803,37.275524572929996,0.21508786,vulnerable,2427.241943359375
550009,-1.5280484401757803,37.28385790293,0.23399378,vulnerable,836.1107788085938
550787,-1.5363817701757805,37.25052458293,0.20472185,vulnerable,842.372802734375
550788,-1.5363817701757805,37.25885791293,0.18968098,non-poor,2443.28515625
550789,-1.5363817701757805,37.26719124293,0.20447436,vulnerable,1363.4219970703125
551568,-1.5447151001757806,37.25052458293,0.20032777,vulnerable,1071.1881103515625
551569,-1.5447151001757806,37.25885791293,0.20906624,vulnerable,857.6184692382812
552381,-1.5530484301757808,37.53385780293,0.30466604,vulnerable,877.4913940429688
553086,-1.561381760175781,36.92552471293,0.15150554,non-poor,850.0408935546875
556251,-1.5947150801757806,37.433857842929996,0.26892576,vulnerable,1116.1409912109375
556333,-1.5947150801757806,38.11719090293,0.46879542,poor,823.5518798828125
560857,-1.6447150601757805,37.40885785293,0.33050317,poor,868.1217041015625
560858,-1.6447150601757805,37.41719118293,0.312112,vulnerable,966.09375
562379,-1.6613817201757808,37.40885785293,0.34760344,poor,857.765625
562383,-1.6613817201757808,37.44219117293,0.266236,vulnerable,1322.6611328125
562388,-1.6613817201757808,37.48385782293,0.36422628,poor,865.6168212890625
564577,-1.6863817101757803,36.84219141293,0.17236723,non-poor,1823.5806884765625
564578,-1.6863817101757803,36.85052474293,0.21114828,vulnerable,1303.919189453125
564649,-1.6863817101757803,37.44219117293,0.3318266,poor,808.8367309570312
564650,-1.6863817101757803,37.45052450293,0.33494407,poor,1055.215087890625
565326,-1.6947150401757805,36.84219141293,0.21895032,vulnerable,873.4502563476562
565399,-1.6947150401757805,37.45052450293,0.33928886,poor,806.838623046875
572036,-1.7697150101757808,37.55052446293,0.32352188,vulnerable,803.372802734375
572045,-1.7697150101757808,37.62552443293,0.3277125,vulnerable,1457.435302734375
572046,-1.7697150101757808,37.63385776293,0.3277624,vulnerable,802.773193359375
572767,-1.77804834017578,37.61719110293,0.29664475,vulnerable,1054.222412109375
572768,-1.77804834017578,37.62552443293,0.29198575,vulnerable,3532.35693359375
572769,-1.77804834017578,37.63385776293,0.32448298,vulnerable,1497.9580078125
573457,-1.7863816701757802,37.35885787293,0.2435286,vulnerable,976.1434936523438
573465,-1.7863816701757802,37.42552451293,0.3641761,poor,911.778076171875
573489,-1.7863816701757802,37.62552443293,0.31936914,vulnerable,1795.927001953125
573490,-1.7863816701757802,37.63385776293,0.32891592,vulnerable,836.4039306640625
574176,-1.7947150001757803,37.35885787293,0.25782335,vulnerable,1336.406005859375
576326,-1.8197149901757808,37.45052450293,0.45458752,poor,884.5758666992188
576954,-1.828048320175781,36.78385810293,0.25419214,vulnerable,1184.2398681640625
576955,-1.828048320175781,36.79219143293,0.2554652,vulnerable,1344.95703125
576956,-1.828048320175781,36.800524762929996,0.2573684,vulnerable,1478.512451171875
576957,-1.828048320175781,36.80885809293,0.25497892,vulnerable,1221.9263916015625
577660,-1.8363816501757801,36.78385810293,0.18852866,non-poor,3109.55615234375
577661,-1.8363816501757801,36.79219143293,0.20941919,vulnerable,3116.16015625
578363,-1.8447149801757803,36.78385810293,0.22692926,vulnerable,1640.650146484375
578364,-1.8447149801757803,36.79219143293,0.24194881,vulnerable,802.0637817382812
592222,-2.0197149101757805,37.36719120293,0.31562525,vulnerable,857.7280883789062
595852,-2.0697148901757805,37.46719116293,0.3721597,poor,1033.9056396484375
596450,-2.0780482201757806,37.46719116293,0.3226516,vulnerable,1636.71142578125
596451,-2.0780482201757806,37.47552449293,0.35868546,poor,1366.635986328125
608932,-2.253048150175781,40.89218979293,0.37485862,poor,6109.52880859375
609122,-2.26138148017578,37.825524352929996,0.45028982,poor,945.0400390625
609123,-2.26138148017578,37.83385768293,0.4571369,poor,805.4949340820312
609669,-2.2697148101757803,37.81719102293,0.4062209,poor,975.2208862304688
609670,-2.2697148101757803,37.825524352929996,0.4205698,poor,1552.665771484375
609671,-2.2697148101757803,37.83385768293,0.45279336,poor,944.737548828125
609942,-2.2697148101757803,40.09219011293,0.57557446,severely poor,805.0289916992188
609944,-2.2697148101757803,40.10885677293,0.5789864,severely poor,862.3934326171875
610212,-2.2780481401757804,37.81719102293,0.34946105,poor,1101.1494140625
610213,-2.2780481401757804,37.825524352929996,0.42317215,poor,1376.5018310546875
610751,-2.2863814701757805,37.825524352929996,0.43567455,poor,981.4292602539062
610752,-2.2863814701757805,37.83385768293,0.45215818,poor,1114.0247802734375
614970,-2.3530481101757807,37.99219095293,0.5068419,severely poor,840.35595703125
616514,-2.3780481001757803,37.900524322929996,0.4703918,poor,1101.7783203125
617031,-2.3863814301757804,37.900524322929996,0.50885725,severely poor,863.6865234375
617041,-2.3863814301757804,37.98385762293,0.50044554,severely poor,982.1647338867188
617366,-2.3863814301757804,40.69218987293,0.35399136,poor,1136.1083984375
618065,-2.4030480901757807,37.95885763293,0.46869734,poor,1663.3642578125
618066,-2.4030480901757807,37.96719096293,0.4793398,poor,2032.4185791015625
618574,-2.411381420175781,37.95885763293,0.46752337,poor,1181.0330810546875
618575,-2.411381420175781,37.96719096293,0.4804612,poor,974.0728149414062
624917,-2.519714710175781,38.02552427293,0.49898162,poor,889.4063720703125
628842,-2.5947146801757803,38.07552425293,0.49285883,poor,937.8672485351562
633210,-2.68638131017578,38.16719088293,0.4964088,poor,917.4649658203125
642886,-2.9197145501757804,37.50052448293,0.36267462,poor,1040.259033203125
642887,-2.9197145501757804,37.508857812929996,0.3838579,poor,844.33203125
643208,-2.9280478801757805,37.508857812929996,0.38015437,poor,840.2390747070312
644164,-2.95304787017578,37.56719112293,0.3619715,poor,809.761962890625
644478,-2.96138120017578,37.56719112293,0.35728103,poor,1271.214111328125
644479,-2.96138120017578,37.57552445293,0.36308128,poor,894.9237670898438
644790,-2.9697145301757804,37.56719112293,0.32946947,vulnerable,855.7171630859375
645412,-2.9780478601757805,40.14219009293,0.4926196,poor,1178.776123046875
645722,-2.9863811901757797,40.14219009293,0.47574806,poor,2059.93017578125
647262,-3.0280478401757813,40.13385676293,0.4166506,poor,930.7274780273438
647566,-3.0363811701757806,40.13385676293,0.42571858,poor,1862.2637939453125
647871,-3.04471450017578,40.16719008293,0.48657987,poor,894.851318359375
649359,-3.0863811501757796,40.10885677293,0.43533128,poor,1143.4293212890625
649364,-3.0863811501757796,40.15052342293,0.39940977,poor,1041.7587890625
649656,-3.0947144801757807,40.10885677293,0.43198872,poor,854.7567138671875
650555,-3.11971447017578,40.15052342293,0.4443367,poor,872.5264282226562
651720,-3.1530477901757807,40.01719014293,0.49999818,poor,864.4373168945312
652592,-3.1780477801757803,39.967190162929995,0.5214327,severely poor,1227.4246826171875
652896,-3.1863811101757813,40.07552345293,0.40545672,poor,1890.8780517578125
653188,-3.1947144401757805,40.08385678293,0.36011523,poor,1659.098876953125
653189,-3.1947144401757805,40.09219011293,0.37716413,poor,1068.586669921875
653190,-3.1947144401757805,40.10052344293,0.37199193,poor,1136.3702392578125
653191,-3.1947144401757805,40.10885677293,0.3396437,poor,893.08837890625
653192,-3.1947144401757805,40.117190102929996,0.39406335,poor,1290.364013671875
653479,-3.20304777017578,40.08385678293,0.38437006,poor,987.480224609375
653480,-3.20304777017578,40.09219011293,0.3788352,poor,1803.34130859375
653481,-3.20304777017578,40.10052344293,0.3570616,poor,4284.16845703125
653482,-3.20304777017578,40.10885677293,0.3018116,vulnerable,3235.9736328125
653483,-3.20304777017578,40.117190102929996,0.4071137,poor,2727.805908203125
653770,-3.211381100175781,40.08385678293,0.4023238,poor,1034.5531005859375
653771,-3.211381100175781,40.09219011293,0.38678685,poor,3473.964111328125
653772,-3.211381100175781,40.10052344293,0.32181612,vulnerable,5465.2646484375
653773,-3.211381100175781,40.10885677293,0.24661863,vulnerable,7469.326171875
653774,-3.211381100175781,40.117190102929996,0.30452386,vulnerable,8220.705078125
654051,-3.21971443017578,40.00052348293,0.46666643,poor,949.7114868164062
654055,-3.21971443017578,40.033856802929996,0.46108365,poor,885.8182983398438
654056,-3.21971443017578,40.04219013293,0.47299743,poor,955.7213745117188
654061,-3.21971443017578,40.08385678293,0.42660087,poor,993.855712890625
654062,-3.21971443017578,40.09219011293,0.39906585,poor,2393.597900390625
654063,-3.21971443017578,40.10052344293,0.28689665,vulnerable,6269.35498046875
654064,-3.21971443017578,40.10885677293,0.29894316,vulnerable,6312.984375
654065,-3.21971443017578,40.117190102929996,0.30289295,vulnerable,6163.79931640625
654350,-3.228047760175781,40.07552345293,0.4367313,poor,861.5780639648438
654351,-3.228047760175781,40.08385678293,0.4010978,poor,903.3193359375
654352,-3.228047760175781,40.09219011293,0.31990325,vulnerable,1968.58935546875
654353,-3.228047760175781,40.10052344293,0.34117496,poor,3400.21728515625
654354,-3.228047760175781,40.10885677293,0.35838625,poor,3779.94189453125
654355,-3.228047760175781,40.117190102929996,0.3281616,vulnerable,4220.6591796875
654356,-3.228047760175781,40.125523432929995,0.41990617,poor,6551.77001953125
654641,-3.2363810901757804,40.07552345293,0.43853986,poor,1027.1025390625
654642,-3.2363810901757804,40.08385678293,0.4334668,poor,1324.6573486328125
654643,-3.2363810901757804,40.09219011293,0.41749358,poor,1938.5416259765625
654644,-3.2363810901757804,40.10052344293,0.41236648,poor,1522.767578125
654645,-3.2363810901757804,40.10885677293,0.39682195,poor,1360.4241943359375
654646,-3.2363810901757804,40.117190102929996,0.3889403,poor,1581.206298828125
654931,-3.2447144201757796,40.07552345293,0.4295882,poor,1287.6884765625
654932,-3.2447144201757796,40.08385678293,0.45548323,poor,1025.4014892578125
654933,-3.2447144201757796,40.09219011293,0.44501317,poor,1104.21875
654934,-3.2447144201757796,40.10052344293,0.44235826,poor,2362.00830078125
654935,-3.2447144201757796,40.10885677293,0.444756,poor,1306.6865234375
654936,-3.2447144201757796,40.117190102929996,0.41561607,poor,1492.2218017578125
654937,-3.2447144201757796,40.125523432929995,0.47620958,poor,4256.17822265625
655225,-3.2530477501757806,40.10052344293,0.46059826,poor,1185.9945068359375
655226,-3.2530477501757806,40.10885677293,0.47014356,poor,1307.3870849609375
655227,-3.2530477501757806,40.117190102929996,0.40150288,poor,904.82373046875
655228,-3.2530477501757806,40.125523432929995,0.39170337,poor,3981.3203125
655509,-3.26138108017578,40.04219013293,0.4415049,poor,1609.9449462890625
655510,-3.26138108017578,40.05052346293,0.44809404,poor,866.0882568359375
655808,-3.269714410175781,40.117190102929996,0.4425559,poor,2076.061767578125
656097,-3.27804774017578,40.117190102929996,0.4661858,poor,1735.83642578125
658355,-3.3447143801757813,39.93385684293,0.48384112,poor,1231.3463134765625
658358,-3.3447143801757813,40.00885681293,0.3679868,poor,1398.02490234375
658359,-3.3447143801757813,40.01719014293,0.35632423,poor,1970.3636474609375
658634,-3.3530477101757805,40.00885681293,0.33576262,poor,2962.715087890625
658995,-3.369714370175781,38.33385748293,0.2932136,vulnerable,807.43505859375
658996,-3.369714370175781,38.34219081293,0.28421026,vulnerable,835.5858154296875
659023,-3.369714370175781,38.56719072293,0.31307232,vulnerable,905.0077514648438
659187,-3.369714370175781,39.93385684293,0.49952722,poor,868.9635009765625
659195,-3.37804770017578,37.667191082929996,0.381074,poor,845.351318359375
659196,-3.37804770017578,37.67552441293,0.38466653,poor,2525.17138671875
659197,-3.37804770017578,37.68385774293,0.39760292,poor,1426.2266845703125
659301,-3.37804770017578,38.55052406293,0.32327974,vulnerable,877.0009765625
659302,-3.37804770017578,38.55885739293,0.3002114,vulnerable,2145.384765625
659303,-3.37804770017578,38.56719072293,0.28720367,vulnerable,2643.2099609375
659304,-3.37804770017578,38.57552405293,0.3075137,vulnerable,1816.7559814453125
659469,-3.37804770017578,39.97552349293,0.46943545,poor,1006.9926147460938
659475,-3.386381030175781,37.667191082929996,0.33665362,poor,1675.4024658203125
659476,-3.386381030175781,37.67552441293,0.3476024,poor,4065.560791015625
659477,-3.386381030175781,37.68385774293,0.37765217,poor,3190.531005859375
659478,-3.386381030175781,37.69219107293,0.38563216,poor,1608.055419921875
659479,-3.386381030175781,37.70052440293,0.38527218,poor,1157.7366943359375
659558,-3.386381030175781,38.35885747293,0.30015862,vulnerable,879.8975219726562
659559,-3.386381030175781,38.36719080293,0.3091831,vulnerable,1389.1226806640625
659581,-3.386381030175781,38.55052406293,0.2600992,vulnerable,2393.671875
659582,-3.386381030175781,38.55885739293,0.26136366,vulnerable,4157.55078125
659583,-3.386381030175781,38.56719072293,0.28113127,vulnerable,2582.07958984375
659584,-3.386381030175781,38.57552405293,0.31679526,vulnerable,1541.854248046875
659750,-3.386381030175781,39.958856832929996,0.56634295,severely poor,1562.5455322265625
659758,-3.3947143601757803,37.67552441293,0.33873537,poor,1583.6688232421875
659759,-3.3947143601757803,37.68385774293,0.37426165,poor,1565.1673583984375
659760,-3.3947143601757803,37.69219107293,0.382732,poor,1320.1124267578125
659761,-3.3947143601757803,37.70052440293,0.37962964,poor,852.1957397460938
659835,-3.3947143601757803,38.31719082293,0.2921773,vulnerable,1072.0706787109375
659837,-3.3947143601757803,38.33385748293,0.30444744,vulnerable,899.6849975585938
659840,-3.3947143601757803,38.35885747293,0.29982302,vulnerable,1674.06396484375
659841,-3.3947143601757803,38.36719080293,0.31202808,vulnerable,1083.061279296875
659863,-3.3947143601757803,38.55052406293,0.29415548,vulnerable,1440.1932373046875
659864,-3.3947143601757803,38.55885739293,0.31120625,vulnerable,2863.272705078125
659865,-3.3947143601757803,38.56719072293,0.32969844,vulnerable,1721.970458984375
659866,-3.3947143601757803,38.57552405293,0.32938004,vulnerable,1267.4879150390625
659867,-3.3947143601757803,38.58385738293,0.33455494,poor,1160.4678955078125
660120,-3.4030476901757813,38.33385748293,0.302989,vulnerable,885.222412109375
660121,-3.4030476901757813,38.34219081293,0.29296005,vulnerable,813.5007934570312
660123,-3.4030476901757813,38.35885747293,0.27665713,vulnerable,2112.22607421875
660124,-3.4030476901757813,38.36719080293,0.28497234,vulnerable,1623.2442626953125
660574,-3.4113810201757806,39.75885691293,0.6397907,severely poor,894.9111328125
660598,-3.4113810201757806,39.958856832929996,0.51522934,severely poor,810.8599853515625
660876,-3.41971435017578,39.90885685293,0.47889397,poor,833.4907836914062
661159,-3.428047680175781,39.90052352293,0.4733174,poor,964.9502563476562
661443,-3.43638101017578,39.90052352293,0.48007244,poor,1087.13720703125
662283,-3.4613810001757797,39.89219019293,0.46003526,poor,1097.4293212890625
662936,-3.486380990175781,38.375524132929996,0.32590973,vulnerable,962.0308837890625
663122,-3.486380990175781,39.92552351293,0.5130629,severely poor,1578.918701171875
663215,-3.49471432017578,38.375524132929996,0.30936968,vulnerable,1363.0
663217,-3.49471432017578,38.39219079293,0.3184193,vulnerable,965.4906005859375
663490,-3.5030476501757812,38.375524132929996,0.30843505,vulnerable,833.208740234375
663670,-3.5030476501757812,39.875523532929996,0.46350715,poor,877.9539184570312
663944,-3.5113809801757805,39.91719018293,0.50191504,severely poor,901.3461303710938
664202,-3.5197143101757797,39.85052354293,0.49549428,poor,869.984130859375
664723,-3.53638097017578,39.83385688293,0.45625257,poor,849.4507446289062
664945,-3.544714300175781,39.51719034293,0.54517186,severely poor,825.636474609375
666012,-3.57804762017578,39.85052354293,0.39294133,poor,1277.2529296875
666017,-3.57804762017578,39.89219019293,0.46656796,poor,1130.669921875
666265,-3.586380950175781,39.83385688293,0.40381294,poor,1016.088623046875
666266,-3.586380950175781,39.84219021293,0.40980664,poor,1696.870361328125
666267,-3.586380950175781,39.85052354293,0.38633946,poor,894.2205200195312
666519,-3.59471428017578,39.84219021293,0.3865439,poor,1444.482177734375
666520,-3.59471428017578,39.85052354293,0.37572724,poor,954.10595703125
666768,-3.603047610175781,39.84219021293,0.34824207,poor,881.4959106445312
666769,-3.603047610175781,39.85052354293,0.3532641,poor,1362.3026123046875
666770,-3.603047610175781,39.85885687293,0.37068513,poor,2544.456298828125
666771,-3.603047610175781,39.86719020293,0.37150246,poor,846.3720703125
667018,-3.6113809401757804,39.85052354293,0.31041226,vulnerable,2801.767578125
667019,-3.6113809401757804,39.85885687293,0.32541046,vulnerable,3470.442138671875
667020,-3.6113809401757804,39.86719020293,0.37477136,poor,1648.21875
667021,-3.6113809401757804,39.875523532929996,0.39150614,poor,1760.853759765625
667265,-3.6197142701757796,39.85052354293,0.25463933,vulnerable,6970.47509765625
667266,-3.6197142701757796,39.85885687293,0.32281417,vulnerable,3844.527099609375
667267,-3.6197142701757796,39.86719020293,0.37690642,poor,3240.15869140625
667753,-3.63638093017578,39.84219021293,0.36484405,poor,1465.8306884765625
667754,-3.63638093017578,39.85052354293,0.37303773,poor,1572.71142578125
667997,-3.644714260175781,39.800523562929996,0.45589393,poor,801.233642578125
667998,-3.644714260175781,39.808856892929995,0.4695196,poor,1370.0191650390625
668002,-3.644714260175781,39.84219021293,0.3603496,poor,1146.7261962890625
668992,-3.6780475801757797,39.85052354293,0.3737095,poor,1724.9290771484375
668993,-3.6780475801757797,39.85885687293,0.38755125,poor,1086.6871337890625
669238,-3.6863809101757807,39.85052354293,0.38012633,poor,1375.952392578125
669239,-3.6863809101757807,39.85885687293,0.38797578,poor,842.2794799804688
670664,-3.73638089017578,39.70052360293,0.4489004,poor,1020.1803588867188
671135,-3.75304755017578,39.72552359293,0.4037119,poor,1120.5361328125
671136,-3.75304755017578,39.73385692293,0.4079867,poor,1873.3624267578125
671357,-3.761380880175781,39.650523622929995,0.44779682,poor,912.86279296875
671584,-3.7697142101757803,39.63385696293,0.43958813,poor,957.3489990234375
671803,-3.7780475401757814,39.55885699293,0.4624664,poor,1055.115478515625
671817,-3.7780475401757814,39.67552361293,0.47919238,poor,907.7069702148438
672043,-3.7863808701757806,39.67552361293,0.4494319,poor,837.465576171875
672060,-3.7863808701757806,39.81719022293,0.34187517,poor,1257.21826171875
672218,-3.79471420017578,39.25885711293,0.48027578,poor,912.3851318359375
672462,-3.803047530175781,39.44219037293,0.48420537,poor,927.4033813476562
672479,-3.803047530175781,39.58385698293,0.42933905,poor,1213.289306640625
672483,-3.803047530175781,39.61719030293,0.4146661,poor,891.59228515625
672485,-3.803047530175781,39.63385696293,0.4225996,poor,872.9502563476562
672486,-3.803047530175781,39.642190292929996,0.41985577,poor,886.5199584960938
672487,-3.803047530175781,39.650523622929995,0.41843328,poor,864.8190307617188
672704,-3.81138086017578,39.61719030293,0.39250347,poor,1932.5888671875
672705,-3.81138086017578,39.62552363293,0.38675195,poor,2456.64892578125
672706,-3.81138086017578,39.63385696293,0.39984816,poor,1741.7349853515625
672707,-3.81138086017578,39.642190292929996,0.41804647,poor,896.9805908203125
672708,-3.81138086017578,39.650523622929995,0.41212162,poor,928.1453857421875
672727,-3.81138086017578,39.808856892929995,0.33427605,poor,1011.7001342773438
672900,-3.819714190175781,39.42552371293,0.45040348,poor,877.9436645507812
672923,-3.819714190175781,39.61719030293,0.4019924,poor,1102.8646240234375
672924,-3.819714190175781,39.62552363293,0.4129223,poor,2602.906005859375
672925,-3.819714190175781,39.63385696293,0.4176266,poor,884.997314453125
672928,-3.819714190175781,39.65885695293,0.41788715,poor,808.7451171875
673119,-3.8280475201757804,39.43385704293,0.45504022,poor,974.1433715820312
673120,-3.8280475201757804,39.44219037293,0.46510416,poor,808.2745971679688
673142,-3.8280475201757804,39.62552363293,0.4143643,poor,1138.2100830078125
673335,-3.8363808501757797,39.43385704293,0.42691332,poor,820.7181396484375
673571,-3.8447141801757807,39.61719030293,0.3829253,poor,895.4666137695312
673572,-3.8447141801757807,39.62552363293,0.29074436,vulnerable,1781.26220703125
673573,-3.8447141801757807,39.63385696293,0.33289745,poor,1755.188720703125
673764,-3.85304751017578,39.45885703293,0.4169143,poor,941.47607421875
673765,-3.85304751017578,39.46719036293,0.37514964,poor,2071.51806640625
673766,-3.85304751017578,39.47552369293,0.38677108,poor,2960.347900390625
673767,-3.85304751017578,39.483857022929996,0.42073867,poor,1547.142578125
673783,-3.85304751017578,39.61719030293,0.4017047,poor,894.5260620117188
673784,-3.85304751017578,39.62552363293,0.38047495,poor,976.5010375976562
673976,-3.861380840175781,39.46719036293,0.30055168,vulnerable,1830.744873046875
673977,-3.861380840175781,39.47552369293,0.35492525,poor,3868.7548828125
673978,-3.861380840175781,39.483857022929996,0.40460622,poor,1469.4453125
673998,-3.861380840175781,39.650523622929995,0.4164723,poor,859.7670288085938
674014,-3.861380840175781,39.78385690293,0.31150958,vulnerable,1202.6395263671875
674184,-3.8697141701757802,39.46719036293,0.26206744,vulnerable,897.547607421875
674185,-3.8697141701757802,39.47552369293,0.29464284,vulnerable,1794.0028076171875
674186,-3.8697141701757802,39.483857022929996,0.39911336,poor,1829.720458984375
674217,-3.8697141701757802,39.74219025293,0.3999037,poor,1055.936767578125
674218,-3.8697141701757802,39.75052358293,0.36932135,poor,852.0836181640625
674224,-3.8697141701757802,39.800523562929996,0.3549763,poor,1168.99560546875
674410,-3.8780475001757813,39.62552363293,0.38243094,poor,919.6226196289062
674428,-3.8780475001757813,39.77552357293,0.29784,vulnerable,1225.6375732421875
674632,-3.8863808301757805,39.77552357293,0.3029162,vulnerable,909.8446044921875
674634,-3.8863808301757805,39.79219023293,0.35745707,poor,904.1891479492188
674803,-3.8947141601757798,39.50885701293,0.39548576,poor,1159.82958984375
674813,-3.8947141601757798,39.59219031293,0.37049818,poor,1027.2603759765625
674814,-3.8947141601757798,39.60052364293,0.36982384,poor,1157.9456787109375
674836,-3.8947141601757798,39.78385690293,0.3002609,vulnerable,1411.4765625
675006,-3.903047490175781,39.52552367293,0.33731827,poor,1376.2406005859375
675034,-3.903047490175781,39.75885691293,0.28473517,vulnerable,1069.2615966796875
675035,-3.903047490175781,39.76719024293,0.29993433,vulnerable,1244.174072265625
675037,-3.903047490175781,39.78385690293,0.3354695,poor,1495.830322265625
675204,-3.91138082017578,39.51719034293,0.33803248,poor,1064.8726806640625
675205,-3.91138082017578,39.52552367293,0.33832186,poor,1488.9130859375
675206,-3.91138082017578,39.53385700293,0.3705537,poor,1291.3341064453125
675231,-3.91138082017578,39.74219025293,0.28000703,vulnerable,1001.6605224609375
675232,-3.91138082017578,39.75052358293,0.24247132,vulnerable,1043.2061767578125
675233,-3.91138082017578,39.75885691293,0.245124,vulnerable,2385.45556640625
675234,-3.91138082017578,39.76719024293,0.28666496,vulnerable,1100.73583984375
675402,-3.919714150175781,39.52552367293,0.3356049,poor,1323.0518798828125
675408,-3.919714150175781,39.57552365293,0.3767898,poor,972.5484619140625
675426,-3.919714150175781,39.73385692293,0.28355476,vulnerable,874.3801879882812
675427,-3.919714150175781,39.74219025293,0.25602946,vulnerable,1433.276611328125
675428,-3.919714150175781,39.75052358293,0.222212,vulnerable,2298.250244140625
675429,-3.919714150175781,39.75885691293,0.2698537,vulnerable,2750.3837890625
675430,-3.919714150175781,39.76719024293,0.2913924,vulnerable,1395.072265625
675431,-3.919714150175781,39.77552357293,0.32796797,vulnerable,1290.802001953125
675597,-3.9280474801757803,39.53385700293,0.36410922,poor,1154.008544921875
675599,-3.9280474801757803,39.55052366293,0.26335898,vulnerable,1313.068359375
675600,-3.9280474801757803,39.55885699293,0.23798336,vulnerable,2037.2293701171875
675601,-3.9280474801757803,39.56719032293,0.33940023,poor,2407.161865234375
675602,-3.9280474801757803,39.57552365293,0.37736106,poor,1011.9470825195312
675619,-3.9280474801757803,39.72552359293,0.2944082,vulnerable,1218.3836669921875
675620,-3.9280474801757803,39.73385692293,0.2685282,vulnerable,2417.8603515625
675621,-3.9280474801757803,39.74219025293,0.25386012,vulnerable,2599.273193359375
675622,-3.9280474801757803,39.75052358293,0.2632692,vulnerable,1728.2916259765625
675623,-3.9280474801757803,39.75885691293,0.27720234,vulnerable,1745.1922607421875
675624,-3.9280474801757803,39.76719024293,0.2891234,vulnerable,2142.170654296875
675625,-3.9280474801757803,39.77552357293,0.3300658,poor,1599.889404296875
675790,-3.9363808101757813,39.53385700293,0.34211323,poor,2443.528564453125
675791,-3.9363808101757813,39.54219033293,0.37329683,poor,1063.38427734375
675793,-3.9363808101757813,39.55885699293,0.2865023,vulnerable,1976.13818359375
675794,-3.9363808101757813,39.56719032293,0.35242453,poor,1172.610107421875
675802,-3.9363808101757813,39.63385696293,0.46269852,poor,961.7413940429688
675812,-3.9363808101757813,39.717190262929996,0.2848347,vulnerable,1244.1676025390625
675813,-3.9363808101757813,39.72552359293,0.23567258,vulnerable,2468.697998046875
675814,-3.9363808101757813,39.73385692293,0.16319041,non-poor,5008.38232421875
675815,-3.9363808101757813,39.74219025293,0.18272404,non-poor,4203.54443359375
675816,-3.9363808101757813,39.75052358293,0.2579352,vulnerable,2591.18115234375
675817,-3.9363808101757813,39.75885691293,0.2699219,vulnerable,2322.99951171875
675818,-3.9363808101757813,39.76719024293,0.29878807,vulnerable,2004.6890869140625
675982,-3.9447141401757806,39.53385700293,0.3272223,vulnerable,1763.0560302734375
675983,-3.9447141401757806,39.54219033293,0.35679293,poor,1216.927001953125
675984,-3.9447141401757806,39.55052366293,0.3592912,poor,1019.7899780273438
675985,-3.9447141401757806,39.55885699293,0.35826555,poor,952.7040405273438
675986,-3.9447141401757806,39.56719032293,0.37475222,poor,952.7123413085938
676003,-3.9447141401757806,39.70885693293,0.3082732,vulnerable,1561.3382568359375
676004,-3.9447141401757806,39.72552359293,0.22411619,vulnerable,4496.4208984375
676005,-3.9447141401757806,39.73385692293,0.13307454,non-poor,4987.9345703125
676006,-3.9447141401757806,39.74219025293,0.10468632,non-poor,4429.0693359375
676007,-3.9447141401757806,39.75052358293,0.19216534,non-poor,3618.5703125
676008,-3.9447141401757806,39.75885691293,0.25719535,vulnerable,2379.619384765625
676170,-3.95304747017578,39.53385700293,0.3069412,vulnerable,831.052001953125
676171,-3.95304747017578,39.54219033293,0.31896177,vulnerable,1618.0396728515625
676172,-3.95304747017578,39.55052366293,0.34031823,poor,1934.7886962890625
676191,-3.95304747017578,39.70885693293,0.30737633,vulnerable,1380.17724609375
676192,-3.95304747017578,39.717190262929996,0.28354353,vulnerable,904.1250610351562
676193,-3.95304747017578,39.72552359293,0.26740652,vulnerable,977.8967895507812
676194,-3.95304747017578,39.73385692293,0.22153066,vulnerable,1217.0389404296875
676195,-3.95304747017578,39.74219025293,0.19327614,non-poor,974.3006591796875
676196,-3.95304747017578,39.75052358293,0.25100073,vulnerable,1459.60791015625
676358,-3.961380800175781,39.54219033293,0.28099868,vulnerable,1688.9117431640625
676359,-3.961380800175781,39.55052366293,0.31976175,vulnerable,2188.21875
676375,-3.961380800175781,39.70052360293,0.3084909,vulnerable,1136.8646240234375
676376,-3.961380800175781,39.70885693293,0.25109547,vulnerable,2060.157470703125
676377,-3.961380800175781,39.717190262929996,0.21143731,vulnerable,3720.6513671875
676378,-3.961380800175781,39.72552359293,0.19228277,non-poor,2174.29248046875
676379,-3.961380800175781,39.73385692293,0.21034521,vulnerable,1931.56982421875
676541,-3.96971413017578,39.54219033293,0.305744,vulnerable,1309.682373046875
676542,-3.96971413017578,39.55052366293,0.31753808,vulnerable,1488.989013671875
676556,-3.96971413017578,39.68385694293,0.3173541,vulnerable,1203.24853515625
676557,-3.96971413017578,39.69219027293,0.30596066,vulnerable,1638.402587890625
676558,-3.96971413017578,39.70052360293,0.28386852,vulnerable,1996.01220703125
676559,-3.96971413017578,39.70885693293,0.24868618,vulnerable,1453.618896484375
676560,-3.96971413017578,39.717190262929996,0.2244578,vulnerable,3288.17919921875
676561,-3.96971413017578,39.72552359293,0.1752393,non-poor,4642.90185546875
676562,-3.96971413017578,39.73385692293,0.13489701,non-poor,3933.6474609375
676563,-3.96971413017578,39.74219025293,0.173897,non-poor,986.9290161132812
676722,-3.978047460175781,39.54219033293,0.34315407,poor,1043.2769775390625
676733,-3.978047460175781,39.67552361293,0.31667715,vulnerable,1018.0343017578125
676734,-3.978047460175781,39.68385694293,0.29527053,vulnerable,4394.45849609375
676735,-3.978047460175781,39.69219027293,0.25064543,vulnerable,6361.2880859375
676736,-3.978047460175781,39.70052360293,0.26058322,vulnerable,3730.254638671875
676737,-3.978047460175781,39.70885693293,0.25465038,vulnerable,1226.0416259765625
676738,-3.978047460175781,39.717190262929996,0.25086215,vulnerable,1521.7587890625
676739,-3.978047460175781,39.72552359293,0.2485344,vulnerable,2717.919921875
676740,-3.978047460175781,39.73385692293,0.2192569,vulnerable,2450.0830078125
676890,-3.9863807901757804,39.47552369293,0.4390091,poor,1058.8265380859375
676892,-3.9863807901757804,39.492190352929995,0.4317088,poor,801.6658325195312
676902,-3.9863807901757804,39.57552365293,0.33195207,poor,1240.6771240234375
676903,-3.9863807901757804,39.58385698293,0.33302212,poor,895.5663452148438
676904,-3.9863807901757804,39.59219031293,0.3115963,vulnerable,1456.584228515625
676905,-3.9863807901757804,39.60052364293,0.30651224,vulnerable,3433.943115234375
676906,-3.9863807901757804,39.60885697293,0.31719798,vulnerable,4056.566162109375
676907,-3.9863807901757804,39.62552363293,0.32493034,vulnerable,2840.66259765625
676908,-3.9863807901757804,39.66719028293,0.31095955,vulnerable,2216.009521484375
676909,-3.9863807901757804,39.67552361293,0.29253885,vulnerable,1029.53857421875
676910,-3.9863807901757804,39.68385694293,0.2502356,vulnerable,5082.92578125
676911,-3.9863807901757804,39.69219027293,0.15559256,non-poor,14174.5654296875
676912,-3.9863807901757804,39.70052360293,0.19803393,non-poor,5166.4013671875
676913,-3.9863807901757804,39.70885693293,0.2413992,vulnerable,1602.1048583984375
676914,-3.9863807901757804,39.717190262929996,0.2223637,vulnerable,1946.3448486328125
676915,-3.9863807901757804,39.72552359293,0.17661233,non-poor,2863.67724609375
677075,-3.9947141201757796,39.57552365293,0.2622266,vulnerable,1719.70703125
677076,-3.9947141201757796,39.58385698293,0.25108325,vulnerable,2024.464599609375
677077,-3.9947141201757796,39.59219031293,0.23515412,vulnerable,4920.015625
677078,-3.9947141201757796,39.60052364293,0.20848373,vulnerable,4693.81005859375
677079,-3.9947141201757796,39.60885697293,0.21853879,vulnerable,5256.060546875
677080,-3.9947141201757796,39.61719030293,0.21872766,vulnerable,8292.474609375
677081,-3.9947141201757796,39.62552363293,0.22382508,vulnerable,9088.330078125
677082,-3.9947141201757796,39.66719028293,0.2880629,vulnerable,1004.6709594726562
677083,-3.9947141201757796,39.67552361293,0.24026757,vulnerable,2319.07275390625
677084,-3.9947141201757796,39.68385694293,0.18592367,non-poor,4336.0078125
677085,-3.9947141201757796,39.69219027293,0.124764934,non-poor,13050.619140625
677086,-3.9947141201757796,39.70052360293,0.1413362,non-poor,10116.4189453125
677087,-3.9947141201757796,39.70885693293,0.19357292,non-poor,4894.46435546875
677088,-3.9947141201757796,39.717190262929996,0.18608093,non-poor,4023.546630859375
677246,-4.003047450175781,39.56719032293,0.20057128,vulnerable,1198.87109375
677247,-4.003047450175781,39.57552365293,0.1104736,non-poor,2598.8037109375
677248,-4.003047450175781,39.58385698293,0.14948994,non-poor,2803.94775390625
677249,-4.003047450175781,39.59219031293,0.07630988,non-poor,3227.274169921875
677250,-4.003047450175781,39.60052364293,0.1211047,non-poor,2873.739990234375
677251,-4.003047450175781,39.60885697293,0.1129552,non-poor,3633.466796875
677252,-4.003047450175781,39.61719030293,0.07561113,non-poor,3532.683837890625
677253,-4.003047450175781,39.62552363293,0.10262372,non-poor,6345.02001953125
677254,-4.003047450175781,39.66719028293,0.30090496,vulnerable,3360.119140625
677255,-4.003047450175781,39.67552361293,0.21038821,vulnerable,3809.08251953125
677256,-4.003047450175781,39.68385694293,0.11378132,non-poor,9704.115234375
677257,-4.003047450175781,39.69219027293,0.110282995,non-poor,14782.0146484375
677258,-4.003047450175781,39.70052360293,0.09234941,non-poor,10523.138671875
677259,-4.003047450175781,39.70885693293,0.09303452,non-poor,10917.505859375
677260,-4.003047450175781,39.717190262929996,0.121913314,non-poor,10355.15625
677416,-4.01138078017578,39.57552365293,0.14798161,non-poor,2288.704345703125
677417,-4.01138078017578,39.58385698293,0.21105795,vulnerable,2686.48779296875
677418,-4.01138078017578,39.59219031293,0.19367826,non-poor,2451.71728515625
677419,-4.01138078017578,39.60052364293,0.13835236,non-poor,3564.654541015625
677420,-4.01138078017578,39.60885697293,0.124617316,non-poor,5078.75537109375
677421,-4.01138078017578,39.61719030293,0.029679349,non-poor,4434.71044921875
677422,-4.01138078017578,39.62552363293,0.0523994,non-poor,3027.7685546875
677423,-4.01138078017578,39.63385696293,0.23099229,vulnerable,5175.349609375
677424,-4.01138078017578,39.66719028293,0.2483275,vulnerable,5001.658203125
677425,-4.01138078017578,39.67552361293,0.15899193,non-poor,5470.67724609375
677426,-4.01138078017578,39.68385694293,0.091199055,non-poor,11240.40234375
677427,-4.01138078017578,39.69219027293,0.12497197,non-poor,11153.3095703125
677428,-4.01138078017578,39.70052360293,0.17703958,non-poor,10086.263671875
677429,-4.01138078017578,39.70885693293,0.18240176,non-poor,11444.8505859375
677430,-4.01138078017578,39.717190262929996,0.14686258,non-poor,8838.8662109375
677431,-4.01138078017578,39.72552359293,0.27308387,vulnerable,6304.90087890625
677583,-4.019714110175781,39.57552365293,0.1814116,non-poor,964.0615844726562
677584,-4.019714110175781,39.58385698293,0.25035682,vulnerable,1909.2197265625
677585,-4.019714110175781,39.59219031293,0.26050082,vulnerable,1740.6380615234375
677586,-4.019714110175781,39.60052364293,0.16733928,non-poor,5873.63671875
677587,-4.019714110175781,39.60885697293,0.12691182,non-poor,6716.01806640625
677588,-4.019714110175781,39.61719030293,0.056223996,non-poor,7104.115234375
677589,-4.019714110175781,39.62552363293,0.047219194,non-poor,6729.072265625
677590,-4.019714110175781,39.63385696293,0.18446535,non-poor,7286.875
677591,-4.019714110175781,39.67552361293,0.07282181,non-poor,7062.22509765625
677592,-4.019714110175781,39.68385694293,0.06244871,non-poor,13011.3525390625
677593,-4.019714110175781,39.69219027293,0.10208148,non-poor,8845.6220703125
677594,-4.019714110175781,39.70052360293,0.1440371,non-poor,7164.322265625
677595,-4.019714110175781,39.70885693293,0.13884939,non-poor,5761.38525390625
677596,-4.019714110175781,39.717190262929996,0.08576605,non-poor,6701.20263671875
677746,-4.02804744017578,39.56719032293,0.3673127,poor,894.7947998046875
677747,-4.02804744017578,39.58385698293,0.26861247,vulnerable,1408.2603759765625
677748,-4.02804744017578,39.59219031293,0.10868173,non-poor,3297.752197265625
677749,-4.02804744017578,39.60052364293,0.073485516,non-poor,6081.859375
677750,-4.02804744017578,39.60885697293,0.08403244,non-poor,6368.54736328125
677751,-4.02804744017578,39.61719030293,0.04575498,non-poor,7903.5673828125
677752,-4.02804744017578,39.62552363293,0.019286286,non-poor,6938.60400390625
677753,-4.02804744017578,39.65885695293,0.13110591,non-poor,18217.10546875
677754,-4.02804744017578,39.67552361293,0.0776018,non-poor,7445.5888671875
677755,-4.02804744017578,39.68385694293,0.080264956,non-poor,8917.591796875
677756,-4.02804744017578,39.69219027293,0.111451164,non-poor,5922.630859375
677757,-4.02804744017578,39.70052360293,0.12423298,non-poor,6172.29150390625
677758,-4.02804744017578,39.70885693293,0.10829071,non-poor,5203.595703125
677908,-4.036380770175781,39.59219031293,0.22574374,vulnerable,3606.11669921875
677909,-4.036380770175781,39.60052364293,0.14434947,non-poor,5297.54345703125
677910,-4.036380770175781,39.60885697293,0.08358519,non-poor,8041.8798828125
677911,-4.036380770175781,39.61719030293,0.0065772072,non-poor,10062.79296875
677912,-4.036380770175781,39.650523622929995,0.050950818,non-poor,2791.485595703125
677913,-4.036380770175781,39.65885695293,0.047908608,non-poor,20722.423828125
677914,-4.036380770175781,39.68385694293,0.0938339,non-poor,5937.458984375
677915,-4.036380770175781,39.69219027293,0.10094685,non-poor,5875.0439453125
677916,-4.036380770175781,39.70052360293,0.1473473,non-poor,5860.5283203125
677917,-4.036380770175781,39.70885693293,0.17015055,non-poor,5492.1376953125
678065,-4.0447141001757805,39.55885699293,0.36987087,poor,1053.2257080078125
678066,-4.0447141001757805,39.650523622929995,0.036119364,non-poor,1519.946533203125
678067,-4.0447141001757805,39.65885695293,0.029787889,non-poor,10262.2900390625
678068,-4.0447141001757805,39.66719028293,0.07187739,non-poor,18440.51171875
678069,-4.0447141001757805,39.68385694293,0.08507119,non-poor,6380.80419921875
678070,-4.0447141001757805,39.69219027293,0.09528665,non-poor,5387.66845703125
678071,-4.0447141001757805,39.70052360293,0.14998172,non-poor,5825.41748046875
678220,-4.05304743017578,39.55885699293,0.34319952,poor,1083.4837646484375
678221,-4.05304743017578,39.65885695293,0.016705696,non-poor,2329.618408203125
678222,-4.05304743017578,39.66719028293,0.013587846,non-poor,7541.94189453125
678223,-4.05304743017578,39.69219027293,0.12148745,non-poor,5925.7080078125
678224,-4.05304743017578,39.70052360293,0.23350072,vulnerable,6136.1123046875
678372,-4.061380760175781,39.61719030293,0.20730865,vulnerable,2415.135498046875
678373,-4.061380760175781,39.62552363293,0.26174203,vulnerable,1255.75439453125
678374,-4.061380760175781,39.63385696293,0.17320204,non-poor,3109.31591796875
678375,-4.061380760175781,39.65885695293,0.02767645,non-poor,2142.684814453125
678376,-4.061380760175781,39.66719028293,0.03477692,non-poor,1549.64013671875
678526,-4.06971409017578,39.62552363293,0.2144351,vulnerable,1453.5557861328125
678527,-4.06971409017578,39.63385696293,0.16267699,non-poor,4181.0078125
678528,-4.06971409017578,39.66719028293,0.049948163,non-poor,2482.480712890625
678674,-4.078047420175781,39.61719030293,0.28372392,vulnerable,1371.0875244140625
678675,-4.078047420175781,39.62552363293,0.2753845,vulnerable,1095.194580078125
678676,-4.078047420175781,39.63385696293,0.20359626,vulnerable,3110.009033203125
678677,-4.078047420175781,39.650523622929995,0.07358104,non-poor,21169.623046875
678827,-4.08638075017578,39.63385696293,0.20570569,vulnerable,2195.22216796875
678828,-4.08638075017578,39.642190292929996,0.101580925,non-poor,16389.796875
678829,-4.08638075017578,39.650523622929995,0.096880004,non-poor,10943.681640625
678830,-4.08638075017578,39.65885695293,0.12836733,non-poor,9612.5927734375
678831,-4.08638075017578,39.66719028293,0.2020023,vulnerable,12015.3427734375
678979,-4.094714080175781,39.62552363293,0.2720611,vulnerable,972.1671752929688
678980,-4.094714080175781,39.63385696293,0.16824909,non-poor,5591.98681640625
678981,-4.094714080175781,39.642190292929996,0.08164458,non-poor,6605.4033203125
678982,-4.094714080175781,39.650523622929995,0.1988739,non-poor,5469.923828125
678983,-4.094714080175781,39.65885695293,0.20430416,vulnerable,7257.49267578125
678984,-4.094714080175781,39.66719028293,0.24301484,vulnerable,11650.83203125
679132,-4.103047410175781,39.63385696293,0.2139231,vulnerable,6022.26171875
679133,-4.103047410175781,39.642190292929996,0.19808772,non-poor,3666.602783203125
679134,-4.103047410175781,39.650523622929995,0.27495193,vulnerable,2366.820556640625
679135,-4.103047410175781,39.65885695293,0.2939254,vulnerable,2340.42236328125
679282,-4.11138074017578,39.63385696293,0.2599295,vulnerable,2566.884521484375
679283,-4.11138074017578,39.642190292929996,0.2973662,vulnerable,1696.9708251953125
679284,-4.11138074017578,39.650523622929995,0.30971316,vulnerable,945.7935180664062
679285,-4.11138074017578,39.65885695293,0.10404857,non-poor,1335.2288818359375
679431,-4.119714070175781,39.62552363293,0.2892825,vulnerable,838.1935424804688
679432,-4.119714070175781,39.63385696293,0.29822412,vulnerable,1585.615234375
679578,-4.12804740017578,39.62552363293,0.28965196,vulnerable,1340.3702392578125
679581,-4.12804740017578,39.650523622929995,0.35205728,poor,864.9773559570312
679685,-4.136380730175781,39.30885709293,0.49663615,poor,1646.179931640625
679686,-4.136380730175781,39.31719042293,0.48487362,poor,1612.4202880859375
680124,-4.161380720175781,39.45052370293,0.37837443,poor,1020.9151611328125
680125,-4.161380720175781,39.45885703293,0.38608193,poor,948.225830078125
680126,-4.161380720175781,39.46719036293,0.38824844,poor,964.2267456054688
680144,-4.161380720175781,39.61719030293,0.29700005,vulnerable,804.98388671875
680260,-4.16971405017578,39.45052370293,0.32833812,vulnerable,997.6632080078125
680261,-4.16971405017578,39.45885703293,0.35411334,poor,2214.16796875
680278,-4.16971405017578,39.60052364293,0.2961779,vulnerable,878.2388916015625
680397,-4.178047380175781,39.46719036293,0.36508623,poor,911.63427734375
680410,-4.178047380175781,39.57552365293,0.319617,vulnerable,1030.254150390625
680411,-4.178047380175781,39.58385698293,0.29856208,vulnerable,827.14501953125
680412,-4.178047380175781,39.59219031293,0.2978687,vulnerable,1594.375244140625
681054,-4.219714030175781,39.57552365293,0.3091624,vulnerable,1176.475341796875
681177,-4.22804736017578,39.57552365293,0.30149454,vulnerable,953.9049072265625
681298,-4.236380690175781,39.56719032293,0.30221006,vulnerable,1212.2652587890625
681299,-4.236380690175781,39.57552365293,0.29975998,vulnerable,1308.45068359375
681419,-4.24471402017578,39.56719032293,0.31116545,vulnerable,1225.7608642578125
681420,-4.24471402017578,39.57552365293,0.30335766,vulnerable,1104.874267578125
681537,-4.253047350175781,39.56719032293,0.31548905,vulnerable,1374.85546875
681538,-4.253047350175781,39.57552365293,0.3119067,vulnerable,925.440185546875
681539,-4.253047350175781,39.58385698293,0.29179707,vulnerable,852.7350463867188
681540,-4.253047350175781,39.59219031293,0.30942395,vulnerable,3156.999755859375
681653,-4.2613806801757805,39.55885699293,0.27135098,vulnerable,819.196533203125
681654,-4.2613806801757805,39.56719032293,0.25787294,vulnerable,2069.796630859375
681655,-4.2613806801757805,39.57552365293,0.29842806,vulnerable,1024.530029296875
681656,-4.2613806801757805,39.58385698293,0.23618746,vulnerable,983.1294555664062
681657,-4.2613806801757805,39.59219031293,0.2913243,vulnerable,3998.01123046875
681768,-4.26971401017578,39.55885699293,0.22316906,vulnerable,1539.19580078125
681769,-4.26971401017578,39.56719032293,0.21521479,vulnerable,4112.41162109375
681770,-4.26971401017578,39.57552365293,0.278384,vulnerable,1654.7684326171875
681771,-4.26971401017578,39.58385698293,0.25080574,vulnerable,1182.6754150390625
681772,-4.26971401017578,39.59219031293,0.29781267,vulnerable,4170.09716796875
681881,-4.278047340175781,39.55052366293,0.2863453,vulnerable,1010.5772705078125
681882,-4.278047340175781,39.55885699293,0.20279185,vulnerable,2303.239990234375
681883,-4.278047340175781,39.56719032293,0.18717028,non-poor,3013.212646484375
681884,-4.278047340175781,39.57552365293,0.25762537,vulnerable,1319.7486572265625
681885,-4.278047340175781,39.58385698293,0.21356714,vulnerable,2154.093994140625
681992,-4.28638067017578,39.55052366293,0.267908,vulnerable,929.646240234375
681993,-4.28638067017578,39.55885699293,0.20638902,vulnerable,3461.763671875
681994,-4.28638067017578,39.56719032293,0.21946868,vulnerable,2160.3056640625
681995,-4.28638067017578,39.57552365293,0.20401302,vulnerable,1838.6968994140625
681996,-4.28638067017578,39.58385698293,0.23114692,vulnerable,3046.005859375
682102,-4.294714000175781,39.55052366293,0.27672786,vulnerable,939.149658203125
682103,-4.294714000175781,39.55885699293,0.22431733,vulnerable,3135.1357421875
682104,-4.294714000175781,39.56719032293,0.25703707,vulnerable,1490.2763671875
682105,-4.294714000175781,39.57552365293,0.24727784,vulnerable,1527.539306640625
682106,-4.294714000175781,39.58385698293,0.32693285,vulnerable,2485.6806640625
682210,-4.30304733017578,39.55052366293,0.29827696,vulnerable,2112.205810546875
682211,-4.30304733017578,39.55885699293,0.3066066,vulnerable,1459.7080078125
682213,-4.30304733017578,39.57552365293,0.28329527,vulnerable,2404.59765625
682315,-4.31138066017578,39.54219033293,0.33558723,poor,838.9095458984375
682316,-4.31138066017578,39.55052366293,0.33652171,poor,1076.2794189453125
682318,-4.31138066017578,39.56719032293,0.27793235,vulnerable,909.8525390625
682319,-4.31138066017578,39.57552365293,0.33435082,poor,2019.445556640625
682422,-4.319713990175781,39.56719032293,0.32889885,vulnerable,1514.4591064453125
682720,-4.34471398017578,39.55885699293,0.32062685,vulnerable,1467.9515380859375
682909,-4.36138064017578,39.55052366293,0.30908436,vulnerable,1029.06591796875
683234,-4.394713960175781,39.24219045293,0.6933771,severely poor,817.80322265625
683389,-4.411380620175781,39.12552383293,0.57305574,severely poor,836.5292358398438
683878,-4.46138060017578,39.46719036293,0.3845371,poor,1399.457275390625
683879,-4.46138060017578,39.47552369293,0.37850055,poor,1900.3255615234375
683880,-4.46138060017578,39.483857022929996,0.38974884,poor,935.57666015625
683945,-4.469713930175781,39.45885703293,0.39384982,poor,1175.621826171875
683948,-4.469713930175781,39.483857022929996,0.41187766,poor,1926.6461181640625
684013,-4.478047260175781,39.47552369293,0.37719655,poor,1915.489501953125
684113,-4.494713920175781,39.26719044293,0.49352744,poor,950.5054931640625
684348,-4.52804724017578,39.39219039293,0.42564338,poor,881.7508544921875
684455,-4.553047230175781,39.11719050293,0.5559932,severely poor,986.3003540039062
684456,-4.553047230175781,39.12552383293,0.54397345,severely poor,920.66796875
684651,-4.594713880175781,39.39219039293,0.4709345,poor,821.4131469726562
